{"type": "FeatureCollection", "crs": {"type": "name", "properties": {"name": "urn:ogc:def:crs:EPSG::3857"}}, "features": [{"type": "Feature", "geometry": {"type": "Polygon", "coordinates": [[[8639896.466366, 1450316.174683], [8639896.466366, 1450315.577519], [8639901.840844, 1450315.577519], [8639901.840844, 1450316.174683], [8639896.466366, 1450316.174683]]]}, "properties": {"class": "building", "value": 1}}, {"type": "Feature", "geometry": {"type": "Polygon", "coordinates": [[[8639943.04518, 1450316.174683], [8639943.04518, 1450315.577519], [8639951.40548, 1450315.577519], [8639951.40548, 1450316.174683], [8639943.04518, 1450316.174683]]]}, "properties": {"class": "building", "value": 1}}, {"type": "Feature", "geometry": {"type": "Polygon", "coordinates": [[[8639962.154437, 1450316.174683], [8639962.154437, 1450315.577519], [8639966.931751, 1450315.577519], [8639966.931751, 1450316.174683], [8639962.154437, 1450316.174683]]]}, "properties": {"class": "building", "value": 1}}, {"type": "Feature", "geometry": {"type": "Polygon", "coordinates": [[[8639964.543094, 1450314.980354], [8639964.543094, 1450313.786026], [8639965.140258, 1450313.786026], [8639965.140258, 1450314.38319], [8639966.334587, 1450314.38319], [8639966.334587, 1450314.980354], [8639964.543094, 1450314.980354]]]}, "properties": {"class": "building", "value": 1}}, {"type": "Feature", "geometry": {"type": "Polygon", "coordinates": [[[8639997.984294, 1450314.980354], [8639997.984294, 1450314.38319], [8639997.387129, 1450314.38319], [8639997.387129, 1450313.786026], [8639999.775787, 1450313.786026], [8639999.775787, 1450313.188862], [8640000.372951, 1450313.188862], [8640000.372951, 1450314.980354], [8639997.984294, 1450314.980354]]]}, "properties": {"class": "building", "value": 1}}, {"type": "Feature", "geometry": {"type": "Polygon", "coordinates": [[[8639994.401308, 1450316.174683], [8639994.401308, 1450315.577519], [8640006.344594, 1450315.577519], [8640006.344594, 1450314.980354], [8640002.761608, 1450314.980354], [8640002.761608, 1450313.786026], [8640003.358772, 1450313.786026], [8640003.358772, 1450313.188862], [8640008.136087, 1450313.188862], [8640008.136087, 1450313.786026], [8640008.733251, 1450313.786026], [8640008.733251, 1450314.38319], [8640009.927579, 1450314.38319], [8640009.927579, 1450313.786026], [8640011.121908, 1450313.786026], [8640011.121908, 1450313.188862], [8640011.719072, 1450313.188862], [8640011.719072, 1450312.591697], [8640015.302058, 1450312.591697], [8640015.302058, 1450311.994533], [8640017.093551, 1450311.994533], [8640017.093551, 1450312.591697], [8640018.287879, 1450312.591697], [8640018.287879, 1450311.994533], [8640020.079372, 1450311.994533], [8640020.079372, 1450312.591697], [8640021.273701, 1450312.591697], [8640021.273701, 1450313.188862], [8640023.065194, 1450313.188862], [8640023.065194, 1450313.786026], [8640024.259522, 1450313.786026], [8640024.259522, 1450314.38319], [8640021.273701, 1450314.38319], [8640021.273701, 1450314.980354], [8640020.079372, 1450314.980354], [8640020.079372, 1450314.38319], [8640018.287879, 1450314.38319], [8640018.287879, 1450314.980354], [8640017.690715, 1450314.980354], [8640017.690715, 1450315.577519], [8640018.885044, 1450315.577519], [8640018.885044, 1450316.174683], [8639994.401308, 1450316.174683]], [[8640009.330415, 1450315.577519], [8640010.524744, 1450315.577519], [8640010.524744, 1450314.980354], [8640009.330415, 1450314.980354], [8640009.330415, 1450315.577519]]]}, "properties": {"class": "building", "value": 1}}, {"type": "Feature", "geometry": {"type": "Polygon", "coordinates": [[[8640085.170279, 1450304.828562], [8640085.170279, 1450304.231397], [8640084.573115, 1450304.231397], [8640084.573115, 1450303.634233], [8640086.961772, 1450303.634233], [8640086.961772, 1450303.037069], [8640088.156101, 1450303.037069], [8640088.156101, 1450303.634233], [8640088.753265, 1450303.634233], [8640088.753265, 1450304.231397], [8640085.767443, 1450304.231397], [8640085.767443, 1450304.828562], [8640085.170279, 1450304.828562]]]}, "properties": {"class": "building", "value": 1}}, {"type": "Feature", "geometry": {"type": "Polygon", "coordinates": [[[8640134.13775, 1450293.48244], [8640134.13775, 1450292.885276], [8640134.734915, 1450292.885276], [8640134.734915, 1450293.48244], [8640134.13775, 1450293.48244]]]}, "properties": {"class": "building", "value": 1}}, {"type": "Feature", "geometry": {"type": "Polygon", "coordinates": [[[8640054.117736, 1450261.235569], [8640054.117736, 1450260.638405], [8640054.714901, 1450260.638405], [8640054.714901, 1450261.235569], [8640054.117736, 1450261.235569]]]}, "properties": {"class": "building", "value": 1}}, {"type": "Feature", "geometry": {"type": "Polygon", "coordinates": [[[8639834.36128, 1450217.045412], [8639834.36128, 1450216.448248], [8639835.555609, 1450216.448248], [8639835.555609, 1450217.045412], [8639834.36128, 1450217.045412]]]}, "properties": {"class": "building", "value": 1}}, {"type": "Feature", "geometry": {"type": "Polygon", "coordinates": [[[8639914.381294, 1450210.476605], [8639914.381294, 1450209.87944], [8639914.978458, 1450209.87944], [8639914.978458, 1450210.476605], [8639914.381294, 1450210.476605]]]}, "properties": {"class": "building", "value": 1}}, {"type": "Feature", "geometry": {"type": "Polygon", "coordinates": [[[8639916.769951, 1450210.476605], [8639916.769951, 1450209.87944], [8639917.367115, 1450209.87944], [8639917.367115, 1450210.476605], [8639916.769951, 1450210.476605]]]}, "properties": {"class": "building", "value": 1}}, {"type": "Feature", "geometry": {"type": "Polygon", "coordinates": [[[8639997.984294, 1450210.476605], [8639997.984294, 1450209.87944], [8639998.581458, 1450209.87944], [8639998.581458, 1450210.476605], [8639997.984294, 1450210.476605]]]}, "properties": {"class": "building", "value": 1}}, {"type": "Feature", "geometry": {"type": "Polygon", "coordinates": [[[8640099.502222, 1450200.921976], [8640099.502222, 1450200.324812], [8640100.69655, 1450200.324812], [8640100.69655, 1450200.921976], [8640099.502222, 1450200.921976]]]}, "properties": {"class": "building", "value": 1}}, {"type": "Feature", "geometry": {"type": "Polygon", "coordinates": [[[8640122.194465, 1450198.533319], [8640122.194465, 1450197.936155], [8640123.388793, 1450197.936155], [8640123.388793, 1450198.533319], [8640122.194465, 1450198.533319]]]}, "properties": {"class": "building", "value": 1}}, {"type": "Feature", "geometry": {"type": "Polygon", "coordinates": [[[8639830.18113, 1450316.174683], [8639830.18113, 1450214.05959], [8639830.778294, 1450214.05959], [8639830.778294, 1450219.434069], [8639831.375459, 1450219.434069], [8639831.375459, 1450218.836905], [8639834.958444, 1450218.836905], [8639834.958444, 1450219.434069], [8639837.944266, 1450219.434069], [8639837.944266, 1450220.031233], [8639838.54143, 1450220.031233], [8639838.54143, 1450218.836905], [8639840.332923, 1450218.836905], [8639840.332923, 1450219.434069], [8639840.930087, 1450219.434069], [8639840.930087, 1450218.836905], [8639842.124416, 1450218.836905], [8639842.124416, 1450219.434069], [8639841.527251, 1450219.434069], [8639841.527251, 1450220.031233], [8639842.72158, 1450220.031233], [8639842.72158, 1450218.836905], [8639844.513073, 1450218.836905], [8639844.513073, 1450219.434069], [8639845.110237, 1450219.434069], [8639845.110237, 1450220.031233], [8639846.304566, 1450220.031233], [8639846.304566, 1450220.628398], [8639847.498894, 1450220.628398], [8639847.498894, 1450220.031233], [8639848.693223, 1450220.031233], [8639848.693223, 1450220.628398], [8639849.290387, 1450220.628398], [8639849.290387, 1450220.031233], [8639850.484716, 1450220.031233], [8639850.484716, 1450220.628398], [8639854.664866, 1450220.628398], [8639854.664866, 1450221.225562], [8639860.636508, 1450221.225562], [8639860.636508, 1450221.822726], [8639864.219494, 1450221.822726], [8639864.219494, 1450221.225562], [8639866.010987, 1450221.225562], [8639866.010987, 1450221.822726], [8639867.205316, 1450221.822726], [8639867.205316, 1450221.225562], [8639868.399644, 1450221.225562], [8639868.399644, 1450220.628398], [8639868.996808, 1450220.628398], [8639868.996808, 1450220.031233], [8639868.399644, 1450220.031233], [8639868.399644, 1450219.434069], [8639868.996808, 1450219.434069], [8639868.996808, 1450218.836905], [8639870.191137, 1450218.836905], [8639870.191137, 1450218.23974], [8639872.579794, 1450218.23974], [8639872.579794, 1450217.642576], [8639874.968451, 1450217.642576], [8639874.968451, 1450217.045412], [8639879.148601, 1450217.045412], [8639879.148601, 1450216.448248], [8639880.34293, 1450216.448248], [8639880.34293, 1450217.045412], [8639883.328751, 1450217.045412], [8639883.328751, 1450217.642576], [8639891.091887, 1450217.642576], [8639891.091887, 1450218.23974], [8639895.869201, 1450218.23974], [8639895.869201, 1450217.642576], [8639897.06353, 1450217.642576], [8639897.06353, 1450217.045412], [8639898.855023, 1450217.045412], [8639898.855023, 1450215.851083], [8639900.646515, 1450215.851083], [8639900.646515, 1450215.253919], [8639898.855023, 1450215.253919], [8639898.855023, 1450214.656755], [8639900.049351, 1450214.656755], [8639900.049351, 1450214.05959], [8639901.840844, 1450214.05959], [8639901.840844, 1450213.462426], [8639903.035173, 1450213.462426], [8639903.035173, 1450214.05959], [8639903.632337, 1450214.05959], [8639903.632337, 1450213.462426], [8639907.215323, 1450213.462426], [8639907.215323, 1450212.865262], [8639909.006815, 1450212.865262], [8639909.006815, 1450212.268098], [8639910.201144, 1450212.268098], [8639910.201144, 1450211.670933], [8639912.589801, 1450211.670933], [8639912.589801, 1450211.073769], [8639919.158608, 1450211.073769], [8639919.158608, 1450211.670933], [8639921.547265, 1450211.670933], [8639921.547265, 1450212.268098], [8639925.727415, 1450212.268098], [8639925.727415, 1450213.462426], [8639926.921744, 1450213.462426], [8639926.921744, 1450212.268098], [8639928.116073, 1450212.268098], [8639928.116073, 1450212.865262], [8639929.907565, 1450212.865262], [8639929.907565, 1450213.462426], [8639931.101894, 1450213.462426], [8639931.101894, 1450214.05959], [8639931.699058, 1450214.05959], [8639931.699058, 1450213.462426], [8639935.282044, 1450213.462426], [8639935.282044, 1450212.865262], [8639936.476372, 1450212.865262], [8639936.476372, 1450212.268098], [8639945.433837, 1450212.268098], [8639945.433837, 1450211.670933], [8639947.22533, 1450211.670933], [8639947.22533, 1450211.073769], [8639949.613987, 1450211.073769], [8639949.613987, 1450209.87944], [8639958.571451, 1450209.87944], [8639958.571451, 1450209.282276], [8639960.960108, 1450209.282276], [8639960.960108, 1450209.87944], [8639971.111901, 1450209.87944], [8639971.111901, 1450211.073769], [8639972.30623, 1450211.073769], [8639972.30623, 1450211.670933], [8639980.069365, 1450211.670933], [8639980.069365, 1450211.073769], [8639981.263694, 1450211.073769], [8639981.263694, 1450210.476605], [8639982.458022, 1450210.476605], [8639982.458022, 1450209.87944], [8639987.235337, 1450209.87944], [8639987.235337, 1450209.282276], [8639995.595637, 1450209.282276], [8639995.595637, 1450209.87944], [8639997.387129, 1450209.87944], [8639997.387129, 1450210.476605], [8639996.789965, 1450210.476605], [8639996.789965, 1450211.073769], [8639999.178622, 1450211.073769], [8639999.178622, 1450209.87944], [8639999.775787, 1450209.87944], [8639999.775787, 1450211.073769], [8640000.372951, 1450211.073769], [8640000.372951, 1450211.670933], [8640001.567279, 1450211.670933], [8640001.567279, 1450212.268098], [8640002.164444, 1450212.268098], [8640002.164444, 1450212.865262], [8640001.567279, 1450212.865262], [8640001.567279, 1450213.462426], [8640000.970115, 1450213.462426], [8640000.970115, 1450214.656755], [8640001.567279, 1450214.656755], [8640001.567279, 1450215.253919], [8640000.970115, 1450215.253919], [8640000.970115, 1450215.851083], [8640001.567279, 1450215.851083], [8640001.567279, 1450216.448248], [8640002.164444, 1450216.448248], [8640002.164444, 1450217.045412], [8640003.358772, 1450217.045412], [8640003.358772, 1450217.642576], [8640004.553101, 1450217.642576], [8640004.553101, 1450218.23974], [8640005.747429, 1450218.23974], [8640005.747429, 1450218.836905], [8640006.941758, 1450218.836905], [8640006.941758, 1450219.434069], [8640012.913401, 1450219.434069], [8640012.913401, 1450218.836905], [8640012.316237, 1450218.836905], [8640012.316237, 1450218.23974], [8640015.302058, 1450218.23974], [8640015.302058, 1450217.045412], [8640015.899222, 1450217.045412], [8640015.899222, 1450215.851083], [8640015.302058, 1450215.851083], [8640015.302058, 1450215.253919], [8640014.704894, 1450215.253919], [8640014.704894, 1450214.05959], [8640014.107729, 1450214.05959], [8640014.107729, 1450211.670933], [8640014.704894, 1450211.670933], [8640014.704894, 1450211.073769], [8640015.302058, 1450211.073769], [8640015.302058, 1450210.476605], [8640015.899222, 1450210.476605], [8640015.899222, 1450209.87944], [8640016.496386, 1450209.87944], [8640016.496386, 1450209.282276], [8640017.093551, 1450209.282276], [8640017.093551, 1450208.685112], [8640017.690715, 1450208.685112], [8640017.690715, 1450208.087948], [8640018.287879, 1450208.087948], [8640018.287879, 1450207.490783], [8640021.870865, 1450207.490783], [8640021.870865, 1450206.893619], [8640024.259522, 1450206.893619], [8640024.259522, 1450206.296455], [8640025.453851, 1450206.296455], [8640025.453851, 1450205.69929], [8640026.648179, 1450205.69929], [8640026.648179, 1450205.102126], [8640033.814151, 1450205.102126], [8640033.814151, 1450204.504962], [8640039.785794, 1450204.504962], [8640039.785794, 1450205.102126], [8640041.577286, 1450205.102126], [8640041.577286, 1450205.69929], [8640042.174451, 1450205.69929], [8640042.174451, 1450206.296455], [8640040.980122, 1450206.296455], [8640040.980122, 1450206.893619], [8640040.382958, 1450206.893619], [8640040.382958, 1450207.490783], [8640047.548929, 1450207.490783], [8640047.548929, 1450206.893619], [8640048.146094, 1450206.893619], [8640048.146094, 1450207.490783], [8640053.520572, 1450207.490783], [8640053.520572, 1450206.893619], [8640054.714901, 1450206.893619], [8640054.714901, 1450206.296455], [8640057.700722, 1450206.296455], [8640057.700722, 1450207.490783], [8640068.449679, 1450207.490783], [8640068.449679, 1450208.087948], [8640069.046843, 1450208.087948], [8640069.046843, 1450208.685112], [8640070.241172, 1450208.685112], [8640070.241172, 1450209.282276], [8640072.032665, 1450209.282276], [8640072.032665, 1450209.87944], [8640073.226993, 1450209.87944], [8640073.226993, 1450210.476605], [8640073.824158, 1450210.476605], [8640073.824158, 1450211.073769], [8640075.018486, 1450211.073769], [8640075.018486, 1450211.670933], [8640078.601472, 1450211.670933], [8640078.601472, 1450212.268098], [8640080.392965, 1450212.268098], [8640080.392965, 1450212.865262], [8640084.573115, 1450212.865262], [8640084.573115, 1450213.462426], [8640086.364608, 1450213.462426], [8640086.364608, 1450212.268098], [8640088.753265, 1450212.268098], [8640088.753265, 1450211.670933], [8640089.350429, 1450211.670933], [8640089.350429, 1450212.268098], [8640091.141922, 1450212.268098], [8640091.141922, 1450211.670933], [8640090.544758, 1450211.670933], [8640090.544758, 1450211.073769], [8640091.141922, 1450211.073769], [8640091.141922, 1450208.685112], [8640092.933415, 1450208.685112], [8640092.933415, 1450208.087948], [8640092.33625, 1450208.087948], [8640092.33625, 1450207.490783], [8640092.933415, 1450207.490783], [8640092.933415, 1450206.296455], [8640093.530579, 1450206.296455], [8640093.530579, 1450205.102126], [8640094.127743, 1450205.102126], [8640094.127743, 1450205.69929], [8640094.724908, 1450205.69929], [8640094.724908, 1450205.102126], [8640095.322072, 1450205.102126], [8640095.322072, 1450204.504962], [8640094.724908, 1450204.504962], [8640094.724908, 1450203.907798], [8640095.919236, 1450203.907798], [8640095.919236, 1450202.713469], [8640098.905058, 1450202.713469], [8640098.905058, 1450201.519141], [8640100.69655, 1450201.519141], [8640100.69655, 1450202.713469], [8640103.682372, 1450202.713469], [8640103.682372, 1450202.116305], [8640106.668193, 1450202.116305], [8640106.668193, 1450201.519141], [8640104.279536, 1450201.519141], [8640104.279536, 1450200.921976], [8640107.862522, 1450200.921976], [8640107.862522, 1450200.324812], [8640109.05685, 1450200.324812], [8640109.05685, 1450198.533319], [8640111.445508, 1450198.533319], [8640111.445508, 1450197.936155], [8640113.834165, 1450197.936155], [8640113.834165, 1450197.338991], [8640119.208643, 1450197.338991], [8640119.208643, 1450197.936155], [8640120.402972, 1450197.936155], [8640120.402972, 1450198.533319], [8640121.000136, 1450198.533319], [8640121.000136, 1450199.130483], [8640122.194465, 1450199.130483], [8640122.194465, 1450199.727648], [8640125.77745, 1450199.727648], [8640125.77745, 1450199.130483], [8640126.971779, 1450199.130483], [8640126.971779, 1450199.727648], [8640128.763272, 1450199.727648], [8640128.763272, 1450199.130483], [8640129.9576, 1450199.130483], [8640129.9576, 1450198.533319], [8640131.749093, 1450198.533319], [8640131.749093, 1450197.936155], [8640132.346257, 1450197.936155], [8640132.346257, 1450198.533319], [8640133.540586, 1450198.533319], [8640133.540586, 1450200.921976], [8640134.13775, 1450200.921976], [8640134.13775, 1450201.519141], [8640135.332079, 1450201.519141], [8640135.332079, 1450199.727648], [8640135.929243, 1450199.727648], [8640135.929243, 1450316.174683], [8640079.795801, 1450316.174683], [8640079.795801, 1450315.577519], [8640082.781622, 1450315.577519], [8640082.781622, 1450314.980354], [8640078.601472, 1450314.980354], [8640078.601472, 1450314.38319], [8640078.004308, 1450314.38319], [8640078.004308, 1450312.591697], [8640080.990129, 1450312.591697], [8640080.990129, 1450311.994533], [8640082.184458, 1450311.994533], [8640082.184458, 1450310.20304], [8640083.975951, 1450310.20304], [8640083.975951, 1450308.411547], [8640085.767443, 1450308.411547], [8640085.767443, 1450307.814383], [8640086.364608, 1450307.814383], [8640086.364608, 1450307.217219], [8640087.558936, 1450307.217219], [8640087.558936, 1450306.620054], [8640088.156101, 1450306.620054], [8640088.156101, 1450306.02289], [8640088.753265, 1450306.02289], [8640088.753265, 1450304.231397], [8640092.33625, 1450304.231397], [8640092.33625, 1450304.828562], [8640092.933415, 1450304.828562], [8640092.933415, 1450305.425726], [8640094.127743, 1450305.425726], [8640094.127743, 1450306.02289], [8640094.724908, 1450306.02289], [8640094.724908, 1450309.605876], [8640097.710729, 1450309.605876], [8640097.710729, 1450310.20304], [8640100.69655, 1450310.20304], [8640100.69655, 1450310.800204], [8640101.293715, 1450310.800204], [8640101.293715, 1450309.605876], [8640106.668193, 1450309.605876], [8640106.668193, 1450309.008712], [8640107.265358, 1450309.008712], [8640107.265358, 1450309.605876], [8640107.862522, 1450309.605876], [8640107.862522, 1450309.008712], [8640109.654015, 1450309.008712], [8640109.654015, 1450308.411547], [8640113.237, 1450308.411547], [8640113.237, 1450307.217219], [8640113.834165, 1450307.217219], [8640113.834165, 1450306.02289], [8640115.625658, 1450306.02289], [8640115.625658, 1450305.425726], [8640116.222822, 1450305.425726], [8640116.222822, 1450306.02289], [8640116.819986, 1450306.02289], [8640116.819986, 1450305.425726], [8640118.014315, 1450305.425726], [8640118.014315, 1450306.02289], [8640119.805808, 1450306.02289], [8640119.805808, 1450306.620054], [8640121.5973, 1450306.620054], [8640121.5973, 1450305.425726], [8640122.791629, 1450305.425726], [8640122.791629, 1450304.828562], [8640123.388793, 1450304.828562], [8640123.388793, 1450303.634233], [8640122.791629, 1450303.634233], [8640122.791629, 1450303.037069], [8640123.388793, 1450303.037069], [8640123.388793, 1450302.439904], [8640123.985958, 1450302.439904], [8640123.985958, 1450301.84274], [8640126.374615, 1450301.84274], [8640126.374615, 1450301.245576], [8640126.971779, 1450301.245576], [8640126.971779, 1450300.648412], [8640128.166107, 1450300.648412], [8640128.166107, 1450299.454083], [8640129.9576, 1450299.454083], [8640129.9576, 1450298.856919], [8640129.360436, 1450298.856919], [8640129.360436, 1450296.468262], [8640130.554765, 1450296.468262], [8640130.554765, 1450297.66259], [8640131.151929, 1450297.66259], [8640131.151929, 1450298.259754], [8640131.749093, 1450298.259754], [8640131.749093, 1450299.454083], [8640132.346257, 1450299.454083], [8640132.346257, 1450300.648412], [8640132.943422, 1450300.648412], [8640132.943422, 1450301.84274], [8640133.540586, 1450301.84274], [8640133.540586, 1450302.439904], [8640135.332079, 1450302.439904], [8640135.332079, 1450295.871097], [8640134.734915, 1450295.871097], [8640134.734915, 1450295.273933], [8640135.332079, 1450295.273933], [8640135.332079, 1450292.288112], [8640134.13775, 1450292.288112], [8640134.13775, 1450291.690947], [8640132.346257, 1450291.690947], [8640132.346257, 1450292.288112], [8640131.749093, 1450292.288112], [8640131.749093, 1450293.48244], [8640129.9576, 1450293.48244], [8640129.9576, 1450292.885276], [8640130.554765, 1450292.885276], [8640130.554765, 1450292.288112], [8640129.9576, 1450292.288112], [8640129.9576, 1450291.093783], [8640128.763272, 1450291.093783], [8640128.763272, 1450290.496619], [8640128.166107, 1450290.496619], [8640128.166107, 1450289.30229], [8640125.180286, 1450289.30229], [8640125.180286, 1450290.496619], [8640124.583122, 1450290.496619], [8640124.583122, 1450291.690947], [8640122.194465, 1450291.690947], [8640122.194465, 1450291.093783], [8640119.208643, 1450291.093783], [8640119.208643, 1450290.496619], [8640116.222822, 1450290.496619], [8640116.222822, 1450289.899454], [8640113.834165, 1450289.899454], [8640113.834165, 1450290.496619], [8640110.848343, 1450290.496619], [8640110.848343, 1450291.093783], [8640110.251179, 1450291.093783], [8640110.251179, 1450290.496619], [8640109.654015, 1450290.496619], [8640109.654015, 1450291.690947], [8640109.05685, 1450291.690947], [8640109.05685, 1450292.288112], [8640106.668193, 1450292.288112], [8640106.668193, 1450291.093783], [8640106.071029, 1450291.093783], [8640106.071029, 1450287.510797], [8640105.473865, 1450287.510797], [8640105.473865, 1450286.913633], [8640104.8767, 1450286.913633], [8640104.8767, 1450286.316469], [8640103.682372, 1450286.316469], [8640103.682372, 1450285.719304], [8640103.085208, 1450285.719304], [8640103.085208, 1450285.12214], [8640102.488043, 1450285.12214], [8640102.488043, 1450284.524976], [8640101.890879, 1450284.524976], [8640101.890879, 1450283.927812], [8640101.293715, 1450283.927812], [8640101.293715, 1450282.733483], [8640100.69655, 1450282.733483], [8640100.69655, 1450282.136319], [8640100.099386, 1450282.136319], [8640100.099386, 1450280.94199], [8640099.502222, 1450280.94199], [8640099.502222, 1450278.553333], [8640098.307893, 1450278.553333], [8640098.307893, 1450277.956169], [8640097.710729, 1450277.956169], [8640097.710729, 1450277.359005], [8640097.113565, 1450277.359005], [8640097.113565, 1450275.567512], [8640096.5164, 1450275.567512], [8640096.5164, 1450274.970347], [8640095.919236, 1450274.970347], [8640095.919236, 1450274.373183], [8640094.724908, 1450274.373183], [8640094.724908, 1450273.776019], [8640093.530579, 1450273.776019], [8640093.530579, 1450273.178855], [8640091.739086, 1450273.178855], [8640091.739086, 1450274.373183], [8640091.141922, 1450274.373183], [8640091.141922, 1450275.567512], [8640090.544758, 1450275.567512], [8640090.544758, 1450276.164676], [8640089.947593, 1450276.164676], [8640089.947593, 1450276.76184], [8640090.544758, 1450276.76184], [8640090.544758, 1450278.553333], [8640091.141922, 1450278.553333], [8640091.141922, 1450282.136319], [8640089.947593, 1450282.136319], [8640089.947593, 1450286.316469], [8640091.141922, 1450286.316469], [8640091.141922, 1450289.30229], [8640089.350429, 1450289.30229], [8640089.350429, 1450290.496619], [8640088.156101, 1450290.496619], [8640088.156101, 1450291.093783], [8640086.961772, 1450291.093783], [8640086.961772, 1450293.48244], [8640085.767443, 1450293.48244], [8640085.767443, 1450294.079604], [8640086.364608, 1450294.079604], [8640086.364608, 1450294.676769], [8640087.558936, 1450294.676769], [8640087.558936, 1450294.079604], [8640088.156101, 1450294.079604], [8640088.156101, 1450294.676769], [8640089.947593, 1450294.676769], [8640089.947593, 1450295.273933], [8640091.141922, 1450295.273933], [8640091.141922, 1450297.66259], [8640090.544758, 1450297.66259], [8640090.544758, 1450298.259754], [8640091.141922, 1450298.259754], [8640091.141922, 1450300.648412], [8640091.739086, 1450300.648412], [8640091.739086, 1450300.051247], [8640092.33625, 1450300.051247], [8640092.33625, 1450301.84274], [8640092.933415, 1450301.84274], [8640092.933415, 1450301.245576], [8640093.530579, 1450301.245576], [8640093.530579, 1450302.439904], [8640092.933415, 1450302.439904], [8640092.933415, 1450303.037069], [8640092.33625, 1450303.037069], [8640092.33625, 1450303.634233], [8640091.141922, 1450303.634233], [8640091.141922, 1450303.037069], [8640090.544758, 1450303.037069], [8640090.544758, 1450302.439904], [8640089.947593, 1450302.439904], [8640089.947593, 1450301.84274], [8640090.544758, 1450301.84274], [8640090.544758, 1450301.245576], [8640088.753265, 1450301.245576], [8640088.753265, 1450302.439904], [8640086.364608, 1450302.439904], [8640086.364608, 1450301.245576], [8640084.573115, 1450301.245576], [8640084.573115, 1450301.84274], [8640083.975951, 1450301.84274], [8640083.975951, 1450302.439904], [8640082.184458, 1450302.439904], [8640082.184458, 1450301.84274], [8640076.809979, 1450301.84274], [8640076.809979, 1450301.245576], [8640076.212815, 1450301.245576], [8640076.212815, 1450300.648412], [8640073.824158, 1450300.648412], [8640073.824158, 1450301.245576], [8640071.435501, 1450301.245576], [8640071.435501, 1450300.648412], [8640070.241172, 1450300.648412], [8640070.241172, 1450300.051247], [8640068.449679, 1450300.051247], [8640068.449679, 1450300.648412], [8640067.255351, 1450300.648412], [8640067.255351, 1450301.245576], [8640063.672365, 1450301.245576], [8640063.672365, 1450301.84274], [8640060.686543, 1450301.84274], [8640060.686543, 1450302.439904], [8640058.297886, 1450302.439904], [8640058.297886, 1450301.84274], [8640055.312065, 1450301.84274], [8640055.312065, 1450302.439904], [8640052.923408, 1450302.439904], [8640052.923408, 1450301.84274], [8640049.937586, 1450301.84274], [8640049.937586, 1450301.245576], [8640048.146094, 1450301.245576], [8640048.146094, 1450300.648412], [8640047.548929, 1450300.648412], [8640047.548929, 1450300.051247], [8640043.965944, 1450300.051247], [8640043.965944, 1450299.454083], [8640041.577286, 1450299.454083], [8640041.577286, 1450300.051247], [8640040.980122, 1450300.051247], [8640040.980122, 1450300.648412], [8640040.382958, 1450300.648412], [8640040.382958, 1450301.245576], [8640039.785794, 1450301.245576], [8640039.785794, 1450302.439904], [8640039.188629, 1450302.439904], [8640039.188629, 1450303.037069], [8640037.397136, 1450303.037069], [8640037.397136, 1450303.634233], [8640034.411315, 1450303.634233], [8640034.411315, 1450303.037069], [8640030.828329, 1450303.037069], [8640030.828329, 1450302.439904], [8640025.453851, 1450302.439904], [8640025.453851, 1450303.037069], [8640023.662358, 1450303.037069], [8640023.662358, 1450303.634233], [8640022.468029, 1450303.634233], [8640022.468029, 1450304.231397], [8640017.690715, 1450304.231397], [8640017.690715, 1450304.828562], [8640015.899222, 1450304.828562], [8640015.899222, 1450305.425726], [8640015.302058, 1450305.425726], [8640015.302058, 1450304.828562], [8640008.733251, 1450304.828562], [8640008.733251, 1450305.425726], [8640006.941758, 1450305.425726], [8640006.941758, 1450306.02289], [8640002.164444, 1450306.02289], [8640002.164444, 1450305.425726], [8639998.581458, 1450305.425726], [8639998.581458, 1450304.828562], [8639996.192801, 1450304.828562], [8639996.192801, 1450303.634233], [8639995.595637, 1450303.634233], [8639995.595637, 1450303.037069], [8639994.998472, 1450303.037069], [8639994.998472, 1450302.439904], [8639994.401308, 1450302.439904], [8639994.401308, 1450301.84274], [8639993.206979, 1450301.84274], [8639993.206979, 1450300.648412], [8639992.609815, 1450300.648412], [8639992.609815, 1450297.66259], [8639993.206979, 1450297.66259], [8639993.206979, 1450294.079604], [8639993.804144, 1450294.079604], [8639993.804144, 1450292.885276], [8639993.206979, 1450292.885276], [8639993.206979, 1450291.093783], [8639992.609815, 1450291.093783], [8639992.609815, 1450290.496619], [8639990.818322, 1450290.496619], [8639990.818322, 1450289.899454], [8639989.026829, 1450289.899454], [8639989.026829, 1450289.30229], [8639984.846679, 1450289.30229], [8639984.846679, 1450288.705126], [8639983.055187, 1450288.705126], [8639983.055187, 1450288.107962], [8639981.263694, 1450288.107962], [8639981.263694, 1450288.705126], [8639980.069365, 1450288.705126], [8639980.069365, 1450292.885276], [8639979.472201, 1450292.885276], [8639979.472201, 1450298.259754], [8639980.069365, 1450298.259754], [8639980.069365, 1450300.051247], [8639980.666529, 1450300.051247], [8639980.666529, 1450301.84274], [8639979.472201, 1450301.84274], [8639979.472201, 1450302.439904], [8639978.875037, 1450302.439904], [8639978.875037, 1450303.037069], [8639978.277872, 1450303.037069], [8639978.277872, 1450306.02289], [8639977.680708, 1450306.02289], [8639977.680708, 1450306.620054], [8639977.083544, 1450306.620054], [8639977.083544, 1450307.217219], [8639976.486379, 1450307.217219], [8639976.486379, 1450307.814383], [8639975.889215, 1450307.814383], [8639975.889215, 1450308.411547], [8639975.292051, 1450308.411547], [8639975.292051, 1450309.008712], [8639974.097722, 1450309.008712], [8639974.097722, 1450309.605876], [8639966.931751, 1450309.605876], [8639966.931751, 1450309.008712], [8639965.737422, 1450309.008712], [8639965.737422, 1450308.411547], [8639963.348765, 1450308.411547], [8639963.348765, 1450307.814383], [8639962.751601, 1450307.814383], [8639962.751601, 1450307.217219], [8639957.974287, 1450307.217219], [8639957.974287, 1450306.620054], [8639956.182794, 1450306.620054], [8639956.182794, 1450306.02289], [8639950.211151, 1450306.02289], [8639950.211151, 1450306.620054], [8639949.016822, 1450306.620054], [8639949.016822, 1450307.217219], [8639947.22533, 1450307.217219], [8639947.22533, 1450307.814383], [8639946.628165, 1450307.814383], [8639946.628165, 1450308.411547], [8639937.670701, 1450308.411547], [8639937.670701, 1450309.008712], [8639936.476372, 1450309.008712], [8639936.476372, 1450309.605876], [8639933.490551, 1450309.605876], [8639933.490551, 1450309.008712], [8639932.296223, 1450309.008712], [8639932.296223, 1450308.411547], [8639926.32458, 1450308.411547], [8639926.32458, 1450307.814383], [8639924.533087, 1450307.814383], [8639924.533087, 1450307.217219], [8639922.741594, 1450307.217219], [8639922.741594, 1450306.620054], [8639922.14443, 1450306.620054], [8639922.14443, 1450305.425726], [8639921.547265, 1450305.425726], [8639921.547265, 1450304.231397], [8639919.158608, 1450304.231397], [8639919.158608, 1450304.828562], [8639918.561444, 1450304.828562], [8639918.561444, 1450304.231397], [8639917.367115, 1450304.231397], [8639917.367115, 1450303.634233], [8639916.172787, 1450303.634233], [8639916.172787, 1450304.231397], [8639914.978458, 1450304.231397], [8639914.978458, 1450304.828562], [8639914.381294, 1450304.828562], [8639914.381294, 1450305.425726], [8639913.78413, 1450305.425726], [8639913.78413, 1450306.02289], [8639913.186965, 1450306.02289], [8639913.186965, 1450306.620054], [8639909.006815, 1450306.620054], [8639909.006815, 1450307.217219], [8639906.618158, 1450307.217219], [8639906.618158, 1450306.620054], [8639902.438008, 1450306.620054], [8639902.438008, 1450307.217219], [8639900.646515, 1450307.217219], [8639900.646515, 1450307.814383], [8639899.452187, 1450307.814383], [8639899.452187, 1450308.411547], [8639896.466366, 1450308.411547], [8639896.466366, 1450307.814383], [8639893.480544, 1450307.814383], [8639893.480544, 1450307.217219], [8639890.494723, 1450307.217219], [8639890.494723, 1450306.620054], [8639889.300394, 1450306.620054], [8639889.300394, 1450306.02289], [8639883.925916, 1450306.02289], [8639883.925916, 1450306.620054], [8639882.731587, 1450306.620054], [8639882.731587, 1450307.217219], [8639877.357108, 1450307.217219], [8639877.357108, 1450307.814383], [8639876.759944, 1450307.814383], [8639876.759944, 1450307.217219], [8639875.565616, 1450307.217219], [8639875.565616, 1450307.814383], [8639874.371287, 1450307.814383], [8639874.371287, 1450308.411547], [8639871.385466, 1450308.411547], [8639871.385466, 1450307.814383], [8639868.996808, 1450307.814383], [8639868.996808, 1450307.217219], [8639863.025166, 1450307.217219], [8639863.025166, 1450307.814383], [8639861.830837, 1450307.814383], [8639861.830837, 1450308.411547], [8639859.44218, 1450308.411547], [8639859.44218, 1450309.008712], [8639855.26203, 1450309.008712], [8639855.26203, 1450308.411547], [8639851.679044, 1450308.411547], [8639851.679044, 1450307.814383], [8639849.887551, 1450307.814383], [8639849.887551, 1450307.217219], [8639847.498894, 1450307.217219], [8639847.498894, 1450306.620054], [8639843.915909, 1450306.620054], [8639843.915909, 1450307.217219], [8639843.318744, 1450307.217219], [8639843.318744, 1450308.411547], [8639841.527251, 1450308.411547], [8639841.527251, 1450309.605876], [8639840.930087, 1450309.605876], [8639840.930087, 1450310.20304], [8639840.332923, 1450310.20304], [8639840.332923, 1450310.800204], [8639839.735759, 1450310.800204], [8639839.735759, 1450311.397369], [8639839.138594, 1450311.397369], [8639839.138594, 1450311.994533], [8639839.735759, 1450311.994533], [8639839.735759, 1450312.591697], [8639840.332923, 1450312.591697], [8639840.332923, 1450313.188862], [8639841.527251, 1450313.188862], [8639841.527251, 1450313.786026], [8639842.72158, 1450313.786026], [8639842.72158, 1450314.980354], [8639841.527251, 1450314.980354], [8639841.527251, 1450314.38319], [8639840.930087, 1450314.38319], [8639840.930087, 1450314.980354], [8639839.138594, 1450314.980354], [8639839.138594, 1450315.577519], [8639843.915909, 1450315.577519], [8639843.915909, 1450316.174683], [8639830.18113, 1450316.174683]], [[8639830.778294, 1450315.577519], [8639831.375459, 1450315.577519], [8639831.375459, 1450314.980354], [8639830.778294, 1450314.980354], [8639830.778294, 1450315.577519]], [[8640123.985958, 1450304.231397], [8640124.583122, 1450304.231397], [8640124.583122, 1450303.634233], [8640123.985958, 1450303.634233], [8640123.985958, 1450304.231397]], [[8640125.180286, 1450303.037069], [8640125.77745, 1450303.037069], [8640125.77745, 1450302.439904], [8640125.180286, 1450302.439904], [8640125.180286, 1450303.037069]], [[8640126.374615, 1450303.037069], [8640126.971779, 1450303.037069], [8640126.971779, 1450302.439904], [8640126.374615, 1450302.439904], [8640126.374615, 1450303.037069]], [[8640085.767443, 1450297.065426], [8640086.364608, 1450297.065426], [8640086.364608, 1450295.273933], [8640085.767443, 1450295.273933], [8640085.767443, 1450294.676769], [8640085.170279, 1450294.676769], [8640085.170279, 1450295.871097], [8640085.767443, 1450295.871097], [8640085.767443, 1450297.065426]], [[8639975.889215, 1450278.553333], [8639976.486379, 1450278.553333], [8639976.486379, 1450277.956169], [8639977.680708, 1450277.956169], [8639977.680708, 1450277.359005], [8639978.277872, 1450277.359005], [8639978.277872, 1450276.76184], [8639978.875037, 1450276.76184], [8639978.875037, 1450275.567512], [8639980.069365, 1450275.567512], [8639980.069365, 1450273.776019], [8639980.666529, 1450273.776019], [8639980.666529, 1450273.178855], [8639981.263694, 1450273.178855], [8639981.263694, 1450272.58169], [8639981.860858, 1450272.58169], [8639981.860858, 1450271.387362], [8639983.055187, 1450271.387362], [8639983.055187, 1450270.790197], [8639984.249515, 1450270.790197], [8639984.249515, 1450270.193033], [8639983.652351, 1450270.193033], [8639983.652351, 1450268.998705], [8639986.041008, 1450268.998705], [8639986.041008, 1450268.40154], [8639987.832501, 1450268.40154], [8639987.832501, 1450267.804376], [8639992.012651, 1450267.804376], [8639992.012651, 1450266.610047], [8639992.609815, 1450266.610047], [8639992.609815, 1450267.804376], [8639993.804144, 1450267.804376], [8639993.804144, 1450268.998705], [8639996.789965, 1450268.998705], [8639996.789965, 1450269.595869], [8639997.984294, 1450269.595869], [8639997.984294, 1450270.193033], [8639999.178622, 1450270.193033], [8639999.178622, 1450269.595869], [8640000.372951, 1450269.595869], [8640000.372951, 1450270.193033], [8640000.970115, 1450270.193033], [8640000.970115, 1450269.595869], [8640010.524744, 1450269.595869], [8640010.524744, 1450268.998705], [8640014.704894, 1450268.998705], [8640014.704894, 1450268.40154], [8640016.496386, 1450268.40154], [8640016.496386, 1450268.998705], [8640017.093551, 1450268.998705], [8640017.093551, 1450268.40154], [8640018.287879, 1450268.40154], [8640018.287879, 1450268.998705], [8640020.079372, 1450268.998705], [8640020.079372, 1450268.40154], [8640024.259522, 1450268.40154], [8640024.259522, 1450267.804376], [8640030.828329, 1450267.804376], [8640030.828329, 1450268.40154], [8640034.411315, 1450268.40154], [8640034.411315, 1450268.998705], [8640035.008479, 1450268.998705], [8640035.008479, 1450269.595869], [8640035.605644, 1450269.595869], [8640035.605644, 1450270.193033], [8640036.202808, 1450270.193033], [8640036.202808, 1450273.178855], [8640036.799972, 1450273.178855], [8640036.799972, 1450274.373183], [8640037.994301, 1450274.373183], [8640037.994301, 1450274.970347], [8640037.397136, 1450274.970347], [8640037.397136, 1450275.567512], [8640038.591465, 1450275.567512], [8640038.591465, 1450276.164676], [8640039.188629, 1450276.164676], [8640039.188629, 1450274.970347], [8640042.174451, 1450274.970347], [8640042.174451, 1450274.373183], [8640042.771615, 1450274.373183], [8640042.771615, 1450272.58169], [8640042.174451, 1450272.58169], [8640042.174451, 1450270.790197], [8640041.577286, 1450270.790197], [8640041.577286, 1450268.40154], [8640040.980122, 1450268.40154], [8640040.980122, 1450266.610047], [8640041.577286, 1450266.610047], [8640041.577286, 1450264.818555], [8640042.174451, 1450264.818555], [8640042.174451, 1450263.624226], [8640043.368779, 1450263.624226], [8640043.368779, 1450262.429897], [8640043.965944, 1450262.429897], [8640043.965944, 1450261.832733], [8640045.160272, 1450261.832733], [8640045.160272, 1450261.235569], [8640045.757436, 1450261.235569], [8640045.757436, 1450260.638405], [8640049.937586, 1450260.638405], [8640049.937586, 1450261.235569], [8640050.534751, 1450261.235569], [8640050.534751, 1450260.638405], [8640051.729079, 1450260.638405], [8640051.729079, 1450260.04124], [8640049.340422, 1450260.04124], [8640049.340422, 1450259.444076], [8640046.951765, 1450259.444076], [8640046.951765, 1450258.846912], [8640045.160272, 1450258.846912], [8640045.160272, 1450258.249747], [8640044.563108, 1450258.249747], [8640044.563108, 1450258.846912], [8640038.591465, 1450258.846912], [8640038.591465, 1450259.444076], [8640022.468029, 1450259.444076], [8640022.468029, 1450258.846912], [8640021.273701, 1450258.846912], [8640021.273701, 1450258.249747], [8640018.885044, 1450258.249747], [8640018.885044, 1450257.652583], [8640018.287879, 1450257.652583], [8640018.287879, 1450258.249747], [8640017.690715, 1450258.249747], [8640017.690715, 1450257.652583], [8640017.093551, 1450257.652583], [8640017.093551, 1450258.846912], [8640016.496386, 1450258.846912], [8640016.496386, 1450259.444076], [8640013.510565, 1450259.444076], [8640013.510565, 1450260.04124], [8640012.316237, 1450260.04124], [8640012.316237, 1450260.638405], [8640009.927579, 1450260.638405], [8640009.927579, 1450261.235569], [8640004.553101, 1450261.235569], [8640004.553101, 1450260.638405], [8640001.567279, 1450260.638405], [8640001.567279, 1450260.04124], [8640000.970115, 1450260.04124], [8640000.970115, 1450259.444076], [8639997.984294, 1450259.444076], [8639997.984294, 1450258.846912], [8639995.595637, 1450258.846912], [8639995.595637, 1450259.444076], [8639994.401308, 1450259.444076], [8639994.401308, 1450260.04124], [8639993.206979, 1450260.04124], [8639993.206979, 1450260.638405], [8639987.235337, 1450260.638405], [8639987.235337, 1450260.04124], [8639986.041008, 1450260.04124], [8639986.041008, 1450259.444076], [8639983.652351, 1450259.444076], [8639983.652351, 1450258.846912], [8639982.458022, 1450258.846912], [8639982.458022, 1450258.249747], [8639980.666529, 1450258.249747], [8639980.666529, 1450257.652583], [8639980.069365, 1450257.652583], [8639980.069365, 1450257.055419], [8639979.472201, 1450257.055419], [8639979.472201, 1450256.458255], [8639978.277872, 1450256.458255], [8639978.277872, 1450255.86109], [8639977.680708, 1450255.86109], [8639977.680708, 1450255.263926], [8639977.083544, 1450255.263926], [8639977.083544, 1450254.666762], [8639976.486379, 1450254.666762], [8639976.486379, 1450254.069597], [8639974.694887, 1450254.069597], [8639974.694887, 1450254.666762], [8639973.500558, 1450254.666762], [8639973.500558, 1450255.263926], [8639971.709065, 1450255.263926], [8639971.709065, 1450256.458255], [8639971.111901, 1450256.458255], [8639971.111901, 1450257.055419], [8639970.514737, 1450257.055419], [8639970.514737, 1450257.652583], [8639969.917572, 1450257.652583], [8639969.917572, 1450258.249747], [8639968.12608, 1450258.249747], [8639968.12608, 1450258.846912], [8639961.557272, 1450258.846912], [8639961.557272, 1450259.444076], [8639956.182794, 1450259.444076], [8639956.182794, 1450258.846912], [8639955.58563, 1450258.846912], [8639955.58563, 1450258.249747], [8639950.808315, 1450258.249747], [8639950.808315, 1450258.846912], [8639950.211151, 1450258.846912], [8639950.211151, 1450259.444076], [8639949.613987, 1450259.444076], [8639949.613987, 1450260.04124], [8639946.628165, 1450260.04124], [8639946.628165, 1450260.638405], [8639934.087715, 1450260.638405], [8639934.087715, 1450260.04124], [8639931.101894, 1450260.04124], [8639931.101894, 1450259.444076], [8639929.310401, 1450259.444076], [8639929.310401, 1450260.04124], [8639927.518908, 1450260.04124], [8639927.518908, 1450260.638405], [8639924.533087, 1450260.638405], [8639924.533087, 1450261.235569], [8639920.352937, 1450261.235569], [8639920.352937, 1450261.832733], [8639919.158608, 1450261.832733], [8639919.158608, 1450261.235569], [8639918.561444, 1450261.235569], [8639918.561444, 1450261.832733], [8639917.367115, 1450261.832733], [8639917.367115, 1450261.235569], [8639915.575623, 1450261.235569], [8639915.575623, 1450260.638405], [8639909.60398, 1450260.638405], [8639909.60398, 1450260.04124], [8639908.409651, 1450260.04124], [8639908.409651, 1450259.444076], [8639907.215323, 1450259.444076], [8639907.215323, 1450258.846912], [8639904.826665, 1450258.846912], [8639904.826665, 1450258.249747], [8639903.035173, 1450258.249747], [8639903.035173, 1450257.652583], [8639901.840844, 1450257.652583], [8639901.840844, 1450257.055419], [8639900.646515, 1450257.055419], [8639900.646515, 1450256.458255], [8639900.049351, 1450256.458255], [8639900.049351, 1450255.86109], [8639897.660694, 1450255.86109], [8639897.660694, 1450255.263926], [8639895.869201, 1450255.263926], [8639895.869201, 1450254.666762], [8639895.272037, 1450254.666762], [8639895.272037, 1450255.263926], [8639893.480544, 1450255.263926], [8639893.480544, 1450257.055419], [8639892.88338, 1450257.055419], [8639892.88338, 1450258.249747], [8639891.689051, 1450258.249747], [8639891.689051, 1450258.846912], [8639890.494723, 1450258.846912], [8639890.494723, 1450259.444076], [8639888.70323, 1450259.444076], [8639888.70323, 1450258.846912], [8639886.911737, 1450258.846912], [8639886.911737, 1450258.249747], [8639883.925916, 1450258.249747], [8639883.925916, 1450257.652583], [8639881.537258, 1450257.652583], [8639881.537258, 1450257.055419], [8639880.34293, 1450257.055419], [8639880.34293, 1450257.652583], [8639879.745766, 1450257.652583], [8639879.745766, 1450258.249747], [8639879.148601, 1450258.249747], [8639879.148601, 1450258.846912], [8639878.551437, 1450258.846912], [8639878.551437, 1450260.638405], [8639877.954273, 1450260.638405], [8639877.954273, 1450261.832733], [8639876.16278, 1450261.832733], [8639876.16278, 1450262.429897], [8639875.565616, 1450262.429897], [8639875.565616, 1450263.027062], [8639852.873373, 1450263.027062], [8639852.873373, 1450262.429897], [8639852.276209, 1450262.429897], [8639852.276209, 1450263.027062], [8639851.08188, 1450263.027062], [8639851.08188, 1450263.624226], [8639849.887551, 1450263.624226], [8639849.887551, 1450264.22139], [8639834.958444, 1450264.22139], [8639834.958444, 1450264.818555], [8639833.764116, 1450264.818555], [8639833.764116, 1450265.415719], [8639831.375459, 1450265.415719], [8639831.375459, 1450264.22139], [8639830.778294, 1450264.22139], [8639830.778294, 1450272.58169], [8639831.375459, 1450272.58169], [8639831.375459, 1450271.984526], [8639831.972623, 1450271.984526], [8639831.972623, 1450272.58169], [8639833.166951, 1450272.58169], [8639833.166951, 1450271.984526], [8639834.958444, 1450271.984526], [8639834.958444, 1450272.58169], [8639836.749937, 1450272.58169], [8639836.749937, 1450273.178855], [8639839.735759, 1450273.178855], [8639839.735759, 1450272.58169], [8639842.124416, 1450272.58169], [8639842.124416, 1450271.984526], [8639843.318744, 1450271.984526], [8639843.318744, 1450271.387362], [8639845.707401, 1450271.387362], [8639845.707401, 1450270.790197], [8639857.650687, 1450270.790197], [8639857.650687, 1450270.193033], [8639858.247851, 1450270.193033], [8639858.247851, 1450270.790197], [8639860.039344, 1450270.790197], [8639860.039344, 1450270.193033], [8639860.636508, 1450270.193033], [8639860.636508, 1450270.790197], [8639862.428001, 1450270.790197], [8639862.428001, 1450271.387362], [8639863.62233, 1450271.387362], [8639863.62233, 1450271.984526], [8639864.219494, 1450271.984526], [8639864.219494, 1450271.387362], [8639866.608151, 1450271.387362], [8639866.608151, 1450271.984526], [8639873.774123, 1450271.984526], [8639873.774123, 1450272.58169], [8639874.371287, 1450272.58169], [8639874.371287, 1450273.178855], [8639874.968451, 1450273.178855], [8639874.968451, 1450274.373183], [8639875.565616, 1450274.373183], [8639875.565616, 1450273.776019], [8639876.759944, 1450273.776019], [8639876.759944, 1450273.178855], [8639877.954273, 1450273.178855], [8639877.954273, 1450272.58169], [8639879.745766, 1450272.58169], [8639879.745766, 1450273.178855], [8639883.925916, 1450273.178855], [8639883.925916, 1450272.58169], [8639885.120244, 1450272.58169], [8639885.120244, 1450271.984526], [8639885.717408, 1450271.984526], [8639885.717408, 1450271.387362], [8639886.314573, 1450271.387362], [8639886.314573, 1450270.790197], [8639887.508901, 1450270.790197], [8639887.508901, 1450270.193033], [8639890.494723, 1450270.193033], [8639890.494723, 1450269.595869], [8639893.480544, 1450269.595869], [8639893.480544, 1450268.998705], [8639897.06353, 1450268.998705], [8639897.06353, 1450269.595869], [8639899.452187, 1450269.595869], [8639899.452187, 1450268.998705], [8639900.049351, 1450268.998705], [8639900.049351, 1450270.193033], [8639901.24368, 1450270.193033], [8639901.24368, 1450269.595869], [8639902.438008, 1450269.595869], [8639902.438008, 1450270.193033], [8639903.035173, 1450270.193033], [8639903.035173, 1450270.790197], [8639903.632337, 1450270.790197], [8639903.632337, 1450271.387362], [8639911.395473, 1450271.387362], [8639911.395473, 1450271.984526], [8639913.78413, 1450271.984526], [8639913.78413, 1450272.58169], [8639914.978458, 1450272.58169], [8639914.978458, 1450271.984526], [8639915.575623, 1450271.984526], [8639915.575623, 1450272.58169], [8639916.172787, 1450272.58169], [8639916.172787, 1450271.984526], [8639916.769951, 1450271.984526], [8639916.769951, 1450270.193033], [8639917.96428, 1450270.193033], [8639917.96428, 1450270.790197], [8639918.561444, 1450270.790197], [8639918.561444, 1450270.193033], [8639919.755773, 1450270.193033], [8639919.755773, 1450270.790197], [8639920.950101, 1450270.790197], [8639920.950101, 1450271.387362], [8639921.547265, 1450271.387362], [8639921.547265, 1450271.984526], [8639922.14443, 1450271.984526], [8639922.14443, 1450272.58169], [8639922.741594, 1450272.58169], [8639922.741594, 1450273.178855], [8639927.518908, 1450273.178855], [8639927.518908, 1450272.58169], [8639932.296223, 1450272.58169], [8639932.296223, 1450271.984526], [8639936.476372, 1450271.984526], [8639936.476372, 1450271.387362], [8639939.462194, 1450271.387362], [8639939.462194, 1450270.790197], [8639942.448015, 1450270.790197], [8639942.448015, 1450270.193033], [8639948.419658, 1450270.193033], [8639948.419658, 1450269.595869], [8639949.016822, 1450269.595869], [8639949.016822, 1450270.193033], [8639952.599808, 1450270.193033], [8639952.599808, 1450270.790197], [8639954.988465, 1450270.790197], [8639954.988465, 1450269.595869], [8639956.779958, 1450269.595869], [8639956.779958, 1450270.193033], [8639957.377122, 1450270.193033], [8639957.377122, 1450271.387362], [8639957.974287, 1450271.387362], [8639957.974287, 1450271.984526], [8639958.571451, 1450271.984526], [8639958.571451, 1450272.58169], [8639959.168615, 1450272.58169], [8639959.168615, 1450271.984526], [8639960.960108, 1450271.984526], [8639960.960108, 1450271.387362], [8639962.154437, 1450271.387362], [8639962.154437, 1450270.790197], [8639963.348765, 1450270.790197], [8639963.348765, 1450270.193033], [8639967.528915, 1450270.193033], [8639967.528915, 1450270.790197], [8639968.723244, 1450270.790197], [8639968.723244, 1450271.387362], [8639969.320408, 1450271.387362], [8639969.320408, 1450271.984526], [8639970.514737, 1450271.984526], [8639970.514737, 1450272.58169], [8639971.111901, 1450272.58169], [8639971.111901, 1450273.776019], [8639971.709065, 1450273.776019], [8639971.709065, 1450274.970347], [8639972.30623, 1450274.970347], [8639972.30623, 1450275.567512], [8639972.903394, 1450275.567512], [8639972.903394, 1450276.164676], [8639973.500558, 1450276.164676], [8639973.500558, 1450276.76184], [8639974.097722, 1450276.76184], [8639974.097722, 1450277.359005], [8639975.292051, 1450277.359005], [8639975.292051, 1450277.956169], [8639975.889215, 1450277.956169], [8639975.889215, 1450278.553333]], [[8640089.350429, 1450271.387362], [8640092.933415, 1450271.387362], [8640092.933415, 1450270.193033], [8640093.530579, 1450270.193033], [8640093.530579, 1450269.595869], [8640094.127743, 1450269.595869], [8640094.127743, 1450266.610047], [8640094.724908, 1450266.610047], [8640094.724908, 1450265.415719], [8640094.127743, 1450265.415719], [8640094.127743, 1450264.818555], [8640092.933415, 1450264.818555], [8640092.933415, 1450264.22139], [8640094.127743, 1450264.22139], [8640094.127743, 1450261.832733], [8640093.530579, 1450261.832733], [8640093.530579, 1450260.638405], [8640092.933415, 1450260.638405], [8640092.933415, 1450259.444076], [8640093.530579, 1450259.444076], [8640093.530579, 1450258.249747], [8640092.933415, 1450258.249747], [8640092.933415, 1450257.652583], [8640093.530579, 1450257.652583], [8640093.530579, 1450256.458255], [8640092.933415, 1450256.458255], [8640092.933415, 1450254.666762], [8640091.739086, 1450254.666762], [8640091.739086, 1450254.069597], [8640091.141922, 1450254.069597], [8640091.141922, 1450253.472433], [8640090.544758, 1450253.472433], [8640090.544758, 1450252.875269], [8640089.350429, 1450252.875269], [8640089.350429, 1450250.486612], [8640088.753265, 1450250.486612], [8640088.753265, 1450249.292283], [8640088.156101, 1450249.292283], [8640088.156101, 1450248.695119], [8640086.961772, 1450248.695119], [8640086.961772, 1450248.097955], [8640086.364608, 1450248.097955], [8640086.364608, 1450248.695119], [8640085.170279, 1450248.695119], [8640085.170279, 1450249.292283], [8640084.573115, 1450249.292283], [8640084.573115, 1450249.889447], [8640085.170279, 1450249.889447], [8640085.170279, 1450251.083776], [8640085.767443, 1450251.083776], [8640085.767443, 1450251.68094], [8640086.364608, 1450251.68094], [8640086.364608, 1450252.278105], [8640083.378786, 1450252.278105], [8640083.378786, 1450252.875269], [8640081.587293, 1450252.875269], [8640081.587293, 1450253.472433], [8640082.184458, 1450253.472433], [8640082.184458, 1450254.069597], [8640084.573115, 1450254.069597], [8640084.573115, 1450254.666762], [8640085.767443, 1450254.666762], [8640085.767443, 1450255.263926], [8640085.170279, 1450255.263926], [8640085.170279, 1450255.86109], [8640082.781622, 1450255.86109], [8640082.781622, 1450255.263926], [8640083.975951, 1450255.263926], [8640083.975951, 1450254.666762], [8640082.184458, 1450254.666762], [8640082.184458, 1450255.263926], [8640080.392965, 1450255.263926], [8640080.392965, 1450256.458255], [8640079.795801, 1450256.458255], [8640079.795801, 1450257.055419], [8640079.198636, 1450257.055419], [8640079.198636, 1450257.652583], [8640079.795801, 1450257.652583], [8640079.795801, 1450258.249747], [8640078.601472, 1450258.249747], [8640078.601472, 1450258.846912], [8640077.407143, 1450258.846912], [8640077.407143, 1450259.444076], [8640076.212815, 1450259.444076], [8640076.212815, 1450260.04124], [8640071.435501, 1450260.04124], [8640071.435501, 1450260.638405], [8640070.838336, 1450260.638405], [8640070.838336, 1450260.04124], [8640067.255351, 1450260.04124], [8640067.255351, 1450259.444076], [8640064.866693, 1450259.444076], [8640064.866693, 1450258.846912], [8640064.269529, 1450258.846912], [8640064.269529, 1450258.249747], [8640060.686543, 1450258.249747], [8640060.686543, 1450257.652583], [8640057.700722, 1450257.652583], [8640057.700722, 1450258.249747], [8640055.909229, 1450258.249747], [8640055.909229, 1450258.846912], [8640055.312065, 1450258.846912], [8640055.312065, 1450259.444076], [8640054.714901, 1450259.444076], [8640054.714901, 1450260.04124], [8640054.117736, 1450260.04124], [8640054.117736, 1450260.638405], [8640052.326243, 1450260.638405], [8640052.326243, 1450261.832733], [8640052.923408, 1450261.832733], [8640052.923408, 1450262.429897], [8640053.520572, 1450262.429897], [8640053.520572, 1450263.027062], [8640055.312065, 1450263.027062], [8640055.312065, 1450264.818555], [8640055.909229, 1450264.818555], [8640055.909229, 1450265.415719], [8640056.506393, 1450265.415719], [8640056.506393, 1450266.610047], [8640057.103558, 1450266.610047], [8640057.103558, 1450267.804376], [8640057.700722, 1450267.804376], [8640057.700722, 1450268.40154], [8640059.492215, 1450268.40154], [8640059.492215, 1450267.804376], [8640060.089379, 1450267.804376], [8640060.089379, 1450268.40154], [8640060.686543, 1450268.40154], [8640060.686543, 1450267.804376], [8640070.838336, 1450267.804376], [8640070.838336, 1450268.40154], [8640072.032665, 1450268.40154], [8640072.032665, 1450267.804376], [8640076.809979, 1450267.804376], [8640076.809979, 1450267.207212], [8640080.392965, 1450267.207212], [8640080.392965, 1450266.610047], [8640081.587293, 1450266.610047], [8640081.587293, 1450267.207212], [8640085.767443, 1450267.207212], [8640085.767443, 1450267.804376], [8640087.558936, 1450267.804376], [8640087.558936, 1450268.40154], [8640086.961772, 1450268.40154], [8640086.961772, 1450268.998705], [8640088.753265, 1450268.998705], [8640088.753265, 1450269.595869], [8640088.156101, 1450269.595869], [8640088.156101, 1450270.193033], [8640089.350429, 1450270.193033], [8640089.350429, 1450271.387362]], [[8639877.357108, 1450247.50079], [8639877.954273, 1450247.50079], [8639877.954273, 1450245.112133], [8639877.357108, 1450245.112133], [8639877.357108, 1450244.514969], [8639877.954273, 1450244.514969], [8639877.954273, 1450243.32064], [8639878.551437, 1450243.32064], [8639878.551437, 1450242.126312], [8639879.148601, 1450242.126312], [8639879.148601, 1450240.334819], [8639879.745766, 1450240.334819], [8639879.745766, 1450239.14049], [8639880.34293, 1450239.14049], [8639880.34293, 1450238.543326], [8639881.537258, 1450238.543326], [8639881.537258, 1450237.348998], [8639880.34293, 1450237.348998], [8639880.34293, 1450236.751833], [8639873.176958, 1450236.751833], [8639873.176958, 1450236.154669], [8639871.385466, 1450236.154669], [8639871.385466, 1450235.557505], [8639870.191137, 1450235.557505], [8639870.191137, 1450234.363176], [8639868.996808, 1450234.363176], [8639868.996808, 1450233.766012], [8639868.399644, 1450233.766012], [8639868.399644, 1450233.168848], [8639866.010987, 1450233.168848], [8639866.010987, 1450236.154669], [8639866.608151, 1450236.154669], [8639866.608151, 1450236.751833], [8639868.399644, 1450236.751833], [8639868.399644, 1450237.348998], [8639868.996808, 1450237.348998], [8639868.996808, 1450237.946162], [8639870.191137, 1450237.946162], [8639870.191137, 1450238.543326], [8639870.788301, 1450238.543326], [8639870.788301, 1450239.14049], [8639871.385466, 1450239.14049], [8639871.385466, 1450239.737655], [8639871.98263, 1450239.737655], [8639871.98263, 1450240.931983], [8639872.579794, 1450240.931983], [8639872.579794, 1450241.529147], [8639873.176958, 1450241.529147], [8639873.176958, 1450242.126312], [8639873.774123, 1450242.126312], [8639873.774123, 1450243.917805], [8639874.371287, 1450243.917805], [8639874.371287, 1450244.514969], [8639874.968451, 1450244.514969], [8639874.968451, 1450245.112133], [8639875.565616, 1450245.112133], [8639875.565616, 1450245.709297], [8639876.16278, 1450245.709297], [8639876.16278, 1450246.306462], [8639877.357108, 1450246.306462], [8639877.357108, 1450247.50079]], [[8639978.875037, 1450245.112133], [8639979.472201, 1450245.112133], [8639979.472201, 1450244.514969], [8639981.263694, 1450244.514969], [8639981.263694, 1450243.917805], [8639986.041008, 1450243.917805], [8639986.041008, 1450243.32064], [8639986.638172, 1450243.32064], [8639986.638172, 1450242.723476], [8639988.429665, 1450242.723476], [8639988.429665, 1450242.126312], [8639989.026829, 1450242.126312], [8639989.026829, 1450241.529147], [8639990.818322, 1450241.529147], [8639990.818322, 1450240.931983], [8639991.415487, 1450240.931983], [8639991.415487, 1450240.334819], [8639992.609815, 1450240.334819], [8639992.609815, 1450237.946162], [8639993.206979, 1450237.946162], [8639993.206979, 1450236.751833], [8639993.804144, 1450236.751833], [8639993.804144, 1450235.557505], [8639992.609815, 1450235.557505], [8639992.609815, 1450234.363176], [8639991.415487, 1450234.363176], [8639991.415487, 1450233.766012], [8639986.638172, 1450233.766012], [8639986.638172, 1450234.363176], [8639977.680708, 1450234.363176], [8639977.680708, 1450235.557505], [8639977.083544, 1450235.557505], [8639977.083544, 1450236.751833], [8639977.680708, 1450236.751833], [8639977.680708, 1450237.348998], [8639978.277872, 1450237.348998], [8639978.277872, 1450237.946162], [8639978.875037, 1450237.946162], [8639978.875037, 1450239.14049], [8639978.277872, 1450239.14049], [8639978.277872, 1450243.917805], [8639978.875037, 1450243.917805], [8639978.875037, 1450245.112133]], [[8639925.727415, 1450237.348998], [8639926.921744, 1450237.348998], [8639926.921744, 1450236.751833], [8639925.727415, 1450236.751833], [8639925.727415, 1450237.348998]], [[8640095.919236, 1450225.405712], [8640096.5164, 1450225.405712], [8640096.5164, 1450222.41989], [8640095.919236, 1450222.41989], [8640095.919236, 1450225.405712]], [[8640009.330415, 1450220.628398], [8640010.524744, 1450220.628398], [8640010.524744, 1450220.031233], [8640009.330415, 1450220.031233], [8640009.330415, 1450220.628398]], [[8640085.170279, 1450219.434069], [8640086.364608, 1450219.434069], [8640086.364608, 1450218.836905], [8640085.170279, 1450218.836905], [8640085.170279, 1450219.434069]], [[8640085.170279, 1450218.23974], [8640086.961772, 1450218.23974], [8640086.961772, 1450217.642576], [8640087.558936, 1450217.642576], [8640087.558936, 1450217.045412], [8640088.156101, 1450217.045412], [8640088.156101, 1450215.851083], [8640087.558936, 1450215.851083], [8640087.558936, 1450215.253919], [8640086.961772, 1450215.253919], [8640086.961772, 1450215.851083], [8640085.767443, 1450215.851083], [8640085.767443, 1450216.448248], [8640084.573115, 1450216.448248], [8640084.573115, 1450217.642576], [8640085.170279, 1450217.642576], [8640085.170279, 1450218.23974]], [[8639932.296223, 1450217.045412], [8639933.490551, 1450217.045412], [8639933.490551, 1450216.448248], [8639934.087715, 1450216.448248], [8639934.087715, 1450215.253919], [8639931.101894, 1450215.253919], [8639931.101894, 1450215.851083], [8639930.50473, 1450215.851083], [8639930.50473, 1450216.448248], [8639932.296223, 1450216.448248], [8639932.296223, 1450217.045412]], [[8639901.840844, 1450216.448248], [8639902.438008, 1450216.448248], [8639902.438008, 1450215.851083], [8639901.840844, 1450215.851083], [8639901.840844, 1450216.448248]], [[8639905.42383, 1450214.656755], [8639906.020994, 1450214.656755], [8639906.020994, 1450214.05959], [8639905.42383, 1450214.05959], [8639905.42383, 1450214.656755]], [[8639907.215323, 1450214.656755], [8639909.006815, 1450214.656755], [8639909.006815, 1450214.05959], [8639907.215323, 1450214.05959], [8639907.215323, 1450214.656755]], [[8640095.322072, 1450212.268098], [8640095.919236, 1450212.268098], [8640095.919236, 1450208.685112], [8640095.322072, 1450208.685112], [8640095.322072, 1450211.073769], [8640094.724908, 1450211.073769], [8640094.724908, 1450211.670933], [8640095.322072, 1450211.670933], [8640095.322072, 1450212.268098]], [[8640092.933415, 1450209.87944], [8640093.530579, 1450209.87944], [8640093.530579, 1450209.282276], [8640092.933415, 1450209.282276], [8640092.933415, 1450209.87944]], [[8640045.757436, 1450209.282276], [8640046.951765, 1450209.282276], [8640046.951765, 1450208.685112], [8640045.757436, 1450208.685112], [8640045.757436, 1450209.282276]], [[8640064.269529, 1450209.282276], [8640064.866693, 1450209.282276], [8640064.866693, 1450208.685112], [8640064.269529, 1450208.685112], [8640064.269529, 1450209.282276]], [[8640094.127743, 1450207.490783], [8640095.919236, 1450207.490783], [8640095.919236, 1450206.893619], [8640096.5164, 1450206.893619], [8640096.5164, 1450205.69929], [8640094.724908, 1450205.69929], [8640094.724908, 1450206.893619], [8640094.127743, 1450206.893619], [8640094.127743, 1450207.490783]], [[8640097.113565, 1450205.102126], [8640098.307893, 1450205.102126], [8640098.307893, 1450204.504962], [8640098.905058, 1450204.504962], [8640098.905058, 1450203.310633], [8640098.307893, 1450203.310633], [8640098.307893, 1450203.907798], [8640097.710729, 1450203.907798], [8640097.710729, 1450204.504962], [8640097.113565, 1450204.504962], [8640097.113565, 1450205.102126]], [[8640128.166107, 1450200.921976], [8640128.763272, 1450200.921976], [8640128.763272, 1450200.324812], [8640128.166107, 1450200.324812], [8640128.166107, 1450200.921976]], [[8640120.402972, 1450199.727648], [8640121.000136, 1450199.727648], [8640121.000136, 1450199.130483], [8640120.402972, 1450199.130483], [8640120.402972, 1450199.727648]]]}, "properties": {"class": "building", "value": 1}}, {"type": "Feature", "geometry": {"type": "Polygon", "coordinates": [[[8640082.781622, 1450144.191369], [8640082.781622, 1450142.997041], [8640083.378786, 1450142.997041], [8640083.378786, 1450143.594205], [8640083.975951, 1450143.594205], [8640083.975951, 1450144.191369], [8640082.781622, 1450144.191369]]]}, "properties": {"class": "building", "value": 1}}, {"type": "Feature", "geometry": {"type": "Polygon", "coordinates": [[[8640083.378786, 1450131.650919], [8640083.378786, 1450131.053755], [8640082.781622, 1450131.053755], [8640082.781622, 1450129.859426], [8640082.184458, 1450129.859426], [8640082.184458, 1450128.665098], [8640081.587293, 1450128.665098], [8640081.587293, 1450128.067934], [8640079.795801, 1450128.067934], [8640079.795801, 1450128.665098], [8640079.198636, 1450128.665098], [8640079.198636, 1450128.067934], [8640078.004308, 1450128.067934], [8640078.004308, 1450126.873605], [8640078.601472, 1450126.873605], [8640078.601472, 1450126.276441], [8640082.184458, 1450126.276441], [8640082.184458, 1450126.873605], [8640082.781622, 1450126.873605], [8640082.781622, 1450128.067934], [8640083.378786, 1450128.067934], [8640083.378786, 1450129.262262], [8640083.975951, 1450129.262262], [8640083.975951, 1450130.456591], [8640085.170279, 1450130.456591], [8640085.170279, 1450131.053755], [8640084.573115, 1450131.053755], [8640084.573115, 1450131.650919], [8640083.378786, 1450131.650919]]]}, "properties": {"class": "building", "value": 1}}, {"type": "Feature", "geometry": {"type": "Polygon", "coordinates": [[[8640131.151929, 1450129.262262], [8640131.151929, 1450128.067934], [8640130.554765, 1450128.067934], [8640130.554765, 1450125.679277], [8640131.151929, 1450125.679277], [8640131.151929, 1450124.484948], [8640131.749093, 1450124.484948], [8640131.749093, 1450125.679277], [8640132.346257, 1450125.679277], [8640132.346257, 1450128.665098], [8640131.749093, 1450128.665098], [8640131.749093, 1450129.262262], [8640131.151929, 1450129.262262]]]}, "properties": {"class": "building", "value": 1}}, {"type": "Feature", "geometry": {"type": "Polygon", "coordinates": [[[8639886.314573, 1450068.94867], [8639886.314573, 1450068.351505], [8639886.911737, 1450068.351505], [8639886.911737, 1450068.94867], [8639886.314573, 1450068.94867]]]}, "properties": {"class": "building", "value": 1}}, {"type": "Feature", "geometry": {"type": "Polygon", "coordinates": [[[8639885.717408, 1450067.754341], [8639885.717408, 1450067.157177], [8639886.911737, 1450067.157177], [8639886.911737, 1450067.754341], [8639885.717408, 1450067.754341]]]}, "properties": {"class": "building", "value": 1}}, {"type": "Feature", "geometry": {"type": "Polygon", "coordinates": [[[8639882.134423, 1450067.754341], [8639882.134423, 1450066.560012], [8639883.328751, 1450066.560012], [8639883.328751, 1450067.754341], [8639882.134423, 1450067.754341]]]}, "properties": {"class": "building", "value": 1}}, {"type": "Feature", "geometry": {"type": "Polygon", "coordinates": [[[8640135.332079, 1450065.365684], [8640135.332079, 1450062.977027], [8640134.734915, 1450062.977027], [8640134.734915, 1450061.782698], [8640132.943422, 1450061.782698], [8640132.943422, 1450062.379862], [8640131.749093, 1450062.379862], [8640131.749093, 1450062.977027], [8640131.151929, 1450062.977027], [8640131.151929, 1450061.782698], [8640130.554765, 1450061.782698], [8640130.554765, 1450059.991205], [8640131.151929, 1450059.991205], [8640131.151929, 1450059.394041], [8640131.749093, 1450059.394041], [8640131.749093, 1450058.796877], [8640132.346257, 1450058.796877], [8640132.346257, 1450057.602548], [8640131.749093, 1450057.602548], [8640131.749093, 1450056.40822], [8640133.540586, 1450056.40822], [8640133.540586, 1450055.811055], [8640134.734915, 1450055.811055], [8640134.734915, 1450056.40822], [8640135.929243, 1450056.40822], [8640135.929243, 1450065.365684], [8640135.332079, 1450065.365684]], [[8640134.13775, 1450061.185534], [8640134.734915, 1450061.185534], [8640134.734915, 1450060.58837], [8640134.13775, 1450060.58837], [8640134.13775, 1450061.185534]]]}, "properties": {"class": "building", "value": 1}}, {"type": "Feature", "geometry": {"type": "Polygon", "coordinates": [[[8640097.113565, 1450163.300626], [8640097.113565, 1450162.703462], [8640095.919236, 1450162.703462], [8640095.919236, 1450162.106298], [8640094.724908, 1450162.106298], [8640094.724908, 1450160.911969], [8640094.127743, 1450160.911969], [8640094.127743, 1450159.717641], [8640093.530579, 1450159.717641], [8640093.530579, 1450159.120476], [8640094.127743, 1450159.120476], [8640094.127743, 1450157.328984], [8640092.33625, 1450157.328984], [8640092.33625, 1450156.731819], [8640093.530579, 1450156.731819], [8640093.530579, 1450156.134655], [8640092.933415, 1450156.134655], [8640092.933415, 1450155.537491], [8640092.33625, 1450155.537491], [8640092.33625, 1450153.148834], [8640091.739086, 1450153.148834], [8640091.739086, 1450151.954505], [8640092.33625, 1450151.954505], [8640092.33625, 1450151.357341], [8640091.141922, 1450151.357341], [8640091.141922, 1450149.565848], [8640092.933415, 1450149.565848], [8640092.933415, 1450148.371519], [8640093.530579, 1450148.371519], [8640093.530579, 1450147.177191], [8640092.33625, 1450147.177191], [8640092.33625, 1450146.580026], [8640091.739086, 1450146.580026], [8640091.739086, 1450145.982862], [8640091.141922, 1450145.982862], [8640091.141922, 1450145.385698], [8640090.544758, 1450145.385698], [8640090.544758, 1450144.191369], [8640089.947593, 1450144.191369], [8640089.947593, 1450141.802712], [8640089.350429, 1450141.802712], [8640089.350429, 1450140.608384], [8640088.753265, 1450140.608384], [8640088.753265, 1450135.233905], [8640089.350429, 1450135.233905], [8640089.350429, 1450131.053755], [8640088.753265, 1450131.053755], [8640088.753265, 1450126.276441], [8640089.350429, 1450126.276441], [8640089.350429, 1450120.901962], [8640091.141922, 1450120.901962], [8640091.141922, 1450120.304798], [8640092.33625, 1450120.304798], [8640092.33625, 1450116.124648], [8640091.739086, 1450116.124648], [8640091.739086, 1450114.930319], [8640091.141922, 1450114.930319], [8640091.141922, 1450111.944498], [8640090.544758, 1450111.944498], [8640090.544758, 1450111.347334], [8640089.947593, 1450111.347334], [8640089.947593, 1450110.153005], [8640086.364608, 1450110.153005], [8640086.364608, 1450108.958677], [8640085.170279, 1450108.958677], [8640085.170279, 1450108.361512], [8640083.975951, 1450108.361512], [8640083.975951, 1450107.764348], [8640082.781622, 1450107.764348], [8640082.781622, 1450106.570019], [8640082.184458, 1450106.570019], [8640082.184458, 1450104.778527], [8640083.378786, 1450104.778527], [8640083.378786, 1450102.389869], [8640082.781622, 1450102.389869], [8640082.781622, 1450101.792705], [8640082.184458, 1450101.792705], [8640082.184458, 1450101.195541], [8640081.587293, 1450101.195541], [8640081.587293, 1450098.209719], [8640080.990129, 1450098.209719], [8640080.990129, 1450097.612555], [8640081.587293, 1450097.612555], [8640081.587293, 1450097.015391], [8640082.184458, 1450097.015391], [8640082.184458, 1450096.418227], [8640082.781622, 1450096.418227], [8640082.781622, 1450095.821062], [8640083.975951, 1450095.821062], [8640083.975951, 1450095.223898], [8640085.170279, 1450095.223898], [8640085.170279, 1450094.626734], [8640086.364608, 1450094.626734], [8640086.364608, 1450094.029569], [8640086.961772, 1450094.029569], [8640086.961772, 1450092.835241], [8640087.558936, 1450092.835241], [8640087.558936, 1450092.238077], [8640086.961772, 1450092.238077], [8640086.961772, 1450091.640912], [8640087.558936, 1450091.640912], [8640087.558936, 1450090.446584], [8640089.947593, 1450090.446584], [8640089.947593, 1450089.849419], [8640090.544758, 1450089.849419], [8640090.544758, 1450090.446584], [8640091.141922, 1450090.446584], [8640091.141922, 1450089.849419], [8640092.933415, 1450089.849419], [8640092.933415, 1450089.252255], [8640093.530579, 1450089.252255], [8640093.530579, 1450088.655091], [8640094.127743, 1450088.655091], [8640094.127743, 1450088.057927], [8640092.933415, 1450088.057927], [8640092.933415, 1450087.460762], [8640092.33625, 1450087.460762], [8640092.33625, 1450086.863598], [8640091.739086, 1450086.863598], [8640091.739086, 1450086.266434], [8640090.544758, 1450086.266434], [8640090.544758, 1450085.66927], [8640086.364608, 1450085.66927], [8640086.364608, 1450085.072105], [8640085.170279, 1450085.072105], [8640085.170279, 1450084.474941], [8640084.573115, 1450084.474941], [8640084.573115, 1450083.877777], [8640083.975951, 1450083.877777], [8640083.975951, 1450082.683448], [8640082.781622, 1450082.683448], [8640082.781622, 1450080.891955], [8640082.184458, 1450080.891955], [8640082.184458, 1450078.503298], [8640081.587293, 1450078.503298], [8640081.587293, 1450074.920312], [8640082.781622, 1450074.920312], [8640082.781622, 1450072.531655], [8640084.573115, 1450072.531655], [8640084.573115, 1450071.934491], [8640085.170279, 1450071.934491], [8640085.170279, 1450071.337327], [8640086.961772, 1450071.337327], [8640086.961772, 1450070.740162], [8640089.350429, 1450070.740162], [8640089.350429, 1450070.142998], [8640091.141922, 1450070.142998], [8640091.141922, 1450069.545834], [8640092.933415, 1450069.545834], [8640092.933415, 1450068.94867], [8640094.127743, 1450068.94867], [8640094.127743, 1450068.351505], [8640094.724908, 1450068.351505], [8640094.724908, 1450067.754341], [8640092.33625, 1450067.754341], [8640092.33625, 1450067.157177], [8640091.739086, 1450067.157177], [8640091.739086, 1450067.754341], [8640091.141922, 1450067.754341], [8640091.141922, 1450067.157177], [8640088.753265, 1450067.157177], [8640088.753265, 1450066.560012], [8640088.156101, 1450066.560012], [8640088.156101, 1450065.962848], [8640086.961772, 1450065.962848], [8640086.961772, 1450065.365684], [8640083.378786, 1450065.365684], [8640083.378786, 1450064.76852], [8640082.781622, 1450064.76852], [8640082.781622, 1450064.171355], [8640083.378786, 1450064.171355], [8640083.378786, 1450063.574191], [8640082.781622, 1450063.574191], [8640082.781622, 1450057.602548], [8640083.378786, 1450057.602548], [8640083.378786, 1450055.811055], [8640083.975951, 1450055.811055], [8640083.975951, 1450052.22807], [8640084.573115, 1450052.22807], [8640084.573115, 1450052.825234], [8640085.170279, 1450052.825234], [8640085.170279, 1450052.22807], [8640085.767443, 1450052.22807], [8640085.767443, 1450051.630905], [8640086.364608, 1450051.630905], [8640086.364608, 1450051.033741], [8640087.558936, 1450051.033741], [8640087.558936, 1450050.436577], [8640088.753265, 1450050.436577], [8640088.753265, 1450049.839413], [8640089.350429, 1450049.839413], [8640089.350429, 1450049.242248], [8640092.933415, 1450049.242248], [8640092.933415, 1450049.839413], [8640094.724908, 1450049.839413], [8640094.724908, 1450050.436577], [8640097.113565, 1450050.436577], [8640097.113565, 1450049.839413], [8640097.710729, 1450049.839413], [8640097.710729, 1450049.242248], [8640098.905058, 1450049.242248], [8640098.905058, 1450049.839413], [8640099.502222, 1450049.839413], [8640099.502222, 1450050.436577], [8640100.69655, 1450050.436577], [8640100.69655, 1450051.033741], [8640101.890879, 1450051.033741], [8640101.890879, 1450051.630905], [8640104.279536, 1450051.630905], [8640104.279536, 1450052.22807], [8640104.8767, 1450052.22807], [8640104.8767, 1450051.630905], [8640105.473865, 1450051.630905], [8640105.473865, 1450051.033741], [8640106.071029, 1450051.033741], [8640106.071029, 1450050.436577], [8640107.265358, 1450050.436577], [8640107.265358, 1450051.033741], [8640107.862522, 1450051.033741], [8640107.862522, 1450051.630905], [8640109.654015, 1450051.630905], [8640109.654015, 1450052.22807], [8640110.251179, 1450052.22807], [8640110.251179, 1450051.033741], [8640110.848343, 1450051.033741], [8640110.848343, 1450050.436577], [8640114.431329, 1450050.436577], [8640114.431329, 1450051.630905], [8640115.028493, 1450051.630905], [8640115.028493, 1450052.22807], [8640115.625658, 1450052.22807], [8640115.625658, 1450051.033741], [8640116.222822, 1450051.033741], [8640116.222822, 1450050.436577], [8640116.819986, 1450050.436577], [8640116.819986, 1450049.242248], [8640117.41715, 1450049.242248], [8640117.41715, 1450048.645084], [8640118.611479, 1450048.645084], [8640118.611479, 1450048.04792], [8640119.208643, 1450048.04792], [8640119.208643, 1450047.450755], [8640120.402972, 1450047.450755], [8640120.402972, 1450048.04792], [8640121.000136, 1450048.04792], [8640121.000136, 1450046.853591], [8640122.194465, 1450046.853591], [8640122.194465, 1450047.450755], [8640123.985958, 1450047.450755], [8640123.985958, 1450048.04792], [8640124.583122, 1450048.04792], [8640124.583122, 1450048.645084], [8640125.180286, 1450048.645084], [8640125.180286, 1450049.242248], [8640125.77745, 1450049.242248], [8640125.77745, 1450050.436577], [8640126.374615, 1450050.436577], [8640126.374615, 1450051.630905], [8640126.971779, 1450051.630905], [8640126.971779, 1450054.019562], [8640126.374615, 1450054.019562], [8640126.374615, 1450055.213891], [8640126.971779, 1450055.213891], [8640126.971779, 1450057.602548], [8640126.374615, 1450057.602548], [8640126.374615, 1450058.199712], [8640126.971779, 1450058.199712], [8640126.971779, 1450058.796877], [8640127.568943, 1450058.796877], [8640127.568943, 1450059.991205], [8640128.166107, 1450059.991205], [8640128.166107, 1450059.394041], [8640129.360436, 1450059.394041], [8640129.360436, 1450061.185534], [8640127.568943, 1450061.185534], [8640127.568943, 1450062.977027], [8640128.166107, 1450062.977027], [8640128.166107, 1450065.365684], [8640127.568943, 1450065.365684], [8640127.568943, 1450066.560012], [8640126.971779, 1450066.560012], [8640126.971779, 1450071.934491], [8640127.568943, 1450071.934491], [8640127.568943, 1450073.12882], [8640126.971779, 1450073.12882], [8640126.971779, 1450074.920312], [8640127.568943, 1450074.920312], [8640127.568943, 1450085.072105], [8640128.166107, 1450085.072105], [8640128.166107, 1450090.446584], [8640127.568943, 1450090.446584], [8640127.568943, 1450092.238077], [8640128.166107, 1450092.238077], [8640128.166107, 1450093.432405], [8640127.568943, 1450093.432405], [8640127.568943, 1450095.821062], [8640128.166107, 1450095.821062], [8640128.166107, 1450097.015391], [8640126.971779, 1450097.015391], [8640126.971779, 1450097.612555], [8640126.374615, 1450097.612555], [8640126.374615, 1450098.209719], [8640131.749093, 1450098.209719], [8640131.749093, 1450097.612555], [8640132.346257, 1450097.612555], [8640132.346257, 1450098.209719], [8640133.540586, 1450098.209719], [8640133.540586, 1450097.015391], [8640134.13775, 1450097.015391], [8640134.13775, 1450097.612555], [8640134.734915, 1450097.612555], [8640134.734915, 1450098.209719], [8640135.332079, 1450098.209719], [8640135.332079, 1450089.252255], [8640134.13775, 1450089.252255], [8640134.13775, 1450093.432405], [8640133.540586, 1450093.432405], [8640133.540586, 1450092.238077], [8640132.943422, 1450092.238077], [8640132.943422, 1450091.043748], [8640132.346257, 1450091.043748], [8640132.346257, 1450090.446584], [8640132.943422, 1450090.446584], [8640132.943422, 1450089.849419], [8640133.540586, 1450089.849419], [8640133.540586, 1450088.057927], [8640135.332079, 1450088.057927], [8640135.332079, 1450086.863598], [8640135.929243, 1450086.863598], [8640135.929243, 1450105.972855], [8640135.332079, 1450105.972855], [8640135.332079, 1450100.598377], [8640132.943422, 1450100.598377], [8640132.943422, 1450102.987034], [8640132.346257, 1450102.987034], [8640132.346257, 1450103.584198], [8640132.943422, 1450103.584198], [8640132.943422, 1450106.570019], [8640132.346257, 1450106.570019], [8640132.346257, 1450107.764348], [8640130.554765, 1450107.764348], [8640130.554765, 1450108.361512], [8640127.568943, 1450108.361512], [8640127.568943, 1450107.764348], [8640125.77745, 1450107.764348], [8640125.77745, 1450107.167184], [8640125.180286, 1450107.167184], [8640125.180286, 1450106.570019], [8640124.583122, 1450106.570019], [8640124.583122, 1450107.167184], [8640123.985958, 1450107.167184], [8640123.985958, 1450113.735991], [8640124.583122, 1450113.735991], [8640124.583122, 1450114.333155], [8640125.180286, 1450114.333155], [8640125.180286, 1450117.318977], [8640125.77745, 1450117.318977], [8640125.77745, 1450120.901962], [8640126.374615, 1450120.901962], [8640126.374615, 1450122.096291], [8640126.971779, 1450122.096291], [8640126.971779, 1450123.290619], [8640127.568943, 1450123.290619], [8640127.568943, 1450123.887784], [8640128.166107, 1450123.887784], [8640128.166107, 1450125.679277], [8640128.763272, 1450125.679277], [8640128.763272, 1450126.873605], [8640129.360436, 1450126.873605], [8640129.360436, 1450128.665098], [8640128.763272, 1450128.665098], [8640128.763272, 1450131.650919], [8640128.166107, 1450131.650919], [8640128.166107, 1450132.845248], [8640127.568943, 1450132.845248], [8640127.568943, 1450134.039576], [8640126.971779, 1450134.039576], [8640126.971779, 1450137.622562], [8640126.374615, 1450137.622562], [8640126.374615, 1450138.219726], [8640125.77745, 1450138.219726], [8640125.77745, 1450138.816891], [8640125.180286, 1450138.816891], [8640125.180286, 1450139.414055], [8640123.388793, 1450139.414055], [8640123.388793, 1450140.011219], [8640122.791629, 1450140.011219], [8640122.791629, 1450140.608384], [8640122.194465, 1450140.608384], [8640122.194465, 1450141.205548], [8640122.791629, 1450141.205548], [8640122.791629, 1450142.399876], [8640123.388793, 1450142.399876], [8640123.388793, 1450142.997041], [8640123.985958, 1450142.997041], [8640123.985958, 1450143.594205], [8640125.180286, 1450143.594205], [8640125.180286, 1450144.191369], [8640126.374615, 1450144.191369], [8640126.374615, 1450144.788534], [8640129.9576, 1450144.788534], [8640129.9576, 1450144.191369], [8640130.554765, 1450144.191369], [8640130.554765, 1450142.997041], [8640131.151929, 1450142.997041], [8640131.151929, 1450142.399876], [8640132.943422, 1450142.399876], [8640132.943422, 1450142.997041], [8640133.540586, 1450142.997041], [8640133.540586, 1450142.399876], [8640134.13775, 1450142.399876], [8640134.13775, 1450144.191369], [8640134.734915, 1450144.191369], [8640134.734915, 1450144.788534], [8640135.332079, 1450144.788534], [8640135.332079, 1450144.191369], [8640135.929243, 1450144.191369], [8640135.929243, 1450153.148834], [8640135.332079, 1450153.148834], [8640135.332079, 1450150.163012], [8640134.734915, 1450150.163012], [8640134.734915, 1450150.760176], [8640134.13775, 1450150.760176], [8640134.13775, 1450152.551669], [8640133.540586, 1450152.551669], [8640133.540586, 1450153.745998], [8640132.943422, 1450153.745998], [8640132.943422, 1450154.343162], [8640132.346257, 1450154.343162], [8640132.346257, 1450154.940326], [8640131.151929, 1450154.940326], [8640131.151929, 1450154.343162], [8640130.554765, 1450154.343162], [8640130.554765, 1450154.940326], [8640129.360436, 1450154.940326], [8640129.360436, 1450156.134655], [8640130.554765, 1450156.134655], [8640130.554765, 1450155.537491], [8640131.749093, 1450155.537491], [8640131.749093, 1450156.134655], [8640132.346257, 1450156.134655], [8640132.346257, 1450156.731819], [8640132.943422, 1450156.731819], [8640132.943422, 1450159.120476], [8640132.346257, 1450159.120476], [8640132.346257, 1450159.717641], [8640131.151929, 1450159.717641], [8640131.151929, 1450160.314805], [8640130.554765, 1450160.314805], [8640130.554765, 1450161.509134], [8640131.749093, 1450161.509134], [8640131.749093, 1450163.300626], [8640124.583122, 1450163.300626], [8640124.583122, 1450162.703462], [8640123.388793, 1450162.703462], [8640123.388793, 1450162.106298], [8640122.791629, 1450162.106298], [8640122.791629, 1450161.509134], [8640121.5973, 1450161.509134], [8640121.5973, 1450160.911969], [8640120.402972, 1450160.911969], [8640120.402972, 1450160.314805], [8640118.611479, 1450160.314805], [8640118.611479, 1450160.911969], [8640118.014315, 1450160.911969], [8640118.014315, 1450160.314805], [8640116.819986, 1450160.314805], [8640116.819986, 1450160.911969], [8640116.222822, 1450160.911969], [8640116.222822, 1450160.314805], [8640112.639836, 1450160.314805], [8640112.639836, 1450160.911969], [8640106.668193, 1450160.911969], [8640106.668193, 1450161.509134], [8640106.071029, 1450161.509134], [8640106.071029, 1450162.106298], [8640103.682372, 1450162.106298], [8640103.682372, 1450162.703462], [8640101.890879, 1450162.703462], [8640101.890879, 1450163.300626], [8640097.113565, 1450163.300626]], [[8640097.710729, 1450088.057927], [8640098.307893, 1450088.057927], [8640098.307893, 1450086.863598], [8640097.113565, 1450086.863598], [8640097.113565, 1450087.460762], [8640097.710729, 1450087.460762], [8640097.710729, 1450088.057927]], [[8640107.862522, 1450052.825234], [8640109.654015, 1450052.825234], [8640109.654015, 1450052.22807], [8640107.862522, 1450052.22807], [8640107.862522, 1450052.825234]]]}, "properties": {"class": "building", "value": 1}}, {"type": "Feature", "geometry": {"type": "Polygon", "coordinates": [[[8639986.638172, 1450025.355677], [8639986.638172, 1450024.758513], [8639987.235337, 1450024.758513], [8639987.235337, 1450025.355677], [8639986.638172, 1450025.355677]]]}, "properties": {"class": "building", "value": 1}}, {"type": "Feature", "geometry": {"type": "Polygon", "coordinates": [[[8639847.498894, 1450014.60672], [8639847.498894, 1450014.009555], [8639848.096059, 1450014.009555], [8639848.096059, 1450014.60672], [8639847.498894, 1450014.60672]]]}, "properties": {"class": "building", "value": 1}}, {"type": "Feature", "geometry": {"type": "Polygon", "coordinates": [[[8639830.18113, 1450178.826898], [8639830.18113, 1450132.845248], [8639830.778294, 1450132.845248], [8639830.778294, 1450135.831069], [8639831.375459, 1450135.831069], [8639831.375459, 1450134.636741], [8639831.972623, 1450134.636741], [8639831.972623, 1450135.233905], [8639834.958444, 1450135.233905], [8639834.958444, 1450134.636741], [8639836.152773, 1450134.636741], [8639836.152773, 1450134.039576], [8639837.347101, 1450134.039576], [8639837.347101, 1450133.442412], [8639842.72158, 1450133.442412], [8639842.72158, 1450132.845248], [8639845.110237, 1450132.845248], [8639845.110237, 1450133.442412], [8639846.304566, 1450133.442412], [8639846.304566, 1450134.039576], [8639849.290387, 1450134.039576], [8639849.290387, 1450133.442412], [8639850.484716, 1450133.442412], [8639850.484716, 1450134.039576], [8639851.679044, 1450134.039576], [8639851.679044, 1450134.636741], [8639852.873373, 1450134.636741], [8639852.873373, 1450135.233905], [8639855.859194, 1450135.233905], [8639855.859194, 1450136.428234], [8639856.456359, 1450136.428234], [8639856.456359, 1450137.622562], [8639855.859194, 1450137.622562], [8639855.859194, 1450138.219726], [8639856.456359, 1450138.219726], [8639856.456359, 1450138.816891], [8639857.053523, 1450138.816891], [8639857.053523, 1450140.011219], [8639857.650687, 1450140.011219], [8639857.650687, 1450139.414055], [8639859.44218, 1450139.414055], [8639859.44218, 1450140.011219], [8639861.830837, 1450140.011219], [8639861.830837, 1450139.414055], [8639862.428001, 1450139.414055], [8639862.428001, 1450140.011219], [8639863.62233, 1450140.011219], [8639863.62233, 1450139.414055], [8639864.219494, 1450139.414055], [8639864.219494, 1450138.816891], [8639864.816658, 1450138.816891], [8639864.816658, 1450139.414055], [8639865.413823, 1450139.414055], [8639865.413823, 1450138.816891], [8639866.010987, 1450138.816891], [8639866.010987, 1450138.219726], [8639867.205316, 1450138.219726], [8639867.205316, 1450137.622562], [8639868.996808, 1450137.622562], [8639868.996808, 1450137.025398], [8639869.593973, 1450137.025398], [8639869.593973, 1450136.428234], [8639870.191137, 1450136.428234], [8639870.191137, 1450135.831069], [8639873.774123, 1450135.831069], [8639873.774123, 1450135.233905], [8639876.16278, 1450135.233905], [8639876.16278, 1450134.636741], [8639881.537258, 1450134.636741], [8639881.537258, 1450135.233905], [8639883.328751, 1450135.233905], [8639883.328751, 1450135.831069], [8639886.911737, 1450135.831069], [8639886.911737, 1450135.233905], [8639894.674873, 1450135.233905], [8639894.674873, 1450134.636741], [8639900.049351, 1450134.636741], [8639900.049351, 1450134.039576], [8639900.646515, 1450134.039576], [8639900.646515, 1450134.636741], [8639901.24368, 1450134.636741], [8639901.24368, 1450134.039576], [8639903.632337, 1450134.039576], [8639903.632337, 1450134.636741], [8639904.826665, 1450134.636741], [8639904.826665, 1450135.233905], [8639905.42383, 1450135.233905], [8639905.42383, 1450135.831069], [8639906.618158, 1450135.831069], [8639906.618158, 1450136.428234], [8639909.60398, 1450136.428234], [8639909.60398, 1450137.025398], [8639910.201144, 1450137.025398], [8639910.201144, 1450136.428234], [8639910.798308, 1450136.428234], [8639910.798308, 1450137.025398], [8639912.589801, 1450137.025398], [8639912.589801, 1450136.428234], [8639914.978458, 1450136.428234], [8639914.978458, 1450135.831069], [8639919.755773, 1450135.831069], [8639919.755773, 1450136.428234], [8639920.352937, 1450136.428234], [8639920.352937, 1450135.831069], [8639922.14443, 1450135.831069], [8639922.14443, 1450135.233905], [8639923.338758, 1450135.233905], [8639923.338758, 1450134.636741], [8639925.727415, 1450134.636741], [8639925.727415, 1450134.039576], [8639926.32458, 1450134.039576], [8639926.32458, 1450133.442412], [8639926.921744, 1450133.442412], [8639926.921744, 1450134.039576], [8639928.116073, 1450134.039576], [8639928.116073, 1450134.636741], [8639937.073537, 1450134.636741], [8639937.073537, 1450134.039576], [8639938.86503, 1450134.039576], [8639938.86503, 1450134.636741], [8639941.850851, 1450134.636741], [8639941.850851, 1450134.039576], [8639943.04518, 1450134.039576], [8639943.04518, 1450133.442412], [8639944.239508, 1450133.442412], [8639944.239508, 1450132.845248], [8639944.836672, 1450132.845248], [8639944.836672, 1450131.650919], [8639945.433837, 1450131.650919], [8639945.433837, 1450129.859426], [8639944.239508, 1450129.859426], [8639944.239508, 1450128.665098], [8639943.642344, 1450128.665098], [8639943.642344, 1450128.067934], [8639943.04518, 1450128.067934], [8639943.04518, 1450127.470769], [8639942.448015, 1450127.470769], [8639942.448015, 1450126.873605], [8639940.656522, 1450126.873605], [8639940.656522, 1450126.276441], [8639939.462194, 1450126.276441], [8639939.462194, 1450125.679277], [8639934.087715, 1450125.679277], [8639934.087715, 1450125.082112], [8639932.893387, 1450125.082112], [8639932.893387, 1450124.484948], [8639932.296223, 1450124.484948], [8639932.296223, 1450123.887784], [8639931.699058, 1450123.887784], [8639931.699058, 1450122.693455], [8639931.101894, 1450122.693455], [8639931.101894, 1450122.096291], [8639930.50473, 1450122.096291], [8639930.50473, 1450121.499127], [8639929.310401, 1450121.499127], [8639929.310401, 1450120.901962], [8639928.713237, 1450120.901962], [8639928.713237, 1450119.707634], [8639928.116073, 1450119.707634], [8639928.116073, 1450118.513305], [8639926.921744, 1450118.513305], [8639926.921744, 1450117.318977], [8639926.32458, 1450117.318977], [8639926.32458, 1450116.721812], [8639926.921744, 1450116.721812], [8639926.921744, 1450116.124648], [8639926.32458, 1450116.124648], [8639926.32458, 1450114.930319], [8639925.130251, 1450114.930319], [8639925.130251, 1450116.721812], [8639923.935923, 1450116.721812], [8639923.935923, 1450119.110469], [8639923.338758, 1450119.110469], [8639923.338758, 1450120.901962], [8639922.741594, 1450120.901962], [8639922.741594, 1450121.499127], [8639921.547265, 1450121.499127], [8639921.547265, 1450122.693455], [8639919.755773, 1450122.693455], [8639919.755773, 1450123.290619], [8639919.158608, 1450123.290619], [8639919.158608, 1450123.887784], [8639917.367115, 1450123.887784], [8639917.367115, 1450124.484948], [8639915.575623, 1450124.484948], [8639915.575623, 1450123.887784], [8639914.978458, 1450123.887784], [8639914.978458, 1450124.484948], [8639909.006815, 1450124.484948], [8639909.006815, 1450125.082112], [8639908.409651, 1450125.082112], [8639908.409651, 1450125.679277], [8639901.24368, 1450125.679277], [8639901.24368, 1450125.082112], [8639900.049351, 1450125.082112], [8639900.049351, 1450124.484948], [8639898.257858, 1450124.484948], [8639898.257858, 1450123.887784], [8639897.660694, 1450123.887784], [8639897.660694, 1450120.901962], [8639897.06353, 1450120.901962], [8639897.06353, 1450119.110469], [8639896.466366, 1450119.110469], [8639896.466366, 1450118.513305], [8639895.869201, 1450118.513305], [8639895.869201, 1450117.916141], [8639895.272037, 1450117.916141], [8639895.272037, 1450117.318977], [8639894.674873, 1450117.318977], [8639894.674873, 1450115.527484], [8639894.077708, 1450115.527484], [8639894.077708, 1450114.333155], [8639893.480544, 1450114.333155], [8639893.480544, 1450113.735991], [8639892.88338, 1450113.735991], [8639892.88338, 1450112.541662], [8639892.286216, 1450112.541662], [8639892.286216, 1450111.944498], [8639891.689051, 1450111.944498], [8639891.689051, 1450112.541662], [8639890.494723, 1450112.541662], [8639890.494723, 1450111.944498], [8639889.897558, 1450111.944498], [8639889.897558, 1450112.541662], [8639889.300394, 1450112.541662], [8639889.300394, 1450113.138827], [8639888.70323, 1450113.138827], [8639888.70323, 1450114.333155], [8639888.106066, 1450114.333155], [8639888.106066, 1450114.930319], [8639888.70323, 1450114.930319], [8639888.70323, 1450116.124648], [8639888.106066, 1450116.124648], [8639888.106066, 1450117.916141], [8639887.508901, 1450117.916141], [8639887.508901, 1450118.513305], [8639886.911737, 1450118.513305], [8639886.911737, 1450119.707634], [8639886.314573, 1450119.707634], [8639886.314573, 1450120.901962], [8639885.717408, 1450120.901962], [8639885.717408, 1450122.096291], [8639885.120244, 1450122.096291], [8639885.120244, 1450122.693455], [8639884.52308, 1450122.693455], [8639884.52308, 1450123.290619], [8639883.925916, 1450123.290619], [8639883.925916, 1450124.484948], [8639883.328751, 1450124.484948], [8639883.328751, 1450125.679277], [8639881.537258, 1450125.679277], [8639881.537258, 1450126.276441], [8639880.940094, 1450126.276441], [8639880.940094, 1450126.873605], [8639879.745766, 1450126.873605], [8639879.745766, 1450127.470769], [8639877.954273, 1450127.470769], [8639877.954273, 1450128.067934], [8639873.774123, 1450128.067934], [8639873.774123, 1450127.470769], [8639872.579794, 1450127.470769], [8639872.579794, 1450128.067934], [8639870.191137, 1450128.067934], [8639870.191137, 1450127.470769], [8639867.80248, 1450127.470769], [8639867.80248, 1450126.873605], [8639864.816658, 1450126.873605], [8639864.816658, 1450126.276441], [8639863.62233, 1450126.276441], [8639863.62233, 1450125.679277], [8639863.025166, 1450125.679277], [8639863.025166, 1450125.082112], [8639861.830837, 1450125.082112], [8639861.830837, 1450123.290619], [8639861.233673, 1450123.290619], [8639861.233673, 1450122.693455], [8639860.636508, 1450122.693455], [8639860.636508, 1450120.901962], [8639860.039344, 1450120.901962], [8639860.039344, 1450117.318977], [8639859.44218, 1450117.318977], [8639859.44218, 1450114.333155], [8639860.039344, 1450114.333155], [8639860.039344, 1450111.347334], [8639859.44218, 1450111.347334], [8639859.44218, 1450110.153005], [8639858.845016, 1450110.153005], [8639858.845016, 1450102.389869], [8639859.44218, 1450102.389869], [8639859.44218, 1450100.598377], [8639858.845016, 1450100.598377], [8639858.845016, 1450099.404048], [8639858.247851, 1450099.404048], [8639858.247851, 1450098.806884], [8639857.650687, 1450098.806884], [8639857.650687, 1450098.209719], [8639857.053523, 1450098.209719], [8639857.053523, 1450097.612555], [8639856.456359, 1450097.612555], [8639856.456359, 1450096.418227], [8639855.859194, 1450096.418227], [8639855.859194, 1450093.432405], [8639855.26203, 1450093.432405], [8639855.26203, 1450089.849419], [8639855.859194, 1450089.849419], [8639855.859194, 1450088.655091], [8639856.456359, 1450088.655091], [8639856.456359, 1450088.057927], [8639857.053523, 1450088.057927], [8639857.053523, 1450087.460762], [8639857.650687, 1450087.460762], [8639857.650687, 1450085.072105], [8639858.247851, 1450085.072105], [8639858.247851, 1450082.683448], [8639857.650687, 1450082.683448], [8639857.650687, 1450079.697627], [8639857.053523, 1450079.697627], [8639857.053523, 1450077.906134], [8639857.650687, 1450077.906134], [8639857.650687, 1450076.114641], [8639857.053523, 1450076.114641], [8639857.053523, 1450074.920312], [8639857.650687, 1450074.920312], [8639857.650687, 1450072.531655], [8639858.247851, 1450072.531655], [8639858.247851, 1450071.934491], [8639858.845016, 1450071.934491], [8639858.845016, 1450069.545834], [8639858.247851, 1450069.545834], [8639858.247851, 1450065.962848], [8639857.650687, 1450065.962848], [8639857.650687, 1450065.365684], [8639857.053523, 1450065.365684], [8639857.053523, 1450064.76852], [8639855.859194, 1450064.76852], [8639855.859194, 1450064.171355], [8639855.26203, 1450064.171355], [8639855.26203, 1450063.574191], [8639854.664866, 1450063.574191], [8639854.664866, 1450062.977027], [8639852.276209, 1450062.977027], [8639852.276209, 1450062.379862], [8639851.679044, 1450062.379862], [8639851.679044, 1450061.782698], [8639851.08188, 1450061.782698], [8639851.08188, 1450061.185534], [8639849.887551, 1450061.185534], [8639849.887551, 1450060.58837], [8639849.290387, 1450060.58837], [8639849.290387, 1450059.394041], [8639848.693223, 1450059.394041], [8639848.693223, 1450058.199712], [8639848.096059, 1450058.199712], [8639848.096059, 1450056.40822], [8639847.498894, 1450056.40822], [8639847.498894, 1450051.630905], [8639846.90173, 1450051.630905], [8639846.90173, 1450051.033741], [8639845.707401, 1450051.033741], [8639845.707401, 1450051.630905], [8639843.915909, 1450051.630905], [8639843.915909, 1450052.22807], [8639844.513073, 1450052.22807], [8639844.513073, 1450052.825234], [8639843.915909, 1450052.825234], [8639843.915909, 1450053.422398], [8639843.318744, 1450053.422398], [8639843.318744, 1450060.58837], [8639843.915909, 1450060.58837], [8639843.915909, 1450061.782698], [8639844.513073, 1450061.782698], [8639844.513073, 1450063.574191], [8639843.915909, 1450063.574191], [8639843.915909, 1450068.351505], [8639844.513073, 1450068.351505], [8639844.513073, 1450069.545834], [8639845.110237, 1450069.545834], [8639845.110237, 1450070.740162], [8639845.707401, 1450070.740162], [8639845.707401, 1450071.337327], [8639846.304566, 1450071.337327], [8639846.304566, 1450071.934491], [8639846.90173, 1450071.934491], [8639846.90173, 1450072.531655], [8639847.498894, 1450072.531655], [8639847.498894, 1450073.12882], [8639848.096059, 1450073.12882], [8639848.096059, 1450074.323148], [8639848.693223, 1450074.323148], [8639848.693223, 1450076.711805], [8639849.290387, 1450076.711805], [8639849.290387, 1450077.906134], [8639849.887551, 1450077.906134], [8639849.887551, 1450078.503298], [8639850.484716, 1450078.503298], [8639850.484716, 1450084.474941], [8639849.887551, 1450084.474941], [8639849.887551, 1450092.238077], [8639849.290387, 1450092.238077], [8639849.290387, 1450092.835241], [8639849.887551, 1450092.835241], [8639849.887551, 1450093.432405], [8639849.290387, 1450093.432405], [8639849.290387, 1450096.418227], [8639848.693223, 1450096.418227], [8639848.693223, 1450101.195541], [8639849.290387, 1450101.195541], [8639849.290387, 1450102.389869], [8639849.887551, 1450102.389869], [8639849.887551, 1450102.987034], [8639850.484716, 1450102.987034], [8639850.484716, 1450103.584198], [8639849.887551, 1450103.584198], [8639849.887551, 1450104.181362], [8639850.484716, 1450104.181362], [8639850.484716, 1450105.375691], [8639852.276209, 1450105.375691], [8639852.276209, 1450105.972855], [8639851.679044, 1450105.972855], [8639851.679044, 1450107.764348], [8639852.276209, 1450107.764348], [8639852.276209, 1450108.361512], [8639852.873373, 1450108.361512], [8639852.873373, 1450108.958677], [8639853.470537, 1450108.958677], [8639853.470537, 1450110.153005], [8639852.873373, 1450110.153005], [8639852.873373, 1450110.750169], [8639853.470537, 1450110.750169], [8639853.470537, 1450111.944498], [8639852.873373, 1450111.944498], [8639852.873373, 1450112.541662], [8639853.470537, 1450112.541662], [8639853.470537, 1450113.735991], [8639852.873373, 1450113.735991], [8639852.873373, 1450116.124648], [8639852.276209, 1450116.124648], [8639852.276209, 1450118.513305], [8639851.679044, 1450118.513305], [8639851.679044, 1450119.110469], [8639851.08188, 1450119.110469], [8639851.08188, 1450120.304798], [8639850.484716, 1450120.304798], [8639850.484716, 1450122.096291], [8639849.887551, 1450122.096291], [8639849.887551, 1450123.290619], [8639849.290387, 1450123.290619], [8639849.290387, 1450124.484948], [8639848.693223, 1450124.484948], [8639848.693223, 1450125.082112], [8639848.096059, 1450125.082112], [8639848.096059, 1450125.679277], [8639846.90173, 1450125.679277], [8639846.90173, 1450126.276441], [8639845.110237, 1450126.276441], [8639845.110237, 1450126.873605], [8639843.318744, 1450126.873605], [8639843.318744, 1450127.470769], [8639840.930087, 1450127.470769], [8639840.930087, 1450128.067934], [8639837.944266, 1450128.067934], [8639837.944266, 1450128.665098], [8639836.152773, 1450128.665098], [8639836.152773, 1450128.067934], [8639833.166951, 1450128.067934], [8639833.166951, 1450128.665098], [8639831.375459, 1450128.665098], [8639831.375459, 1450128.067934], [8639830.778294, 1450128.067934], [8639830.778294, 1450131.053755], [8639830.18113, 1450131.053755], [8639830.18113, 1450010.42657], [8639848.096059, 1450010.42657], [8639848.096059, 1450011.023734], [8639843.915909, 1450011.023734], [8639843.915909, 1450011.620898], [8639845.110237, 1450011.620898], [8639845.110237, 1450012.218063], [8639844.513073, 1450012.218063], [8639844.513073, 1450012.815227], [8639845.110237, 1450012.815227], [8639845.110237, 1450014.009555], [8639845.707401, 1450014.009555], [8639845.707401, 1450014.60672], [8639845.110237, 1450014.60672], [8639845.110237, 1450015.203884], [8639846.304566, 1450015.203884], [8639846.304566, 1450015.801048], [8639845.707401, 1450015.801048], [8639845.707401, 1450016.398213], [8639846.304566, 1450016.398213], [8639846.304566, 1450016.995377], [8639846.90173, 1450016.995377], [8639846.90173, 1450018.78687], [8639848.096059, 1450018.78687], [8639848.096059, 1450017.592541], [8639849.290387, 1450017.592541], [8639849.290387, 1450016.398213], [8639850.484716, 1450016.398213], [8639850.484716, 1450015.801048], [8639851.08188, 1450015.801048], [8639851.08188, 1450014.60672], [8639850.484716, 1450014.60672], [8639850.484716, 1450012.815227], [8639851.679044, 1450012.815227], [8639851.679044, 1450012.218063], [8639850.484716, 1450012.218063], [8639850.484716, 1450011.620898], [8639851.08188, 1450011.620898], [8639851.08188, 1450011.023734], [8639849.887551, 1450011.023734], [8639849.887551, 1450010.42657], [8639950.211151, 1450010.42657], [8639950.211151, 1450011.023734], [8639948.419658, 1450011.023734], [8639948.419658, 1450011.620898], [8639949.016822, 1450011.620898], [8639949.016822, 1450012.218063], [8639947.822494, 1450012.218063], [8639947.822494, 1450013.412391], [8639946.628165, 1450013.412391], [8639946.628165, 1450014.009555], [8639945.433837, 1450014.009555], [8639945.433837, 1450015.203884], [8639944.836672, 1450015.203884], [8639944.836672, 1450016.995377], [8639945.433837, 1450016.995377], [8639945.433837, 1450018.78687], [8639946.031001, 1450018.78687], [8639946.031001, 1450020.578363], [8639946.628165, 1450020.578363], [8639946.628165, 1450021.175527], [8639948.419658, 1450021.175527], [8639948.419658, 1450022.96702], [8639949.016822, 1450022.96702], [8639949.016822, 1450024.161348], [8639950.211151, 1450024.161348], [8639950.211151, 1450024.758513], [8639950.808315, 1450024.758513], [8639950.808315, 1450025.355677], [8639951.40548, 1450025.355677], [8639951.40548, 1450025.952841], [8639950.808315, 1450025.952841], [8639950.808315, 1450026.550005], [8639951.40548, 1450026.550005], [8639951.40548, 1450028.938663], [8639950.808315, 1450028.938663], [8639950.808315, 1450029.535827], [8639949.016822, 1450029.535827], [8639949.016822, 1450031.924484], [8639949.613987, 1450031.924484], [8639949.613987, 1450032.521648], [8639949.016822, 1450032.521648], [8639949.016822, 1450033.118813], [8639950.211151, 1450033.118813], [8639950.211151, 1450034.313141], [8639949.613987, 1450034.313141], [8639949.613987, 1450034.910305], [8639950.211151, 1450034.910305], [8639950.211151, 1450035.50747], [8639950.808315, 1450035.50747], [8639950.808315, 1450036.104634], [8639951.40548, 1450036.104634], [8639951.40548, 1450037.298963], [8639952.002644, 1450037.298963], [8639952.002644, 1450038.493291], [8639953.196972, 1450038.493291], [8639953.196972, 1450039.090455], [8639953.794137, 1450039.090455], [8639953.794137, 1450040.284784], [8639954.391301, 1450040.284784], [8639954.391301, 1450040.881948], [8639955.58563, 1450040.881948], [8639955.58563, 1450039.68762], [8639956.182794, 1450039.68762], [8639956.182794, 1450039.090455], [8639957.377122, 1450039.090455], [8639957.377122, 1450038.493291], [8639958.571451, 1450038.493291], [8639958.571451, 1450039.090455], [8639959.168615, 1450039.090455], [8639959.168615, 1450039.68762], [8639960.362944, 1450039.68762], [8639960.362944, 1450039.090455], [8639960.960108, 1450039.090455], [8639960.960108, 1450037.298963], [8639961.557272, 1450037.298963], [8639961.557272, 1450036.104634], [8639960.960108, 1450036.104634], [8639960.960108, 1450034.313141], [8639960.362944, 1450034.313141], [8639960.362944, 1450033.715977], [8639959.76578, 1450033.715977], [8639959.76578, 1450032.521648], [8639959.168615, 1450032.521648], [8639959.168615, 1450031.924484], [8639959.76578, 1450031.924484], [8639959.76578, 1450031.32732], [8639960.362944, 1450031.32732], [8639960.362944, 1450030.132991], [8639958.571451, 1450030.132991], [8639958.571451, 1450028.341498], [8639957.974287, 1450028.341498], [8639957.974287, 1450027.744334], [8639956.779958, 1450027.744334], [8639956.779958, 1450026.550005], [8639956.182794, 1450026.550005], [8639956.182794, 1450022.96702], [8639955.58563, 1450022.96702], [8639955.58563, 1450021.772691], [8639956.779958, 1450021.772691], [8639956.779958, 1450019.981198], [8639957.377122, 1450019.981198], [8639957.377122, 1450017.592541], [8639957.974287, 1450017.592541], [8639957.974287, 1450015.801048], [8639957.377122, 1450015.801048], [8639957.377122, 1450014.60672], [8639957.974287, 1450014.60672], [8639957.974287, 1450012.815227], [8639957.377122, 1450012.815227], [8639957.377122, 1450012.218063], [8639956.182794, 1450012.218063], [8639956.182794, 1450011.620898], [8639956.779958, 1450011.620898], [8639956.779958, 1450011.023734], [8639954.391301, 1450011.023734], [8639954.391301, 1450010.42657], [8639981.860858, 1450010.42657], [8639981.860858, 1450011.023734], [8639980.666529, 1450011.023734], [8639980.666529, 1450011.620898], [8639981.263694, 1450011.620898], [8639981.263694, 1450012.218063], [8639980.069365, 1450012.218063], [8639980.069365, 1450012.815227], [8639981.263694, 1450012.815227], [8639981.263694, 1450013.412391], [8639986.041008, 1450013.412391], [8639986.041008, 1450014.009555], [8639987.832501, 1450014.009555], [8639987.832501, 1450012.218063], [8639987.235337, 1450012.218063], [8639987.235337, 1450011.023734], [8639984.249515, 1450011.023734], [8639984.249515, 1450010.42657], [8640062.478036, 1450010.42657], [8640062.478036, 1450011.023734], [8640061.880872, 1450011.023734], [8640061.880872, 1450011.620898], [8640062.478036, 1450011.620898], [8640062.478036, 1450012.815227], [8640061.880872, 1450012.815227], [8640061.880872, 1450013.412391], [8640060.686543, 1450013.412391], [8640060.686543, 1450014.60672], [8640060.089379, 1450014.60672], [8640060.089379, 1450016.398213], [8640060.686543, 1450016.398213], [8640060.686543, 1450019.384034], [8640061.283708, 1450019.384034], [8640061.283708, 1450019.981198], [8640061.880872, 1450019.981198], [8640061.880872, 1450021.772691], [8640062.478036, 1450021.772691], [8640062.478036, 1450022.369855], [8640063.075201, 1450022.369855], [8640063.075201, 1450022.96702], [8640064.866693, 1450022.96702], [8640064.866693, 1450024.161348], [8640064.269529, 1450024.161348], [8640064.269529, 1450025.355677], [8640063.672365, 1450025.355677], [8640063.672365, 1450025.952841], [8640063.075201, 1450025.952841], [8640063.075201, 1450027.744334], [8640062.478036, 1450027.744334], [8640062.478036, 1450028.938663], [8640061.880872, 1450028.938663], [8640061.880872, 1450030.132991], [8640061.283708, 1450030.132991], [8640061.283708, 1450030.730155], [8640061.880872, 1450030.730155], [8640061.880872, 1450031.924484], [8640062.478036, 1450031.924484], [8640062.478036, 1450033.118813], [8640063.075201, 1450033.118813], [8640063.075201, 1450033.715977], [8640063.672365, 1450033.715977], [8640063.672365, 1450034.313141], [8640063.075201, 1450034.313141], [8640063.075201, 1450037.896127], [8640063.672365, 1450037.896127], [8640063.672365, 1450038.493291], [8640064.269529, 1450038.493291], [8640064.269529, 1450040.284784], [8640064.866693, 1450040.284784], [8640064.866693, 1450042.673441], [8640065.463858, 1450042.673441], [8640065.463858, 1450044.464934], [8640066.061022, 1450044.464934], [8640066.061022, 1450046.853591], [8640065.463858, 1450046.853591], [8640065.463858, 1450049.242248], [8640066.061022, 1450049.242248], [8640066.061022, 1450049.839413], [8640065.463858, 1450049.839413], [8640065.463858, 1450050.436577], [8640066.061022, 1450050.436577], [8640066.061022, 1450054.019562], [8640065.463858, 1450054.019562], [8640065.463858, 1450054.616727], [8640064.866693, 1450054.616727], [8640064.866693, 1450055.213891], [8640064.269529, 1450055.213891], [8640064.269529, 1450055.811055], [8640063.672365, 1450055.811055], [8640063.672365, 1450057.602548], [8640063.075201, 1450057.602548], [8640063.075201, 1450058.796877], [8640063.672365, 1450058.796877], [8640063.672365, 1450059.991205], [8640064.269529, 1450059.991205], [8640064.269529, 1450061.782698], [8640064.866693, 1450061.782698], [8640064.866693, 1450062.379862], [8640065.463858, 1450062.379862], [8640065.463858, 1450064.171355], [8640066.061022, 1450064.171355], [8640066.061022, 1450067.157177], [8640065.463858, 1450067.157177], [8640065.463858, 1450068.351505], [8640066.061022, 1450068.351505], [8640066.061022, 1450068.94867], [8640066.658186, 1450068.94867], [8640066.658186, 1450069.545834], [8640067.255351, 1450069.545834], [8640067.255351, 1450070.740162], [8640067.852515, 1450070.740162], [8640067.852515, 1450071.934491], [8640068.449679, 1450071.934491], [8640068.449679, 1450073.12882], [8640069.046843, 1450073.12882], [8640069.046843, 1450073.725984], [8640069.644008, 1450073.725984], [8640069.644008, 1450074.323148], [8640070.241172, 1450074.323148], [8640070.241172, 1450077.906134], [8640069.644008, 1450077.906134], [8640069.644008, 1450079.100462], [8640069.046843, 1450079.100462], [8640069.046843, 1450079.697627], [8640068.449679, 1450079.697627], [8640068.449679, 1450080.294791], [8640067.852515, 1450080.294791], [8640067.852515, 1450080.891955], [8640067.255351, 1450080.891955], [8640067.255351, 1450082.086284], [8640066.061022, 1450082.086284], [8640066.061022, 1450082.683448], [8640065.463858, 1450082.683448], [8640065.463858, 1450084.474941], [8640067.255351, 1450084.474941], [8640067.255351, 1450086.266434], [8640067.852515, 1450086.266434], [8640067.852515, 1450086.863598], [8640068.449679, 1450086.863598], [8640068.449679, 1450087.460762], [8640067.852515, 1450087.460762], [8640067.852515, 1450088.057927], [8640067.255351, 1450088.057927], [8640067.255351, 1450092.835241], [8640067.852515, 1450092.835241], [8640067.852515, 1450094.029569], [8640068.449679, 1450094.029569], [8640068.449679, 1450098.209719], [8640069.046843, 1450098.209719], [8640069.046843, 1450105.972855], [8640069.644008, 1450105.972855], [8640069.644008, 1450107.167184], [8640070.838336, 1450107.167184], [8640070.838336, 1450107.764348], [8640072.032665, 1450107.764348], [8640072.032665, 1450109.555841], [8640072.629829, 1450109.555841], [8640072.629829, 1450114.333155], [8640072.032665, 1450114.333155], [8640072.032665, 1450115.527484], [8640071.435501, 1450115.527484], [8640071.435501, 1450116.124648], [8640070.241172, 1450116.124648], [8640070.241172, 1450116.721812], [8640069.644008, 1450116.721812], [8640069.644008, 1450117.318977], [8640068.449679, 1450117.318977], [8640068.449679, 1450117.916141], [8640067.852515, 1450117.916141], [8640067.852515, 1450118.513305], [8640067.255351, 1450118.513305], [8640067.255351, 1450119.110469], [8640066.658186, 1450119.110469], [8640066.658186, 1450119.707634], [8640065.463858, 1450119.707634], [8640065.463858, 1450120.304798], [8640064.866693, 1450120.304798], [8640064.866693, 1450120.901962], [8640064.269529, 1450120.901962], [8640064.269529, 1450121.499127], [8640063.672365, 1450121.499127], [8640063.672365, 1450122.096291], [8640063.075201, 1450122.096291], [8640063.075201, 1450124.484948], [8640063.672365, 1450124.484948], [8640063.672365, 1450125.082112], [8640065.463858, 1450125.082112], [8640065.463858, 1450125.679277], [8640066.061022, 1450125.679277], [8640066.061022, 1450126.276441], [8640067.255351, 1450126.276441], [8640067.255351, 1450128.665098], [8640068.449679, 1450128.665098], [8640068.449679, 1450129.262262], [8640069.644008, 1450129.262262], [8640069.644008, 1450131.053755], [8640070.241172, 1450131.053755], [8640070.241172, 1450132.248084], [8640070.838336, 1450132.248084], [8640070.838336, 1450133.442412], [8640071.435501, 1450133.442412], [8640071.435501, 1450134.039576], [8640072.032665, 1450134.039576], [8640072.032665, 1450135.831069], [8640072.629829, 1450135.831069], [8640072.629829, 1450137.622562], [8640073.226993, 1450137.622562], [8640073.226993, 1450138.219726], [8640073.824158, 1450138.219726], [8640073.824158, 1450137.025398], [8640074.421322, 1450137.025398], [8640074.421322, 1450138.219726], [8640075.018486, 1450138.219726], [8640075.018486, 1450139.414055], [8640074.421322, 1450139.414055], [8640074.421322, 1450141.802712], [8640076.212815, 1450141.802712], [8640076.212815, 1450142.997041], [8640076.809979, 1450142.997041], [8640076.809979, 1450143.594205], [8640077.407143, 1450143.594205], [8640077.407143, 1450144.788534], [8640076.809979, 1450144.788534], [8640076.809979, 1450145.982862], [8640076.212815, 1450145.982862], [8640076.212815, 1450146.580026], [8640075.615651, 1450146.580026], [8640075.615651, 1450147.177191], [8640076.212815, 1450147.177191], [8640076.212815, 1450147.774355], [8640075.615651, 1450147.774355], [8640075.615651, 1450148.371519], [8640074.421322, 1450148.371519], [8640074.421322, 1450148.968684], [8640073.824158, 1450148.968684], [8640073.824158, 1450149.565848], [8640072.032665, 1450149.565848], [8640072.032665, 1450151.357341], [8640071.435501, 1450151.357341], [8640071.435501, 1450151.954505], [8640070.838336, 1450151.954505], [8640070.838336, 1450152.551669], [8640069.644008, 1450152.551669], [8640069.644008, 1450153.148834], [8640072.032665, 1450153.148834], [8640072.032665, 1450156.134655], [8640071.435501, 1450156.134655], [8640071.435501, 1450156.731819], [8640069.644008, 1450156.731819], [8640069.644008, 1450160.314805], [8640070.241172, 1450160.314805], [8640070.241172, 1450160.911969], [8640070.838336, 1450160.911969], [8640070.838336, 1450161.509134], [8640073.226993, 1450161.509134], [8640073.226993, 1450163.300626], [8640071.435501, 1450163.300626], [8640071.435501, 1450163.897791], [8640070.241172, 1450163.897791], [8640070.241172, 1450164.494955], [8640069.644008, 1450164.494955], [8640069.644008, 1450165.092119], [8640069.046843, 1450165.092119], [8640069.046843, 1450165.689283], [8640067.852515, 1450165.689283], [8640067.852515, 1450166.286448], [8640066.061022, 1450166.286448], [8640066.061022, 1450166.883612], [8640063.672365, 1450166.883612], [8640063.672365, 1450167.480776], [8640063.075201, 1450167.480776], [8640063.075201, 1450166.883612], [8640062.478036, 1450166.883612], [8640062.478036, 1450167.480776], [8640056.506393, 1450167.480776], [8640056.506393, 1450166.883612], [8640051.729079, 1450166.883612], [8640051.729079, 1450167.480776], [8640049.340422, 1450167.480776], [8640049.340422, 1450168.077941], [8640043.368779, 1450168.077941], [8640043.368779, 1450168.675105], [8640042.174451, 1450168.675105], [8640042.174451, 1450169.272269], [8640039.785794, 1450169.272269], [8640039.785794, 1450168.077941], [8640039.188629, 1450168.077941], [8640039.188629, 1450166.286448], [8640039.785794, 1450166.286448], [8640039.785794, 1450165.689283], [8640039.188629, 1450165.689283], [8640039.188629, 1450164.494955], [8640037.994301, 1450164.494955], [8640037.994301, 1450163.897791], [8640037.397136, 1450163.897791], [8640037.397136, 1450163.300626], [8640036.799972, 1450163.300626], [8640036.799972, 1450162.703462], [8640035.605644, 1450162.703462], [8640035.605644, 1450162.106298], [8640034.411315, 1450162.106298], [8640034.411315, 1450161.509134], [8640033.814151, 1450161.509134], [8640033.814151, 1450162.703462], [8640032.022658, 1450162.703462], [8640032.022658, 1450163.300626], [8640031.425494, 1450163.300626], [8640031.425494, 1450163.897791], [8640032.022658, 1450163.897791], [8640032.022658, 1450164.494955], [8640031.425494, 1450164.494955], [8640031.425494, 1450165.092119], [8640032.022658, 1450165.092119], [8640032.022658, 1450166.883612], [8640032.619822, 1450166.883612], [8640032.619822, 1450167.480776], [8640034.411315, 1450167.480776], [8640034.411315, 1450168.077941], [8640033.216986, 1450168.077941], [8640033.216986, 1450169.272269], [8640031.425494, 1450169.272269], [8640031.425494, 1450169.869433], [8640030.828329, 1450169.869433], [8640030.828329, 1450170.466598], [8640027.842508, 1450170.466598], [8640027.842508, 1450171.063762], [8640027.245344, 1450171.063762], [8640027.245344, 1450171.660926], [8640022.468029, 1450171.660926], [8640022.468029, 1450172.258091], [8640017.093551, 1450172.258091], [8640017.093551, 1450171.660926], [8640002.761608, 1450171.660926], [8640002.761608, 1450171.063762], [8640002.164444, 1450171.063762], [8640002.164444, 1450170.466598], [8639999.178622, 1450170.466598], [8639999.178622, 1450169.869433], [8639997.984294, 1450169.869433], [8639997.984294, 1450170.466598], [8639996.789965, 1450170.466598], [8639996.789965, 1450169.869433], [8639996.192801, 1450169.869433], [8639996.192801, 1450170.466598], [8639994.401308, 1450170.466598], [8639994.401308, 1450169.869433], [8639990.818322, 1450169.869433], [8639990.818322, 1450169.272269], [8639979.472201, 1450169.272269], [8639979.472201, 1450169.869433], [8639978.875037, 1450169.869433], [8639978.875037, 1450169.272269], [8639967.528915, 1450169.272269], [8639967.528915, 1450168.675105], [8639968.12608, 1450168.675105], [8639968.12608, 1450168.077941], [8639969.320408, 1450168.077941], [8639969.320408, 1450167.480776], [8639968.723244, 1450167.480776], [8639968.723244, 1450166.883612], [8639965.737422, 1450166.883612], [8639965.737422, 1450167.480776], [8639960.362944, 1450167.480776], [8639960.362944, 1450166.883612], [8639958.571451, 1450166.883612], [8639958.571451, 1450167.480776], [8639956.779958, 1450167.480776], [8639956.779958, 1450169.272269], [8639956.182794, 1450169.272269], [8639956.182794, 1450170.466598], [8639953.196972, 1450170.466598], [8639953.196972, 1450169.869433], [8639952.599808, 1450169.869433], [8639952.599808, 1450169.272269], [8639951.40548, 1450169.272269], [8639951.40548, 1450169.869433], [8639950.808315, 1450169.869433], [8639950.808315, 1450170.466598], [8639948.419658, 1450170.466598], [8639948.419658, 1450169.869433], [8639949.016822, 1450169.869433], [8639949.016822, 1450169.272269], [8639946.628165, 1450169.272269], [8639946.628165, 1450170.466598], [8639944.836672, 1450170.466598], [8639944.836672, 1450169.869433], [8639945.433837, 1450169.869433], [8639945.433837, 1450169.272269], [8639940.656522, 1450169.272269], [8639940.656522, 1450169.869433], [8639941.253687, 1450169.869433], [8639941.253687, 1450170.466598], [8639939.462194, 1450170.466598], [8639939.462194, 1450171.063762], [8639938.267865, 1450171.063762], [8639938.267865, 1450171.660926], [8639935.879208, 1450171.660926], [8639935.879208, 1450172.258091], [8639934.68488, 1450172.258091], [8639934.68488, 1450172.855255], [8639933.490551, 1450172.855255], [8639933.490551, 1450173.452419], [8639931.699058, 1450173.452419], [8639931.699058, 1450174.049583], [8639922.741594, 1450174.049583], [8639922.741594, 1450173.452419], [8639921.547265, 1450173.452419], [8639921.547265, 1450172.855255], [8639919.755773, 1450172.855255], [8639919.755773, 1450172.258091], [8639919.158608, 1450172.258091], [8639919.158608, 1450171.660926], [8639918.561444, 1450171.660926], [8639918.561444, 1450170.466598], [8639917.96428, 1450170.466598], [8639917.96428, 1450169.869433], [8639910.798308, 1450169.869433], [8639910.798308, 1450171.063762], [8639909.60398, 1450171.063762], [8639909.60398, 1450171.660926], [8639908.409651, 1450171.660926], [8639908.409651, 1450172.258091], [8639906.618158, 1450172.258091], [8639906.618158, 1450172.855255], [8639905.42383, 1450172.855255], [8639905.42383, 1450173.452419], [8639904.826665, 1450173.452419], [8639904.826665, 1450174.049583], [8639901.840844, 1450174.049583], [8639901.840844, 1450174.646748], [8639900.049351, 1450174.646748], [8639900.049351, 1450175.243912], [8639898.257858, 1450175.243912], [8639898.257858, 1450174.646748], [8639897.06353, 1450174.646748], [8639897.06353, 1450175.243912], [8639895.272037, 1450175.243912], [8639895.272037, 1450174.646748], [8639893.480544, 1450174.646748], [8639893.480544, 1450174.049583], [8639892.88338, 1450174.049583], [8639892.88338, 1450172.855255], [8639889.897558, 1450172.855255], [8639889.897558, 1450172.258091], [8639889.300394, 1450172.258091], [8639889.300394, 1450172.855255], [8639888.106066, 1450172.855255], [8639888.106066, 1450173.452419], [8639886.314573, 1450173.452419], [8639886.314573, 1450174.049583], [8639885.717408, 1450174.049583], [8639885.717408, 1450174.646748], [8639882.134423, 1450174.646748], [8639882.134423, 1450175.243912], [8639880.34293, 1450175.243912], [8639880.34293, 1450175.841076], [8639879.745766, 1450175.841076], [8639879.745766, 1450176.438241], [8639876.16278, 1450176.438241], [8639876.16278, 1450177.035405], [8639864.816658, 1450177.035405], [8639864.816658, 1450176.438241], [8639861.830837, 1450176.438241], [8639861.830837, 1450175.841076], [8639861.233673, 1450175.841076], [8639861.233673, 1450175.243912], [8639860.039344, 1450175.243912], [8639860.039344, 1450174.646748], [8639851.08188, 1450174.646748], [8639851.08188, 1450175.243912], [8639848.096059, 1450175.243912], [8639848.096059, 1450175.841076], [8639846.304566, 1450175.841076], [8639846.304566, 1450176.438241], [8639844.513073, 1450176.438241], [8639844.513073, 1450177.035405], [8639842.72158, 1450177.035405], [8639842.72158, 1450177.632569], [8639839.138594, 1450177.632569], [8639839.138594, 1450178.229733], [8639837.347101, 1450178.229733], [8639837.347101, 1450177.632569], [8639834.36128, 1450177.632569], [8639834.36128, 1450178.229733], [8639833.166951, 1450178.229733], [8639833.166951, 1450177.632569], [8639831.375459, 1450177.632569], [8639831.375459, 1450177.035405], [8639830.778294, 1450177.035405], [8639830.778294, 1450178.826898], [8639830.18113, 1450178.826898]], [[8639947.22533, 1450167.480776], [8639948.419658, 1450167.480776], [8639948.419658, 1450166.883612], [8639947.22533, 1450166.883612], [8639947.22533, 1450167.480776]], [[8639947.822494, 1450159.120476], [8639949.613987, 1450159.120476], [8639949.613987, 1450156.731819], [8639948.419658, 1450156.731819], [8639948.419658, 1450156.134655], [8639946.031001, 1450156.134655], [8639946.031001, 1450156.731819], [8639944.836672, 1450156.731819], [8639944.836672, 1450157.328984], [8639945.433837, 1450157.328984], [8639945.433837, 1450157.926148], [8639946.628165, 1450157.926148], [8639946.628165, 1450158.523312], [8639947.22533, 1450158.523312], [8639947.22533, 1450157.926148], [8639947.822494, 1450157.926148], [8639947.822494, 1450159.120476]], [[8639994.401308, 1450150.163012], [8639994.998472, 1450150.163012], [8639994.998472, 1450149.565848], [8639995.595637, 1450149.565848], [8639995.595637, 1450148.371519], [8639993.804144, 1450148.371519], [8639993.804144, 1450148.968684], [8639994.401308, 1450148.968684], [8639994.401308, 1450150.163012]], [[8640030.828329, 1450142.997041], [8640032.022658, 1450142.997041], [8640032.022658, 1450141.802712], [8640033.814151, 1450141.802712], [8640033.814151, 1450140.608384], [8640034.411315, 1450140.608384], [8640034.411315, 1450141.205548], [8640035.008479, 1450141.205548], [8640035.008479, 1450138.219726], [8640036.202808, 1450138.219726], [8640036.202808, 1450137.025398], [8640036.799972, 1450137.025398], [8640036.799972, 1450136.428234], [8640037.397136, 1450136.428234], [8640037.397136, 1450129.859426], [8640036.799972, 1450129.859426], [8640036.799972, 1450126.873605], [8640037.397136, 1450126.873605], [8640037.397136, 1450125.679277], [8640037.994301, 1450125.679277], [8640037.994301, 1450123.887784], [8640037.397136, 1450123.887784], [8640037.397136, 1450123.290619], [8640036.202808, 1450123.290619], [8640036.202808, 1450122.096291], [8640035.605644, 1450122.096291], [8640035.605644, 1450120.901962], [8640035.008479, 1450120.901962], [8640035.008479, 1450118.513305], [8640034.411315, 1450118.513305], [8640034.411315, 1450116.721812], [8640033.814151, 1450116.721812], [8640033.814151, 1450111.347334], [8640033.216986, 1450111.347334], [8640033.216986, 1450108.958677], [8640032.619822, 1450108.958677], [8640032.619822, 1450107.764348], [8640032.022658, 1450107.764348], [8640032.022658, 1450103.584198], [8640031.425494, 1450103.584198], [8640031.425494, 1450102.389869], [8640030.828329, 1450102.389869], [8640030.828329, 1450101.792705], [8640031.425494, 1450101.792705], [8640031.425494, 1450101.195541], [8640030.828329, 1450101.195541], [8640030.828329, 1450100.598377], [8640031.425494, 1450100.598377], [8640031.425494, 1450096.418227], [8640032.022658, 1450096.418227], [8640032.022658, 1450094.626734], [8640031.425494, 1450094.626734], [8640031.425494, 1450092.835241], [8640030.828329, 1450092.835241], [8640030.828329, 1450091.043748], [8640030.231165, 1450091.043748], [8640030.231165, 1450088.655091], [8640029.634001, 1450088.655091], [8640029.634001, 1450087.460762], [8640029.036836, 1450087.460762], [8640029.036836, 1450083.280612], [8640028.439672, 1450083.280612], [8640028.439672, 1450075.517477], [8640029.036836, 1450075.517477], [8640029.036836, 1450074.323148], [8640029.634001, 1450074.323148], [8640029.634001, 1450071.934491], [8640030.231165, 1450071.934491], [8640030.231165, 1450071.337327], [8640030.828329, 1450071.337327], [8640030.828329, 1450070.142998], [8640031.425494, 1450070.142998], [8640031.425494, 1450068.351505], [8640030.828329, 1450068.351505], [8640030.828329, 1450065.365684], [8640030.231165, 1450065.365684], [8640030.231165, 1450061.782698], [8640029.634001, 1450061.782698], [8640029.634001, 1450059.991205], [8640030.231165, 1450059.991205], [8640030.231165, 1450058.199712], [8640029.634001, 1450058.199712], [8640029.634001, 1450053.422398], [8640029.036836, 1450053.422398], [8640029.036836, 1450048.04792], [8640029.634001, 1450048.04792], [8640029.634001, 1450046.853591], [8640030.231165, 1450046.853591], [8640030.231165, 1450046.256427], [8640030.828329, 1450046.256427], [8640030.828329, 1450044.464934], [8640030.231165, 1450044.464934], [8640030.231165, 1450042.076277], [8640029.634001, 1450042.076277], [8640029.634001, 1450038.493291], [8640030.231165, 1450038.493291], [8640030.231165, 1450037.298963], [8640030.828329, 1450037.298963], [8640030.828329, 1450034.313141], [8640030.231165, 1450034.313141], [8640030.231165, 1450031.924484], [8640029.634001, 1450031.924484], [8640029.634001, 1450031.32732], [8640029.036836, 1450031.32732], [8640029.036836, 1450029.535827], [8640028.439672, 1450029.535827], [8640028.439672, 1450028.341498], [8640027.842508, 1450028.341498], [8640027.842508, 1450027.744334], [8640027.245344, 1450027.744334], [8640027.245344, 1450027.14717], [8640027.842508, 1450027.14717], [8640027.842508, 1450025.355677], [8640028.439672, 1450025.355677], [8640028.439672, 1450022.96702], [8640027.842508, 1450022.96702], [8640027.842508, 1450022.369855], [8640028.439672, 1450022.369855], [8640028.439672, 1450017.592541], [8640029.036836, 1450017.592541], [8640029.036836, 1450016.995377], [8640028.439672, 1450016.995377], [8640028.439672, 1450016.398213], [8640029.036836, 1450016.398213], [8640029.036836, 1450015.801048], [8640028.439672, 1450015.801048], [8640028.439672, 1450015.203884], [8640027.842508, 1450015.203884], [8640027.842508, 1450014.60672], [8640027.245344, 1450014.60672], [8640027.245344, 1450013.412391], [8640027.842508, 1450013.412391], [8640027.842508, 1450012.815227], [8640028.439672, 1450012.815227], [8640028.439672, 1450012.218063], [8640025.453851, 1450012.218063], [8640025.453851, 1450012.815227], [8640024.259522, 1450012.815227], [8640024.259522, 1450012.218063], [8640020.079372, 1450012.218063], [8640020.079372, 1450013.412391], [8640018.885044, 1450013.412391], [8640018.885044, 1450014.60672], [8640019.482208, 1450014.60672], [8640019.482208, 1450016.398213], [8640020.079372, 1450016.398213], [8640020.079372, 1450016.995377], [8640018.287879, 1450016.995377], [8640018.287879, 1450017.592541], [8640018.885044, 1450017.592541], [8640018.885044, 1450018.189705], [8640021.273701, 1450018.189705], [8640021.273701, 1450018.78687], [8640023.662358, 1450018.78687], [8640023.662358, 1450019.384034], [8640024.259522, 1450019.384034], [8640024.259522, 1450022.96702], [8640023.662358, 1450022.96702], [8640023.662358, 1450024.161348], [8640023.065194, 1450024.161348], [8640023.065194, 1450024.758513], [8640022.468029, 1450024.758513], [8640022.468029, 1450025.355677], [8640019.482208, 1450025.355677], [8640019.482208, 1450025.952841], [8640015.899222, 1450025.952841], [8640015.899222, 1450027.14717], [8640015.302058, 1450027.14717], [8640015.302058, 1450029.535827], [8640015.899222, 1450029.535827], [8640015.899222, 1450031.32732], [8640016.496386, 1450031.32732], [8640016.496386, 1450039.090455], [8640015.899222, 1450039.090455], [8640015.899222, 1450039.68762], [8640015.302058, 1450039.68762], [8640015.302058, 1450040.881948], [8640014.704894, 1450040.881948], [8640014.704894, 1450042.076277], [8640015.302058, 1450042.076277], [8640015.302058, 1450042.673441], [8640014.704894, 1450042.673441], [8640014.704894, 1450044.464934], [8640015.302058, 1450044.464934], [8640015.302058, 1450045.062098], [8640015.899222, 1450045.062098], [8640015.899222, 1450045.659263], [8640016.496386, 1450045.659263], [8640016.496386, 1450046.256427], [8640017.093551, 1450046.256427], [8640017.093551, 1450046.853591], [8640017.690715, 1450046.853591], [8640017.690715, 1450048.04792], [8640018.287879, 1450048.04792], [8640018.287879, 1450048.645084], [8640018.885044, 1450048.645084], [8640018.885044, 1450049.242248], [8640019.482208, 1450049.242248], [8640019.482208, 1450051.033741], [8640020.079372, 1450051.033741], [8640020.079372, 1450053.422398], [8640020.676536, 1450053.422398], [8640020.676536, 1450055.213891], [8640021.273701, 1450055.213891], [8640021.273701, 1450055.811055], [8640021.870865, 1450055.811055], [8640021.870865, 1450058.796877], [8640022.468029, 1450058.796877], [8640022.468029, 1450061.782698], [8640021.870865, 1450061.782698], [8640021.870865, 1450065.365684], [8640021.273701, 1450065.365684], [8640021.273701, 1450066.560012], [8640020.676536, 1450066.560012], [8640020.676536, 1450067.754341], [8640019.482208, 1450067.754341], [8640019.482208, 1450068.351505], [8640018.287879, 1450068.351505], [8640018.287879, 1450068.94867], [8640017.093551, 1450068.94867], [8640017.093551, 1450069.545834], [8640015.899222, 1450069.545834], [8640015.899222, 1450070.142998], [8640015.302058, 1450070.142998], [8640015.302058, 1450070.740162], [8640014.704894, 1450070.740162], [8640014.704894, 1450071.934491], [8640015.899222, 1450071.934491], [8640015.899222, 1450073.12882], [8640017.093551, 1450073.12882], [8640017.093551, 1450074.323148], [8640017.690715, 1450074.323148], [8640017.690715, 1450074.920312], [8640018.287879, 1450074.920312], [8640018.287879, 1450075.517477], [8640019.482208, 1450075.517477], [8640019.482208, 1450076.114641], [8640020.079372, 1450076.114641], [8640020.079372, 1450076.711805], [8640020.676536, 1450076.711805], [8640020.676536, 1450077.30897], [8640021.273701, 1450077.30897], [8640021.273701, 1450077.906134], [8640021.870865, 1450077.906134], [8640021.870865, 1450082.683448], [8640021.273701, 1450082.683448], [8640021.273701, 1450084.474941], [8640021.870865, 1450084.474941], [8640021.870865, 1450089.252255], [8640021.273701, 1450089.252255], [8640021.273701, 1450093.432405], [8640021.870865, 1450093.432405], [8640021.870865, 1450094.029569], [8640021.273701, 1450094.029569], [8640021.273701, 1450094.626734], [8640021.870865, 1450094.626734], [8640021.870865, 1450095.223898], [8640022.468029, 1450095.223898], [8640022.468029, 1450096.418227], [8640023.065194, 1450096.418227], [8640023.065194, 1450101.792705], [8640023.662358, 1450101.792705], [8640023.662358, 1450104.778527], [8640024.259522, 1450104.778527], [8640024.259522, 1450107.764348], [8640024.856686, 1450107.764348], [8640024.856686, 1450113.138827], [8640025.453851, 1450113.138827], [8640025.453851, 1450115.527484], [8640026.051015, 1450115.527484], [8640026.051015, 1450123.290619], [8640025.453851, 1450123.290619], [8640025.453851, 1450125.082112], [8640026.648179, 1450125.082112], [8640026.648179, 1450125.679277], [8640027.245344, 1450125.679277], [8640027.245344, 1450126.276441], [8640027.842508, 1450126.276441], [8640027.842508, 1450128.067934], [8640028.439672, 1450128.067934], [8640028.439672, 1450129.859426], [8640027.842508, 1450129.859426], [8640027.842508, 1450131.053755], [8640028.439672, 1450131.053755], [8640028.439672, 1450134.039576], [8640029.036836, 1450134.039576], [8640029.036836, 1450137.025398], [8640029.634001, 1450137.025398], [8640029.634001, 1450140.608384], [8640030.231165, 1450140.608384], [8640030.231165, 1450141.802712], [8640030.828329, 1450141.802712], [8640030.828329, 1450142.997041]], [[8639963.348765, 1450134.039576], [8639965.140258, 1450134.039576], [8639965.140258, 1450133.442412], [8639965.737422, 1450133.442412], [8639965.737422, 1450132.845248], [8639964.543094, 1450132.845248], [8639964.543094, 1450132.248084], [8639965.140258, 1450132.248084], [8639965.140258, 1450131.650919], [8639965.737422, 1450131.650919], [8639965.737422, 1450131.053755], [8639966.931751, 1450131.053755], [8639966.931751, 1450130.456591], [8639974.694887, 1450130.456591], [8639974.694887, 1450131.053755], [8639975.889215, 1450131.053755], [8639975.889215, 1450131.650919], [8639979.472201, 1450131.650919], [8639979.472201, 1450132.248084], [8639984.249515, 1450132.248084], [8639984.249515, 1450131.650919], [8639985.443844, 1450131.650919], [8639985.443844, 1450131.053755], [8639986.041008, 1450131.053755], [8639986.041008, 1450132.248084], [8639990.221158, 1450132.248084], [8639990.221158, 1450132.845248], [8639991.415487, 1450132.845248], [8639991.415487, 1450133.442412], [8639994.998472, 1450133.442412], [8639994.998472, 1450132.845248], [8639997.387129, 1450132.845248], [8639997.387129, 1450131.650919], [8639997.984294, 1450131.650919], [8639997.984294, 1450128.665098], [8639998.581458, 1450128.665098], [8639998.581458, 1450126.276441], [8639997.984294, 1450126.276441], [8639997.984294, 1450125.082112], [8639997.387129, 1450125.082112], [8639997.387129, 1450122.693455], [8639996.789965, 1450122.693455], [8639996.789965, 1450122.096291], [8639996.192801, 1450122.096291], [8639996.192801, 1450121.499127], [8639995.595637, 1450121.499127], [8639995.595637, 1450120.304798], [8639994.998472, 1450120.304798], [8639994.998472, 1450119.707634], [8639993.804144, 1450119.707634], [8639993.804144, 1450120.304798], [8639992.609815, 1450120.304798], [8639992.609815, 1450121.499127], [8639992.012651, 1450121.499127], [8639992.012651, 1450122.096291], [8639991.415487, 1450122.096291], [8639991.415487, 1450123.290619], [8639990.221158, 1450123.290619], [8639990.221158, 1450123.887784], [8639989.623994, 1450123.887784], [8639989.623994, 1450125.082112], [8639988.429665, 1450125.082112], [8639988.429665, 1450125.679277], [8639987.832501, 1450125.679277], [8639987.832501, 1450126.276441], [8639985.443844, 1450126.276441], [8639985.443844, 1450126.873605], [8639984.249515, 1450126.873605], [8639984.249515, 1450126.276441], [8639981.860858, 1450126.276441], [8639981.860858, 1450126.873605], [8639980.069365, 1450126.873605], [8639980.069365, 1450126.276441], [8639979.472201, 1450126.276441], [8639979.472201, 1450125.679277], [8639975.292051, 1450125.679277], [8639975.292051, 1450125.082112], [8639971.709065, 1450125.082112], [8639971.709065, 1450123.290619], [8639971.111901, 1450123.290619], [8639971.111901, 1450122.693455], [8639970.514737, 1450122.693455], [8639970.514737, 1450122.096291], [8639969.917572, 1450122.096291], [8639969.917572, 1450121.499127], [8639968.723244, 1450121.499127], [8639968.723244, 1450120.901962], [8639968.12608, 1450120.901962], [8639968.12608, 1450120.304798], [8639966.931751, 1450120.304798], [8639966.931751, 1450119.707634], [8639965.140258, 1450119.707634], [8639965.140258, 1450119.110469], [8639962.751601, 1450119.110469], [8639962.751601, 1450118.513305], [8639960.362944, 1450118.513305], [8639960.362944, 1450117.916141], [8639959.76578, 1450117.916141], [8639959.76578, 1450117.318977], [8639959.168615, 1450117.318977], [8639959.168615, 1450116.721812], [8639958.571451, 1450116.721812], [8639958.571451, 1450117.318977], [8639956.779958, 1450117.318977], [8639956.779958, 1450118.513305], [8639956.182794, 1450118.513305], [8639956.182794, 1450117.916141], [8639955.58563, 1450117.916141], [8639955.58563, 1450118.513305], [8639954.988465, 1450118.513305], [8639954.988465, 1450119.110469], [8639954.391301, 1450119.110469], [8639954.391301, 1450120.304798], [8639954.988465, 1450120.304798], [8639954.988465, 1450122.693455], [8639954.391301, 1450122.693455], [8639954.391301, 1450125.082112], [8639954.988465, 1450125.082112], [8639954.988465, 1450125.679277], [8639954.391301, 1450125.679277], [8639954.391301, 1450126.873605], [8639953.794137, 1450126.873605], [8639953.794137, 1450127.470769], [8639953.196972, 1450127.470769], [8639953.196972, 1450128.067934], [8639951.40548, 1450128.067934], [8639951.40548, 1450128.665098], [8639950.211151, 1450128.665098], [8639950.211151, 1450129.262262], [8639949.613987, 1450129.262262], [8639949.613987, 1450129.859426], [8639949.016822, 1450129.859426], [8639949.016822, 1450131.650919], [8639950.808315, 1450131.650919], [8639950.808315, 1450132.248084], [8639956.182794, 1450132.248084], [8639956.182794, 1450132.845248], [8639959.168615, 1450132.845248], [8639959.168615, 1450132.248084], [8639960.362944, 1450132.248084], [8639960.362944, 1450132.845248], [8639963.348765, 1450132.845248], [8639963.348765, 1450134.039576]], [[8639889.897558, 1450110.750169], [8639891.091887, 1450110.750169], [8639891.091887, 1450108.958677], [8639889.897558, 1450108.958677], [8639889.897558, 1450110.750169]], [[8639993.206979, 1450108.361512], [8639993.804144, 1450108.361512], [8639993.804144, 1450107.764348], [8639994.998472, 1450107.764348], [8639994.998472, 1450106.570019], [8639995.595637, 1450106.570019], [8639995.595637, 1450105.375691], [8639996.192801, 1450105.375691], [8639996.192801, 1450104.181362], [8639996.789965, 1450104.181362], [8639996.789965, 1450101.195541], [8639996.192801, 1450101.195541], [8639996.192801, 1450100.598377], [8639996.789965, 1450100.598377], [8639996.789965, 1450099.404048], [8639996.192801, 1450099.404048], [8639996.192801, 1450097.612555], [8639996.789965, 1450097.612555], [8639996.789965, 1450097.015391], [8639996.192801, 1450097.015391], [8639996.192801, 1450091.640912], [8639996.789965, 1450091.640912], [8639996.789965, 1450090.446584], [8639997.387129, 1450090.446584], [8639997.387129, 1450089.849419], [8639997.984294, 1450089.849419], [8639997.984294, 1450087.460762], [8639997.387129, 1450087.460762], [8639997.387129, 1450086.863598], [8639996.789965, 1450086.863598], [8639996.789965, 1450086.266434], [8639996.192801, 1450086.266434], [8639996.192801, 1450085.66927], [8639995.595637, 1450085.66927], [8639995.595637, 1450085.072105], [8639994.998472, 1450085.072105], [8639994.998472, 1450084.474941], [8639994.401308, 1450084.474941], [8639994.401308, 1450082.683448], [8639993.804144, 1450082.683448], [8639993.804144, 1450080.294791], [8639993.206979, 1450080.294791], [8639993.206979, 1450079.100462], [8639992.609815, 1450079.100462], [8639992.609815, 1450077.30897], [8639992.012651, 1450077.30897], [8639992.012651, 1450074.920312], [8639992.609815, 1450074.920312], [8639992.609815, 1450073.12882], [8639993.206979, 1450073.12882], [8639993.206979, 1450070.740162], [8639992.609815, 1450070.740162], [8639992.609815, 1450068.94867], [8639993.804144, 1450068.94867], [8639993.804144, 1450068.351505], [8639994.998472, 1450068.351505], [8639994.998472, 1450067.754341], [8639995.595637, 1450067.754341], [8639995.595637, 1450067.157177], [8639996.789965, 1450067.157177], [8639996.789965, 1450065.962848], [8639997.387129, 1450065.962848], [8639997.387129, 1450065.365684], [8639997.984294, 1450065.365684], [8639997.984294, 1450062.977027], [8639996.789965, 1450062.977027], [8639996.789965, 1450061.782698], [8639996.192801, 1450061.782698], [8639996.192801, 1450061.185534], [8639995.595637, 1450061.185534], [8639995.595637, 1450060.58837], [8639994.998472, 1450060.58837], [8639994.998472, 1450059.991205], [8639994.401308, 1450059.991205], [8639994.401308, 1450059.394041], [8639993.804144, 1450059.394041], [8639993.804144, 1450058.796877], [8639993.206979, 1450058.796877], [8639993.206979, 1450058.199712], [8639992.609815, 1450058.199712], [8639992.609815, 1450057.005384], [8639992.012651, 1450057.005384], [8639992.012651, 1450055.811055], [8639991.415487, 1450055.811055], [8639991.415487, 1450055.213891], [8639990.818322, 1450055.213891], [8639990.818322, 1450052.825234], [8639989.623994, 1450052.825234], [8639989.623994, 1450052.22807], [8639987.832501, 1450052.22807], [8639987.832501, 1450052.825234], [8639986.638172, 1450052.825234], [8639986.638172, 1450054.019562], [8639986.041008, 1450054.019562], [8639986.041008, 1450054.616727], [8639985.443844, 1450054.616727], [8639985.443844, 1450055.213891], [8639984.249515, 1450055.213891], [8639984.249515, 1450057.602548], [8639983.652351, 1450057.602548], [8639983.652351, 1450059.394041], [8639984.249515, 1450059.394041], [8639984.249515, 1450061.185534], [8639984.846679, 1450061.185534], [8639984.846679, 1450062.379862], [8639985.443844, 1450062.379862], [8639985.443844, 1450062.977027], [8639986.041008, 1450062.977027], [8639986.041008, 1450063.574191], [8639986.638172, 1450063.574191], [8639986.638172, 1450064.76852], [8639987.235337, 1450064.76852], [8639987.235337, 1450065.365684], [8639987.832501, 1450065.365684], [8639987.832501, 1450065.962848], [8639988.429665, 1450065.962848], [8639988.429665, 1450067.157177], [8639989.026829, 1450067.157177], [8639989.026829, 1450068.351505], [8639989.623994, 1450068.351505], [8639989.623994, 1450069.545834], [8639990.221158, 1450069.545834], [8639990.221158, 1450073.12882], [8639990.818322, 1450073.12882], [8639990.818322, 1450073.725984], [8639990.221158, 1450073.725984], [8639990.221158, 1450074.323148], [8639989.623994, 1450074.323148], [8639989.623994, 1450075.517477], [8639990.221158, 1450075.517477], [8639990.221158, 1450076.711805], [8639989.623994, 1450076.711805], [8639989.623994, 1450078.503298], [8639989.026829, 1450078.503298], [8639989.026829, 1450079.697627], [8639988.429665, 1450079.697627], [8639988.429665, 1450080.294791], [8639989.026829, 1450080.294791], [8639989.026829, 1450080.891955], [8639988.429665, 1450080.891955], [8639988.429665, 1450082.086284], [8639989.026829, 1450082.086284], [8639989.026829, 1450090.446584], [8639989.623994, 1450090.446584], [8639989.623994, 1450091.043748], [8639989.026829, 1450091.043748], [8639989.026829, 1450095.821062], [8639989.623994, 1450095.821062], [8639989.623994, 1450097.015391], [8639990.221158, 1450097.015391], [8639990.221158, 1450098.209719], [8639990.818322, 1450098.209719], [8639990.818322, 1450100.598377], [8639990.221158, 1450100.598377], [8639990.221158, 1450102.389869], [8639990.818322, 1450102.389869], [8639990.818322, 1450103.584198], [8639991.415487, 1450103.584198], [8639991.415487, 1450105.972855], [8639992.012651, 1450105.972855], [8639992.012651, 1450107.167184], [8639993.206979, 1450107.167184], [8639993.206979, 1450108.361512]], [[8639889.897558, 1450106.570019], [8639891.091887, 1450106.570019], [8639891.091887, 1450105.375691], [8639890.494723, 1450105.375691], [8639890.494723, 1450105.972855], [8639889.897558, 1450105.972855], [8639889.897558, 1450106.570019]], [[8639848.096059, 1450105.972855], [8639849.290387, 1450105.972855], [8639849.290387, 1450104.778527], [8639848.096059, 1450104.778527], [8639848.096059, 1450105.972855]], [[8639925.130251, 1450103.584198], [8639926.32458, 1450103.584198], [8639926.32458, 1450100.598377], [8639926.921744, 1450100.598377], [8639926.921744, 1450100.001212], [8639927.518908, 1450100.001212], [8639927.518908, 1450098.806884], [8639928.116073, 1450098.806884], [8639928.116073, 1450097.015391], [8639927.518908, 1450097.015391], [8639927.518908, 1450095.223898], [8639928.713237, 1450095.223898], [8639928.713237, 1450092.238077], [8639929.310401, 1450092.238077], [8639929.310401, 1450090.446584], [8639929.907565, 1450090.446584], [8639929.907565, 1450086.863598], [8639931.101894, 1450086.863598], [8639931.101894, 1450086.266434], [8639929.907565, 1450086.266434], [8639929.907565, 1450085.66927], [8639929.310401, 1450085.66927], [8639929.310401, 1450085.072105], [8639928.713237, 1450085.072105], [8639928.713237, 1450082.086284], [8639928.116073, 1450082.086284], [8639928.116073, 1450077.30897], [8639927.518908, 1450077.30897], [8639927.518908, 1450073.725984], [8639926.921744, 1450073.725984], [8639926.921744, 1450071.934491], [8639926.32458, 1450071.934491], [8639926.32458, 1450068.351505], [8639925.727415, 1450068.351505], [8639925.727415, 1450067.754341], [8639926.32458, 1450067.754341], [8639926.32458, 1450065.365684], [8639925.727415, 1450065.365684], [8639925.727415, 1450062.379862], [8639925.130251, 1450062.379862], [8639925.130251, 1450057.602548], [8639925.727415, 1450057.602548], [8639925.727415, 1450055.811055], [8639925.130251, 1450055.811055], [8639925.130251, 1450055.213891], [8639924.533087, 1450055.213891], [8639924.533087, 1450054.019562], [8639923.935923, 1450054.019562], [8639923.935923, 1450052.22807], [8639924.533087, 1450052.22807], [8639924.533087, 1450051.630905], [8639923.935923, 1450051.630905], [8639923.935923, 1450049.839413], [8639923.338758, 1450049.839413], [8639923.338758, 1450047.450755], [8639923.935923, 1450047.450755], [8639923.935923, 1450046.256427], [8639923.338758, 1450046.256427], [8639923.338758, 1450045.659263], [8639922.741594, 1450045.659263], [8639922.741594, 1450045.062098], [8639922.14443, 1450045.062098], [8639922.14443, 1450044.464934], [8639920.950101, 1450044.464934], [8639920.950101, 1450045.659263], [8639920.352937, 1450045.659263], [8639920.352937, 1450046.256427], [8639919.755773, 1450046.256427], [8639919.755773, 1450046.853591], [8639919.158608, 1450046.853591], [8639919.158608, 1450050.436577], [8639918.561444, 1450050.436577], [8639918.561444, 1450052.825234], [8639917.96428, 1450052.825234], [8639917.96428, 1450055.213891], [8639918.561444, 1450055.213891], [8639918.561444, 1450059.991205], [8639917.96428, 1450059.991205], [8639917.96428, 1450063.574191], [8639918.561444, 1450063.574191], [8639918.561444, 1450064.76852], [8639919.158608, 1450064.76852], [8639919.158608, 1450070.740162], [8639920.352937, 1450070.740162], [8639920.352937, 1450071.934491], [8639920.950101, 1450071.934491], [8639920.950101, 1450073.725984], [8639921.547265, 1450073.725984], [8639921.547265, 1450075.517477], [8639920.950101, 1450075.517477], [8639920.950101, 1450080.294791], [8639920.352937, 1450080.294791], [8639920.352937, 1450080.891955], [8639920.950101, 1450080.891955], [8639920.950101, 1450082.086284], [8639920.352937, 1450082.086284], [8639920.352937, 1450085.072105], [8639919.755773, 1450085.072105], [8639919.755773, 1450086.863598], [8639919.158608, 1450086.863598], [8639919.158608, 1450089.252255], [8639918.561444, 1450089.252255], [8639918.561444, 1450089.849419], [8639917.96428, 1450089.849419], [8639917.96428, 1450090.446584], [8639916.769951, 1450090.446584], [8639916.769951, 1450091.043748], [8639916.172787, 1450091.043748], [8639916.172787, 1450091.640912], [8639915.575623, 1450091.640912], [8639915.575623, 1450093.432405], [8639916.172787, 1450093.432405], [8639916.172787, 1450094.029569], [8639916.769951, 1450094.029569], [8639916.769951, 1450094.626734], [8639917.96428, 1450094.626734], [8639917.96428, 1450094.029569], [8639919.158608, 1450094.029569], [8639919.158608, 1450095.223898], [8639919.755773, 1450095.223898], [8639919.755773, 1450095.821062], [8639920.352937, 1450095.821062], [8639920.352937, 1450096.418227], [8639921.547265, 1450096.418227], [8639921.547265, 1450097.015391], [8639922.14443, 1450097.015391], [8639922.14443, 1450097.612555], [8639923.935923, 1450097.612555], [8639923.935923, 1450098.806884], [8639923.338758, 1450098.806884], [8639923.338758, 1450099.404048], [8639923.935923, 1450099.404048], [8639923.935923, 1450101.195541], [8639924.533087, 1450101.195541], [8639924.533087, 1450102.389869], [8639925.130251, 1450102.389869], [8639925.130251, 1450103.584198]], [[8639954.988465, 1450102.987034], [8639955.58563, 1450102.987034], [8639955.58563, 1450102.389869], [8639954.988465, 1450102.389869], [8639954.988465, 1450102.987034]], [[8639955.58563, 1450101.195541], [8639956.182794, 1450101.195541], [8639956.182794, 1450100.598377], [8639956.779958, 1450100.598377], [8639956.779958, 1450100.001212], [8639957.377122, 1450100.001212], [8639957.377122, 1450100.598377], [8639957.974287, 1450100.598377], [8639957.974287, 1450100.001212], [8639958.571451, 1450100.001212], [8639958.571451, 1450098.806884], [8639957.974287, 1450098.806884], [8639957.974287, 1450098.209719], [8639957.377122, 1450098.209719], [8639957.377122, 1450097.015391], [8639955.58563, 1450097.015391], [8639955.58563, 1450097.612555], [8639954.988465, 1450097.612555], [8639954.988465, 1450098.209719], [8639954.391301, 1450098.209719], [8639954.391301, 1450098.806884], [8639954.988465, 1450098.806884], [8639954.988465, 1450100.001212], [8639955.58563, 1450100.001212], [8639955.58563, 1450101.195541]], [[8639886.911737, 1450089.252255], [8639888.106066, 1450089.252255], [8639888.106066, 1450088.655091], [8639889.897558, 1450088.655091], [8639889.897558, 1450088.057927], [8639890.494723, 1450088.057927], [8639890.494723, 1450087.460762], [8639891.091887, 1450087.460762], [8639891.091887, 1450085.66927], [8639892.286216, 1450085.66927], [8639892.286216, 1450085.072105], [8639892.88338, 1450085.072105], [8639892.88338, 1450079.100462], [8639892.286216, 1450079.100462], [8639892.286216, 1450077.30897], [8639891.689051, 1450077.30897], [8639891.689051, 1450076.114641], [8639891.091887, 1450076.114641], [8639891.091887, 1450074.920312], [8639890.494723, 1450074.920312], [8639890.494723, 1450072.531655], [8639891.091887, 1450072.531655], [8639891.091887, 1450071.337327], [8639891.689051, 1450071.337327], [8639891.689051, 1450070.740162], [8639890.494723, 1450070.740162], [8639890.494723, 1450071.337327], [8639889.300394, 1450071.337327], [8639889.300394, 1450070.740162], [8639888.106066, 1450070.740162], [8639888.106066, 1450069.545834], [8639887.508901, 1450069.545834], [8639887.508901, 1450067.754341], [8639888.70323, 1450067.754341], [8639888.70323, 1450067.157177], [8639889.300394, 1450067.157177], [8639889.300394, 1450065.365684], [8639888.70323, 1450065.365684], [8639888.70323, 1450064.171355], [8639888.106066, 1450064.171355], [8639888.106066, 1450063.574191], [8639887.508901, 1450063.574191], [8639887.508901, 1450061.782698], [8639888.106066, 1450061.782698], [8639888.106066, 1450061.185534], [8639887.508901, 1450061.185534], [8639887.508901, 1450059.991205], [8639888.106066, 1450059.991205], [8639888.106066, 1450057.005384], [8639887.508901, 1450057.005384], [8639887.508901, 1450051.630905], [8639886.911737, 1450051.630905], [8639886.911737, 1450049.839413], [8639886.314573, 1450049.839413], [8639886.314573, 1450046.256427], [8639886.911737, 1450046.256427], [8639886.911737, 1450042.673441], [8639887.508901, 1450042.673441], [8639887.508901, 1450041.479113], [8639888.70323, 1450041.479113], [8639888.70323, 1450040.284784], [8639888.106066, 1450040.284784], [8639888.106066, 1450037.298963], [8639888.70323, 1450037.298963], [8639888.70323, 1450033.118813], [8639889.300394, 1450033.118813], [8639889.300394, 1450028.938663], [8639888.70323, 1450028.938663], [8639888.70323, 1450027.14717], [8639888.106066, 1450027.14717], [8639888.106066, 1450026.550005], [8639887.508901, 1450026.550005], [8639887.508901, 1450024.758513], [8639886.911737, 1450024.758513], [8639886.911737, 1450024.161348], [8639886.314573, 1450024.161348], [8639886.314573, 1450022.96702], [8639885.717408, 1450022.96702], [8639885.717408, 1450021.175527], [8639885.120244, 1450021.175527], [8639885.120244, 1450016.398213], [8639885.717408, 1450016.398213], [8639885.717408, 1450015.801048], [8639884.52308, 1450015.801048], [8639884.52308, 1450014.009555], [8639883.925916, 1450014.009555], [8639883.925916, 1450013.412391], [8639884.52308, 1450013.412391], [8639884.52308, 1450012.815227], [8639885.717408, 1450012.815227], [8639885.717408, 1450012.218063], [8639880.34293, 1450012.218063], [8639880.34293, 1450014.009555], [8639879.745766, 1450014.009555], [8639879.745766, 1450015.801048], [8639880.940094, 1450015.801048], [8639880.940094, 1450016.398213], [8639883.328751, 1450016.398213], [8639883.328751, 1450016.995377], [8639882.731587, 1450016.995377], [8639882.731587, 1450018.189705], [8639882.134423, 1450018.189705], [8639882.134423, 1450019.384034], [8639881.537258, 1450019.384034], [8639881.537258, 1450023.564184], [8639880.940094, 1450023.564184], [8639880.940094, 1450024.161348], [8639881.537258, 1450024.161348], [8639881.537258, 1450025.952841], [8639882.134423, 1450025.952841], [8639882.134423, 1450028.341498], [8639881.537258, 1450028.341498], [8639881.537258, 1450028.938663], [8639880.940094, 1450028.938663], [8639880.940094, 1450043.86777], [8639880.34293, 1450043.86777], [8639880.34293, 1450046.256427], [8639879.745766, 1450046.256427], [8639879.745766, 1450046.853591], [8639879.148601, 1450046.853591], [8639879.148601, 1450048.04792], [8639878.551437, 1450048.04792], [8639878.551437, 1450051.033741], [8639879.148601, 1450051.033741], [8639879.148601, 1450054.019562], [8639882.134423, 1450054.019562], [8639882.134423, 1450055.811055], [8639881.537258, 1450055.811055], [8639881.537258, 1450056.40822], [8639880.940094, 1450056.40822], [8639880.940094, 1450057.005384], [8639879.745766, 1450057.005384], [8639879.745766, 1450061.185534], [8639880.34293, 1450061.185534], [8639880.34293, 1450063.574191], [8639879.745766, 1450063.574191], [8639879.745766, 1450064.171355], [8639880.34293, 1450064.171355], [8639880.34293, 1450065.962848], [8639880.940094, 1450065.962848], [8639880.940094, 1450066.560012], [8639881.537258, 1450066.560012], [8639881.537258, 1450067.157177], [8639880.940094, 1450067.157177], [8639880.940094, 1450067.754341], [8639880.34293, 1450067.754341], [8639880.34293, 1450068.94867], [8639879.745766, 1450068.94867], [8639879.745766, 1450069.545834], [8639880.34293, 1450069.545834], [8639880.34293, 1450070.740162], [8639880.940094, 1450070.740162], [8639880.940094, 1450071.337327], [8639882.134423, 1450071.337327], [8639882.134423, 1450072.531655], [8639882.731587, 1450072.531655], [8639882.731587, 1450073.12882], [8639883.328751, 1450073.12882], [8639883.328751, 1450074.920312], [8639884.52308, 1450074.920312], [8639884.52308, 1450077.906134], [8639883.328751, 1450077.906134], [8639883.328751, 1450078.503298], [8639882.134423, 1450078.503298], [8639882.134423, 1450079.100462], [8639881.537258, 1450079.100462], [8639881.537258, 1450080.891955], [8639880.940094, 1450080.891955], [8639880.940094, 1450082.086284], [8639879.148601, 1450082.086284], [8639879.148601, 1450083.280612], [8639879.745766, 1450083.280612], [8639879.745766, 1450085.66927], [8639883.328751, 1450085.66927], [8639883.328751, 1450086.266434], [8639883.925916, 1450086.266434], [8639883.925916, 1450086.863598], [8639884.52308, 1450086.863598], [8639884.52308, 1450087.460762], [8639885.120244, 1450087.460762], [8639885.120244, 1450088.057927], [8639885.717408, 1450088.057927], [8639885.717408, 1450088.655091], [8639886.911737, 1450088.655091], [8639886.911737, 1450089.252255]], [[8639956.182794, 1450076.114641], [8639957.377122, 1450076.114641], [8639957.377122, 1450075.517477], [8639957.974287, 1450075.517477], [8639957.974287, 1450073.725984], [8639958.571451, 1450073.725984], [8639958.571451, 1450072.531655], [8639959.168615, 1450072.531655], [8639959.168615, 1450071.934491], [8639959.76578, 1450071.934491], [8639959.76578, 1450070.142998], [8639960.362944, 1450070.142998], [8639960.362944, 1450069.545834], [8639959.76578, 1450069.545834], [8639959.76578, 1450068.351505], [8639959.168615, 1450068.351505], [8639959.168615, 1450067.157177], [8639958.571451, 1450067.157177], [8639958.571451, 1450066.560012], [8639957.974287, 1450066.560012], [8639957.974287, 1450065.962848], [8639957.377122, 1450065.962848], [8639957.377122, 1450064.76852], [8639956.779958, 1450064.76852], [8639956.779958, 1450063.574191], [8639956.182794, 1450063.574191], [8639956.182794, 1450062.977027], [8639956.779958, 1450062.977027], [8639956.779958, 1450061.782698], [8639956.182794, 1450061.782698], [8639956.182794, 1450061.185534], [8639956.779958, 1450061.185534], [8639956.779958, 1450059.991205], [8639956.182794, 1450059.991205], [8639956.182794, 1450057.602548], [8639956.779958, 1450057.602548], [8639956.779958, 1450055.811055], [8639957.377122, 1450055.811055], [8639957.377122, 1450054.616727], [8639956.779958, 1450054.616727], [8639956.779958, 1450054.019562], [8639957.377122, 1450054.019562], [8639957.377122, 1450053.422398], [8639956.779958, 1450053.422398], [8639956.779958, 1450052.22807], [8639957.377122, 1450052.22807], [8639957.377122, 1450050.436577], [8639956.779958, 1450050.436577], [8639956.779958, 1450049.839413], [8639956.182794, 1450049.839413], [8639956.182794, 1450049.242248], [8639955.58563, 1450049.242248], [8639955.58563, 1450049.839413], [8639954.391301, 1450049.839413], [8639954.391301, 1450054.019562], [8639953.794137, 1450054.019562], [8639953.794137, 1450055.811055], [8639954.391301, 1450055.811055], [8639954.391301, 1450057.005384], [8639954.988465, 1450057.005384], [8639954.988465, 1450059.991205], [8639954.391301, 1450059.991205], [8639954.391301, 1450064.76852], [8639953.794137, 1450064.76852], [8639953.794137, 1450066.560012], [8639953.196972, 1450066.560012], [8639953.196972, 1450068.351505], [8639952.599808, 1450068.351505], [8639952.599808, 1450071.934491], [8639953.196972, 1450071.934491], [8639953.196972, 1450072.531655], [8639953.794137, 1450072.531655], [8639953.794137, 1450073.12882], [8639954.391301, 1450073.12882], [8639954.391301, 1450074.323148], [8639954.988465, 1450074.323148], [8639954.988465, 1450075.517477], [8639956.182794, 1450075.517477], [8639956.182794, 1450076.114641]], [[8639988.429665, 1450046.853591], [8639989.026829, 1450046.853591], [8639989.026829, 1450046.256427], [8639988.429665, 1450046.256427], [8639988.429665, 1450046.853591]], [[8639989.623994, 1450046.256427], [8639990.221158, 1450046.256427], [8639990.221158, 1450045.062098], [8639989.623994, 1450045.062098], [8639989.623994, 1450044.464934], [8639990.221158, 1450044.464934], [8639990.221158, 1450043.86777], [8639990.818322, 1450043.86777], [8639990.818322, 1450043.270605], [8639991.415487, 1450043.270605], [8639991.415487, 1450042.673441], [8639992.012651, 1450042.673441], [8639992.012651, 1450041.479113], [8639992.609815, 1450041.479113], [8639992.609815, 1450040.881948], [8639993.206979, 1450040.881948], [8639993.206979, 1450040.284784], [8639990.818322, 1450040.284784], [8639990.818322, 1450039.68762], [8639989.026829, 1450039.68762], [8639989.026829, 1450038.493291], [8639988.429665, 1450038.493291], [8639988.429665, 1450037.896127], [8639987.235337, 1450037.896127], [8639987.235337, 1450038.493291], [8639986.638172, 1450038.493291], [8639986.638172, 1450039.090455], [8639986.041008, 1450039.090455], [8639986.041008, 1450040.284784], [8639986.638172, 1450040.284784], [8639986.638172, 1450040.881948], [8639987.235337, 1450040.881948], [8639987.235337, 1450041.479113], [8639986.638172, 1450041.479113], [8639986.638172, 1450042.076277], [8639987.235337, 1450042.076277], [8639987.235337, 1450043.270605], [8639988.429665, 1450043.270605], [8639988.429665, 1450043.86777], [8639989.026829, 1450043.86777], [8639989.026829, 1450045.659263], [8639989.623994, 1450045.659263], [8639989.623994, 1450046.256427]], [[8639986.638172, 1450045.659263], [8639987.832501, 1450045.659263], [8639987.832501, 1450045.062098], [8639987.235337, 1450045.062098], [8639987.235337, 1450044.464934], [8639986.638172, 1450044.464934], [8639986.638172, 1450045.659263]], [[8639986.041008, 1450044.464934], [8639986.638172, 1450044.464934], [8639986.638172, 1450043.86777], [8639986.041008, 1450043.86777], [8639986.041008, 1450044.464934]], [[8640012.316237, 1450043.270605], [8640012.913401, 1450043.270605], [8640012.913401, 1450042.673441], [8640012.316237, 1450042.673441], [8640012.316237, 1450043.270605]], [[8639987.832501, 1450036.104634], [8639989.026829, 1450036.104634], [8639989.026829, 1450034.910305], [8639989.623994, 1450034.910305], [8639989.623994, 1450034.313141], [8639989.026829, 1450034.313141], [8639989.026829, 1450033.715977], [8639989.623994, 1450033.715977], [8639989.623994, 1450033.118813], [8639990.221158, 1450033.118813], [8639990.221158, 1450032.521648], [8639989.026829, 1450032.521648], [8639989.026829, 1450030.730155], [8639988.429665, 1450030.730155], [8639988.429665, 1450029.535827], [8639987.832501, 1450029.535827], [8639987.832501, 1450028.341498], [8639987.235337, 1450028.341498], [8639987.235337, 1450027.14717], [8639988.429665, 1450027.14717], [8639988.429665, 1450025.952841], [8639989.026829, 1450025.952841], [8639989.026829, 1450025.355677], [8639989.623994, 1450025.355677], [8639989.623994, 1450024.161348], [8639989.026829, 1450024.161348], [8639989.026829, 1450022.96702], [8639988.429665, 1450022.96702], [8639988.429665, 1450021.772691], [8639987.832501, 1450021.772691], [8639987.832501, 1450020.578363], [8639987.235337, 1450020.578363], [8639987.235337, 1450019.981198], [8639986.638172, 1450019.981198], [8639986.638172, 1450019.384034], [8639986.041008, 1450019.384034], [8639986.041008, 1450018.78687], [8639985.443844, 1450018.78687], [8639985.443844, 1450018.189705], [8639984.846679, 1450018.189705], [8639984.846679, 1450017.592541], [8639985.443844, 1450017.592541], [8639985.443844, 1450016.995377], [8639986.041008, 1450016.995377], [8639986.041008, 1450016.398213], [8639986.638172, 1450016.398213], [8639986.638172, 1450014.60672], [8639985.443844, 1450014.60672], [8639985.443844, 1450015.203884], [8639984.846679, 1450015.203884], [8639984.846679, 1450015.801048], [8639983.652351, 1450015.801048], [8639983.652351, 1450016.398213], [8639983.055187, 1450016.398213], [8639983.055187, 1450017.592541], [8639983.652351, 1450017.592541], [8639983.652351, 1450018.78687], [8639984.249515, 1450018.78687], [8639984.249515, 1450019.384034], [8639984.846679, 1450019.384034], [8639984.846679, 1450019.981198], [8639984.249515, 1450019.981198], [8639984.249515, 1450021.175527], [8639984.846679, 1450021.175527], [8639984.846679, 1450022.369855], [8639985.443844, 1450022.369855], [8639985.443844, 1450022.96702], [8639986.041008, 1450022.96702], [8639986.041008, 1450024.161348], [8639984.846679, 1450024.161348], [8639984.846679, 1450025.355677], [8639986.638172, 1450025.355677], [8639986.638172, 1450025.952841], [8639986.041008, 1450025.952841], [8639986.041008, 1450026.550005], [8639984.846679, 1450026.550005], [8639984.846679, 1450027.744334], [8639984.249515, 1450027.744334], [8639984.249515, 1450028.341498], [8639984.846679, 1450028.341498], [8639984.846679, 1450028.938663], [8639983.652351, 1450028.938663], [8639983.652351, 1450028.341498], [8639983.055187, 1450028.341498], [8639983.055187, 1450028.938663], [8639982.458022, 1450028.938663], [8639982.458022, 1450030.132991], [8639981.860858, 1450030.132991], [8639981.860858, 1450030.730155], [8639980.666529, 1450030.730155], [8639980.666529, 1450031.32732], [8639979.472201, 1450031.32732], [8639979.472201, 1450032.521648], [8639980.069365, 1450032.521648], [8639980.069365, 1450033.118813], [8639980.666529, 1450033.118813], [8639980.666529, 1450032.521648], [8639981.263694, 1450032.521648], [8639981.263694, 1450031.924484], [8639981.860858, 1450031.924484], [8639981.860858, 1450031.32732], [8639983.055187, 1450031.32732], [8639983.055187, 1450031.924484], [8639983.652351, 1450031.924484], [8639983.652351, 1450033.118813], [8639983.055187, 1450033.118813], [8639983.055187, 1450033.715977], [8639983.652351, 1450033.715977], [8639983.652351, 1450034.313141], [8639984.249515, 1450034.313141], [8639984.249515, 1450034.910305], [8639987.235337, 1450034.910305], [8639987.235337, 1450035.50747], [8639987.832501, 1450035.50747], [8639987.832501, 1450036.104634]], [[8639919.158608, 1450027.14717], [8639920.950101, 1450027.14717], [8639920.950101, 1450026.550005], [8639921.547265, 1450026.550005], [8639921.547265, 1450025.952841], [8639922.14443, 1450025.952841], [8639922.14443, 1450025.355677], [8639921.547265, 1450025.355677], [8639921.547265, 1450023.564184], [8639920.950101, 1450023.564184], [8639920.950101, 1450022.96702], [8639919.755773, 1450022.96702], [8639919.755773, 1450022.369855], [8639918.561444, 1450022.369855], [8639918.561444, 1450018.78687], [8639919.158608, 1450018.78687], [8639919.158608, 1450015.801048], [8639918.561444, 1450015.801048], [8639918.561444, 1450015.203884], [8639919.755773, 1450015.203884], [8639919.755773, 1450014.60672], [8639919.158608, 1450014.60672], [8639919.158608, 1450014.009555], [8639917.96428, 1450014.009555], [8639917.96428, 1450013.412391], [8639915.575623, 1450013.412391], [8639915.575623, 1450014.009555], [8639914.978458, 1450014.009555], [8639914.978458, 1450014.60672], [8639913.186965, 1450014.60672], [8639913.186965, 1450015.203884], [8639912.589801, 1450015.203884], [8639912.589801, 1450016.995377], [8639911.992637, 1450016.995377], [8639911.992637, 1450018.189705], [8639912.589801, 1450018.189705], [8639912.589801, 1450020.578363], [8639913.78413, 1450020.578363], [8639913.78413, 1450021.175527], [8639914.381294, 1450021.175527], [8639914.381294, 1450021.772691], [8639915.575623, 1450021.772691], [8639915.575623, 1450023.564184], [8639916.172787, 1450023.564184], [8639916.172787, 1450024.758513], [8639916.769951, 1450024.758513], [8639916.769951, 1450025.952841], [8639917.96428, 1450025.952841], [8639917.96428, 1450026.550005], [8639918.561444, 1450026.550005], [8639918.561444, 1450025.952841], [8639919.158608, 1450025.952841], [8639919.158608, 1450027.14717]], [[8639848.096059, 1450021.772691], [8639848.693223, 1450021.772691], [8639848.693223, 1450021.175527], [8639848.096059, 1450021.175527], [8639848.096059, 1450021.772691]], [[8639848.096059, 1450019.384034], [8639848.693223, 1450019.384034], [8639848.693223, 1450018.78687], [8639848.096059, 1450018.78687], [8639848.096059, 1450019.384034]], [[8639907.215323, 1450016.995377], [8639907.812487, 1450016.995377], [8639907.812487, 1450016.398213], [8639907.215323, 1450016.398213], [8639907.215323, 1450016.995377]], [[8639909.006815, 1450016.995377], [8639909.60398, 1450016.995377], [8639909.60398, 1450016.398213], [8639909.006815, 1450016.398213], [8639909.006815, 1450016.995377]], [[8639907.812487, 1450016.398213], [8639908.409651, 1450016.398213], [8639908.409651, 1450015.801048], [8639907.812487, 1450015.801048], [8639907.812487, 1450016.398213]], [[8640015.302058, 1450016.398213], [8640016.496386, 1450016.398213], [8640016.496386, 1450015.801048], [8640017.093551, 1450015.801048], [8640017.093551, 1450015.203884], [8640016.496386, 1450015.203884], [8640016.496386, 1450014.009555], [8640014.704894, 1450014.009555], [8640014.704894, 1450015.203884], [8640015.302058, 1450015.203884], [8640015.302058, 1450016.398213]], [[8639982.458022, 1450015.801048], [8639983.055187, 1450015.801048], [8639983.055187, 1450015.203884], [8639982.458022, 1450015.203884], [8639982.458022, 1450015.801048]], [[8639917.367115, 1450012.815227], [8639917.96428, 1450012.815227], [8639917.96428, 1450012.218063], [8639917.367115, 1450012.218063], [8639917.367115, 1450012.815227]], [[8639978.277872, 1450012.815227], [8639978.875037, 1450012.815227], [8639978.875037, 1450012.218063], [8639978.277872, 1450012.218063], [8639978.277872, 1450012.815227]], [[8640014.704894, 1450012.815227], [8640015.302058, 1450012.815227], [8640015.302058, 1450012.218063], [8640014.704894, 1450012.218063], [8640014.704894, 1450012.815227]], [[8639880.940094, 1450011.620898], [8639884.52308, 1450011.620898], [8639884.52308, 1450011.023734], [8639880.940094, 1450011.023734], [8639880.940094, 1450011.620898]], [[8639978.277872, 1450011.620898], [8639979.472201, 1450011.620898], [8639979.472201, 1450011.023734], [8639978.277872, 1450011.023734], [8639978.277872, 1450011.620898]], [[8640026.648179, 1450011.620898], [8640027.842508, 1450011.620898], [8640027.842508, 1450011.023734], [8640026.648179, 1450011.023734], [8640026.648179, 1450011.620898]]]}, "properties": {"class": "building", "value": 1}}, {"type": "Feature", "geometry": {"type": "Polygon", "coordinates": [[[8640109.05685, 1450011.023734], [8640109.05685, 1450010.42657], [8640110.251179, 1450010.42657], [8640110.251179, 1450011.023734], [8640109.05685, 1450011.023734]]]}, "properties": {"class": "building", "value": 1}}, {"type": "Feature", "geometry": {"type": "Polygon", "coordinates": [[[8640112.042672, 1450012.218063], [8640112.042672, 1450011.620898], [8640113.237, 1450011.620898], [8640113.237, 1450011.023734], [8640111.445508, 1450011.023734], [8640111.445508, 1450010.42657], [8640121.000136, 1450010.42657], [8640121.000136, 1450011.023734], [8640117.41715, 1450011.023734], [8640117.41715, 1450011.620898], [8640118.611479, 1450011.620898], [8640118.611479, 1450012.218063], [8640112.042672, 1450012.218063]], [[8640113.834165, 1450011.620898], [8640115.028493, 1450011.620898], [8640115.028493, 1450011.023734], [8640113.834165, 1450011.023734], [8640113.834165, 1450011.620898]]]}, "properties": {"class": "building", "value": 1}}, {"type": "Feature", "geometry": {"type": "Polygon", "coordinates": [[[8640134.13775, 1450020.578363], [8640134.13775, 1450019.981198], [8640132.943422, 1450019.981198], [8640132.943422, 1450019.384034], [8640131.749093, 1450019.384034], [8640131.749093, 1450018.189705], [8640131.151929, 1450018.189705], [8640131.151929, 1450017.592541], [8640131.749093, 1450017.592541], [8640131.749093, 1450016.995377], [8640131.151929, 1450016.995377], [8640131.151929, 1450015.801048], [8640130.554765, 1450015.801048], [8640130.554765, 1450014.009555], [8640129.9576, 1450014.009555], [8640129.9576, 1450013.412391], [8640130.554765, 1450013.412391], [8640130.554765, 1450011.023734], [8640129.360436, 1450011.023734], [8640129.360436, 1450010.42657], [8640135.929243, 1450010.42657], [8640135.929243, 1450019.981198], [8640134.734915, 1450019.981198], [8640134.734915, 1450020.578363], [8640134.13775, 1450020.578363]]]}, "properties": {"class": "building", "value": 1}}]}