{
"type": "FeatureCollection",
"name": "cadastraai_gis_quality_controlled",
"crs": { "type": "name", "properties": { "name": "urn:ogc:def:crs:EPSG::3857" } },
"features": [
{ "type": "Feature", "properties": { "feature_id": 1, "area_m2": 3.2094447795287979, "perimeter_m": 11.943283998407423, "quality_flag": "tiny_review", "review_required": true, "review_status": "pending" }, "geometry": { "type": "Polygon", "coordinates": [ [ [ 8639896.466366000473499, 1450316.174683 ], [ 8639896.466366000473499, 1450315.577519 ], [ 8639901.840843999758363, 1450315.577519 ], [ 8639901.840843999758363, 1450316.174683 ], [ 8639896.466366000473499, 1450316.174683 ] ] ] } },
{ "type": "Feature", "properties": { "feature_id": 2, "area_m2": 4.9924701878612829, "perimeter_m": 17.914927997626364, "quality_flag": "tiny_review", "review_required": true, "review_status": "pending" }, "geometry": { "type": "Polygon", "coordinates": [ [ [ 8639943.04518000036478, 1450316.174683 ], [ 8639943.04518000036478, 1450315.577519 ], [ 8639951.405479999259114, 1450315.577519 ], [ 8639951.405479999259114, 1450316.174683 ], [ 8639943.04518000036478, 1450316.174683 ] ] ] } },
{ "type": "Feature", "properties": { "feature_id": 3, "area_m2": 2.8528399370077961, "perimeter_m": 10.74895599950105, "quality_flag": "tiny_review", "review_required": true, "review_status": "pending" }, "geometry": { "type": "Polygon", "coordinates": [ [ [ 8639962.154437, 1450316.174683 ], [ 8639962.154437, 1450315.577519 ], [ 8639966.931750999763608, 1450315.577519 ], [ 8639966.931750999763608, 1450316.174683 ], [ 8639962.154437, 1450316.174683 ] ] ] } },
{ "type": "Feature", "properties": { "feature_id": 4, "area_m2": 1.4264199689210124, "perimeter_m": 5.9716420010663569, "quality_flag": "tiny_review", "review_required": true, "review_status": "pending" }, "geometry": { "type": "Polygon", "coordinates": [ [ [ 8639964.54309399984777, 1450314.980354000115767 ], [ 8639964.54309399984777, 1450313.786026 ], [ 8639965.140257999300957, 1450313.786026 ], [ 8639965.140257999300957, 1450314.38319 ], [ 8639966.334587000310421, 1450314.38319 ], [ 8639966.334587000310421, 1450314.980354000115767 ], [ 8639964.54309399984777, 1450314.980354000115767 ] ] ] } },
{ "type": "Feature", "properties": { "feature_id": 5, "area_m2": 3.5660502233894893, "perimeter_m": 9.5546280033886433, "quality_flag": "tiny_review", "review_required": true, "review_status": "pending" }, "geometry": { "type": "Polygon", "coordinates": [ [ [ 8639997.984293999150395, 1450314.980354000115767 ], [ 8639997.984293999150395, 1450314.38319 ], [ 8639997.387128999456763, 1450314.38319 ], [ 8639997.387128999456763, 1450313.786026 ], [ 8639999.775786999613047, 1450313.786026 ], [ 8639999.775786999613047, 1450313.188861999893561 ], [ 8640000.372951000928879, 1450313.188861999893561 ], [ 8640000.372951000928879, 1450314.980354000115767 ], [ 8639997.984293999150395, 1450314.980354000115767 ] ] ] } },
{ "type": "Feature", "properties": { "feature_id": 6, "area_m2": 60.622872853911304, "perimeter_m": 85.991657998878509, "quality_flag": "normal_review", "review_required": true, "review_status": "pending" }, "geometry": { "type": "Polygon", "coordinates": [ [ [ 8639994.401308, 1450316.174683 ], [ 8639994.401308, 1450315.577519 ], [ 8640006.344594, 1450315.577519 ], [ 8640006.344594, 1450314.980354000115767 ], [ 8640002.761608000844717, 1450314.980354000115767 ], [ 8640002.761608000844717, 1450313.786026 ], [ 8640003.358772000297904, 1450313.786026 ], [ 8640003.358772000297904, 1450313.188861999893561 ], [ 8640008.136087000370026, 1450313.188861999893561 ], [ 8640008.136087000370026, 1450313.786026 ], [ 8640008.733250999823213, 1450313.786026 ], [ 8640008.733250999823213, 1450314.38319 ], [ 8640009.927579000592232, 1450314.38319 ], [ 8640009.927579000592232, 1450313.786026 ], [ 8640011.121907999739051, 1450313.786026 ], [ 8640011.121907999739051, 1450313.188861999893561 ], [ 8640011.719071999192238, 1450313.188861999893561 ], [ 8640011.719071999192238, 1450312.591697 ], [ 8640015.30205800011754, 1450312.591697 ], [ 8640015.30205800011754, 1450311.994533 ], [ 8640017.093551000580192, 1450311.994533 ], [ 8640017.093551000580192, 1450312.591697 ], [ 8640018.287878999486566, 1450312.591697 ], [ 8640018.287878999486566, 1450311.994533 ], [ 8640020.079372, 1450311.994533 ], [ 8640020.079372, 1450312.591697 ], [ 8640021.273700999096036, 1450312.591697 ], [ 8640021.273700999096036, 1450313.188861999893561 ], [ 8640023.065193999558687, 1450313.188861999893561 ], [ 8640023.065193999558687, 1450313.786026 ], [ 8640024.259522000327706, 1450313.786026 ], [ 8640024.259522000327706, 1450314.38319 ], [ 8640021.273700999096036, 1450314.38319 ], [ 8640021.273700999096036, 1450314.980354000115767 ], [ 8640020.079372, 1450314.980354000115767 ], [ 8640020.079372, 1450314.38319 ], [ 8640018.287878999486566, 1450314.38319 ], [ 8640018.287878999486566, 1450314.980354000115767 ], [ 8640017.690715, 1450314.980354000115767 ], [ 8640017.690715, 1450315.577519 ], [ 8640018.885043999180198, 1450315.577519 ], [ 8640018.885043999180198, 1450316.174683 ], [ 8639994.401308, 1450316.174683 ] ], [ [ 8640009.3304149992764, 1450315.577519 ], [ 8640010.524744000285864, 1450315.577519 ], [ 8640010.524744000285864, 1450314.980354000115767 ], [ 8640009.3304149992764, 1450314.980354000115767 ], [ 8640009.3304149992764, 1450315.577519 ] ] ] } },
{ "type": "Feature", "properties": { "feature_id": 7, "area_m2": 3.56605081666497, "perimeter_m": 11.943286000750959, "quality_flag": "tiny_review", "review_required": true, "review_status": "pending" }, "geometry": { "type": "Polygon", "coordinates": [ [ [ 8640085.170279, 1450304.828562 ], [ 8640085.170279, 1450304.231397 ], [ 8640084.573115000501275, 1450304.231397 ], [ 8640084.573115000501275, 1450303.634233 ], [ 8640086.961772000417113, 1450303.634233 ], [ 8640086.961772000417113, 1450303.037069 ], [ 8640088.156100999563932, 1450303.037069 ], [ 8640088.156100999563932, 1450303.634233 ], [ 8640088.753265000879765, 1450303.634233 ], [ 8640088.753265000879765, 1450304.231397 ], [ 8640085.767442999407649, 1450304.231397 ], [ 8640085.767442999407649, 1450304.828562 ], [ 8640085.170279, 1450304.828562 ] ] ] } },
{ "type": "Feature", "properties": { "feature_id": 8, "area_m2": 0.35660543982858717, "perimeter_m": 2.3886579992249608, "quality_flag": "tiny_review", "review_required": true, "review_status": "pending" }, "geometry": { "type": "Polygon", "coordinates": [ [ [ 8640134.137749999761581, 1450293.48244 ], [ 8640134.137749999761581, 1450292.885276 ], [ 8640134.734914999455214, 1450292.885276 ], [ 8640134.734914999455214, 1450293.48244 ], [ 8640134.137749999761581, 1450293.48244 ] ] ] } },
{ "type": "Feature", "properties": { "feature_id": 9, "area_m2": 0.35660543982858717, "perimeter_m": 2.3886579992249608, "quality_flag": "tiny_review", "review_required": true, "review_status": "pending" }, "geometry": { "type": "Polygon", "coordinates": [ [ [ 8640054.117736000567675, 1450261.235569 ], [ 8640054.117736000567675, 1450260.638405 ], [ 8640054.714901000261307, 1450260.638405 ], [ 8640054.714901000261307, 1450261.235569 ], [ 8640054.117736000567675, 1450261.235569 ] ] ] } },
{ "type": "Feature", "properties": { "feature_id": 10, "area_m2": 0.7132102837399702, "perimeter_m": 3.5829860023222864, "quality_flag": "tiny_review", "review_required": true, "review_status": "pending" }, "geometry": { "type": "Polygon", "coordinates": [ [ [ 8639834.361279999837279, 1450217.045412 ], [ 8639834.361279999837279, 1450216.448247999884188 ], [ 8639835.555609000846744, 1450216.448247999884188 ], [ 8639835.555609000846744, 1450217.045412 ], [ 8639834.361279999837279, 1450217.045412 ] ] ] } },
{ "type": "Feature", "properties": { "feature_id": 11, "area_m2": 0.35660543968954861, "perimeter_m": 2.3886579987592995, "quality_flag": "tiny_review", "review_required": true, "review_status": "pending" }, "geometry": { "type": "Polygon", "coordinates": [ [ [ 8639914.381294000893831, 1450210.476605 ], [ 8639914.381294000893831, 1450209.87944 ], [ 8639914.978458000347018, 1450209.87944 ], [ 8639914.978458000347018, 1450210.476605 ], [ 8639914.381294000893831, 1450210.476605 ] ] ] } },
{ "type": "Feature", "properties": { "feature_id": 12, "area_m2": 0.35660543968954861, "perimeter_m": 2.3886579987592995, "quality_flag": "tiny_review", "review_required": true, "review_status": "pending" }, "geometry": { "type": "Polygon", "coordinates": [ [ [ 8639916.769951000809669, 1450210.476605 ], [ 8639916.769951000809669, 1450209.87944 ], [ 8639917.367115000262856, 1450209.87944 ], [ 8639917.367115000262856, 1450210.476605 ], [ 8639916.769951000809669, 1450210.476605 ] ] ] } },
{ "type": "Feature", "properties": { "feature_id": 13, "area_m2": 0.35660544080185513, "perimeter_m": 2.3886580024845898, "quality_flag": "tiny_review", "review_required": true, "review_status": "pending" }, "geometry": { "type": "Polygon", "coordinates": [ [ [ 8639997.984293999150395, 1450210.476605 ], [ 8639997.984293999150395, 1450209.87944 ], [ 8639998.581458000466228, 1450209.87944 ], [ 8639998.581458000466228, 1450210.476605 ], [ 8639997.984293999150395, 1450210.476605 ] ] ] } },
{ "type": "Feature", "properties": { "feature_id": 14, "area_m2": 0.71320968643238492, "perimeter_m": 3.5829840018413961, "quality_flag": "tiny_review", "review_required": true, "review_status": "pending" }, "geometry": { "type": "Polygon", "coordinates": [ [ [ 8640099.502221999689937, 1450200.921976 ], [ 8640099.502221999689937, 1450200.324812 ], [ 8640100.696550000458956, 1450200.324812 ], [ 8640100.696550000458956, 1450200.921976 ], [ 8640099.502221999689937, 1450200.921976 ] ] ] } },
{ "type": "Feature", "properties": { "feature_id": 15, "area_m2": 0.7132096850420041, "perimeter_m": 3.5829839976504445, "quality_flag": "tiny_review", "review_required": true, "review_status": "pending" }, "geometry": { "type": "Polygon", "coordinates": [ [ [ 8640122.19446500018239, 1450198.533319 ], [ 8640122.19446500018239, 1450197.936155 ], [ 8640123.388792999088764, 1450197.936155 ], [ 8640123.388792999088764, 1450198.533319 ], [ 8640122.19446500018239, 1450198.533319 ] ] ] } },
{ "type": "Feature", "properties": { "feature_id": 16, "area_m2": 25502.26294698636, "perimeter_m": 2385.0741560067981, "quality_flag": "large_review", "review_required": true, "review_status": "pending" }, "geometry": { "type": "Polygon", "coordinates": [ [ [ 8639830.18112999945879, 1450316.174683 ], [ 8639830.18112999945879, 1450214.05959 ], [ 8639830.778294000774622, 1450214.05959 ], [ 8639830.778294000774622, 1450219.434069 ], [ 8639831.375459000468254, 1450219.434069 ], [ 8639831.375459000468254, 1450218.836905 ], [ 8639834.958443999290466, 1450218.836905 ], [ 8639834.958443999290466, 1450219.434069 ], [ 8639837.944266000762582, 1450219.434069 ], [ 8639837.944266000762582, 1450220.031233000103384 ], [ 8639838.541430000215769, 1450220.031233000103384 ], [ 8639838.541430000215769, 1450218.836905 ], [ 8639840.33292300067842, 1450218.836905 ], [ 8639840.33292300067842, 1450219.434069 ], [ 8639840.930087000131607, 1450219.434069 ], [ 8639840.930087000131607, 1450218.836905 ], [ 8639842.124415999278426, 1450218.836905 ], [ 8639842.124415999278426, 1450219.434069 ], [ 8639841.527250999584794, 1450219.434069 ], [ 8639841.527250999584794, 1450220.031233000103384 ], [ 8639842.721580000594258, 1450220.031233000103384 ], [ 8639842.721580000594258, 1450218.836905 ], [ 8639844.513072999194264, 1450218.836905 ], [ 8639844.513072999194264, 1450219.434069 ], [ 8639845.110237000510097, 1450219.434069 ], [ 8639845.110237000510097, 1450220.031233000103384 ], [ 8639846.304565999656916, 1450220.031233000103384 ], [ 8639846.304565999656916, 1450220.628398 ], [ 8639847.498894000425935, 1450220.628398 ], [ 8639847.498894000425935, 1450220.031233000103384 ], [ 8639848.693222999572754, 1450220.031233000103384 ], [ 8639848.693222999572754, 1450220.628398 ], [ 8639849.290387000888586, 1450220.628398 ], [ 8639849.290387000888586, 1450220.031233000103384 ], [ 8639850.484716, 1450220.031233000103384 ], [ 8639850.484716, 1450220.628398 ], [ 8639854.664866000413895, 1450220.628398 ], [ 8639854.664866000413895, 1450221.225562 ], [ 8639860.636507999151945, 1450221.225562 ], [ 8639860.636507999151945, 1450221.822726000100374 ], [ 8639864.219494, 1450221.822726000100374 ], [ 8639864.219494, 1450221.225562 ], [ 8639866.010987000539899, 1450221.225562 ], [ 8639866.010987000539899, 1450221.822726000100374 ], [ 8639867.205315999686718, 1450221.822726000100374 ], [ 8639867.205315999686718, 1450221.225562 ], [ 8639868.399644000455737, 1450221.225562 ], [ 8639868.399644000455737, 1450220.628398 ], [ 8639868.996808, 1450220.628398 ], [ 8639868.996808, 1450220.031233000103384 ], [ 8639868.399644000455737, 1450220.031233000103384 ], [ 8639868.399644000455737, 1450219.434069 ], [ 8639868.996808, 1450219.434069 ], [ 8639868.996808, 1450218.836905 ], [ 8639870.191137000918388, 1450218.836905 ], [ 8639870.191137000918388, 1450218.239740000106394 ], [ 8639872.579794000834227, 1450218.239740000106394 ], [ 8639872.579794000834227, 1450217.642576 ], [ 8639874.968451000750065, 1450217.642576 ], [ 8639874.968451000750065, 1450217.045412 ], [ 8639879.148600999265909, 1450217.045412 ], [ 8639879.148600999265909, 1450216.448247999884188 ], [ 8639880.342930000275373, 1450216.448247999884188 ], [ 8639880.342930000275373, 1450217.045412 ], [ 8639883.328750999644399, 1450217.045412 ], [ 8639883.328750999644399, 1450217.642576 ], [ 8639891.091886999085546, 1450217.642576 ], [ 8639891.091886999085546, 1450218.239740000106394 ], [ 8639895.869201000779867, 1450218.239740000106394 ], [ 8639895.869201000779867, 1450217.642576 ], [ 8639897.06353, 1450217.642576 ], [ 8639897.06353, 1450217.045412 ], [ 8639898.855023000389338, 1450217.045412 ], [ 8639898.855023000389338, 1450215.851083 ], [ 8639900.646515000611544, 1450215.851083 ], [ 8639900.646515000611544, 1450215.253919 ], [ 8639898.855023000389338, 1450215.253919 ], [ 8639898.855023000389338, 1450214.656754999887198 ], [ 8639900.049350999295712, 1450214.656754999887198 ], [ 8639900.049350999295712, 1450214.05959 ], [ 8639901.840843999758363, 1450214.05959 ], [ 8639901.840843999758363, 1450213.462426 ], [ 8639903.035173000767827, 1450213.462426 ], [ 8639903.035173000767827, 1450214.05959 ], [ 8639903.632337000221014, 1450214.05959 ], [ 8639903.632337000221014, 1450213.462426 ], [ 8639907.215322999283671, 1450213.462426 ], [ 8639907.215322999283671, 1450212.865261999890208 ], [ 8639909.006814999505877, 1450212.865261999890208 ], [ 8639909.006814999505877, 1450212.268098 ], [ 8639910.201144000515342, 1450212.268098 ], [ 8639910.201144000515342, 1450211.670933 ], [ 8639912.58980100043118, 1450211.670933 ], [ 8639912.58980100043118, 1450211.073768999893218 ], [ 8639919.158608000725508, 1450211.073768999893218 ], [ 8639919.158608000725508, 1450211.670933 ], [ 8639921.547265000641346, 1450211.670933 ], [ 8639921.547265000641346, 1450212.268098 ], [ 8639925.72741499915719, 1450212.268098 ], [ 8639925.72741499915719, 1450213.462426 ], [ 8639926.921744000166655, 1450213.462426 ], [ 8639926.921744000166655, 1450212.268098 ], [ 8639928.116072999313474, 1450212.268098 ], [ 8639928.116072999313474, 1450212.865261999890208 ], [ 8639929.90756499953568, 1450212.865261999890208 ], [ 8639929.90756499953568, 1450213.462426 ], [ 8639931.101894000545144, 1450213.462426 ], [ 8639931.101894000545144, 1450214.05959 ], [ 8639931.699058, 1450214.05959 ], [ 8639931.699058, 1450213.462426 ], [ 8639935.282044000923634, 1450213.462426 ], [ 8639935.282044000923634, 1450212.865261999890208 ], [ 8639936.476371999830008, 1450212.865261999890208 ], [ 8639936.476371999830008, 1450212.268098 ], [ 8639945.433837000280619, 1450212.268098 ], [ 8639945.433837000280619, 1450211.670933 ], [ 8639947.22533000074327, 1450211.670933 ], [ 8639947.22533000074327, 1450211.073768999893218 ], [ 8639949.613987000659108, 1450211.073768999893218 ], [ 8639949.613987000659108, 1450209.87944 ], [ 8639958.571451000869274, 1450209.87944 ], [ 8639958.571451000869274, 1450209.282275999896228 ], [ 8639960.960108000785112, 1450209.282275999896228 ], [ 8639960.960108000785112, 1450209.87944 ], [ 8639971.111901000142097, 1450209.87944 ], [ 8639971.111901000142097, 1450211.073768999893218 ], [ 8639972.306229999288917, 1450211.073768999893218 ], [ 8639972.306229999288917, 1450211.670933 ], [ 8639980.069365000352263, 1450211.670933 ], [ 8639980.069365000352263, 1450211.073768999893218 ], [ 8639981.263693999499083, 1450211.073768999893218 ], [ 8639981.263693999499083, 1450210.476605 ], [ 8639982.458022000268102, 1450210.476605 ], [ 8639982.458022000268102, 1450209.87944 ], [ 8639987.235337000340223, 1450209.87944 ], [ 8639987.235337000340223, 1450209.282275999896228 ], [ 8639995.595636999234557, 1450209.282275999896228 ], [ 8639995.595636999234557, 1450209.87944 ], [ 8639997.387128999456763, 1450209.87944 ], [ 8639997.387128999456763, 1450210.476605 ], [ 8639996.789965, 1450210.476605 ], [ 8639996.789965, 1450211.073768999893218 ], [ 8639999.178622, 1450211.073768999893218 ], [ 8639999.178622, 1450209.87944 ], [ 8639999.775786999613047, 1450209.87944 ], [ 8639999.775786999613047, 1450211.073768999893218 ], [ 8640000.372951000928879, 1450211.073768999893218 ], [ 8640000.372951000928879, 1450211.670933 ], [ 8640001.567278999835253, 1450211.670933 ], [ 8640001.567278999835253, 1450212.268098 ], [ 8640002.164443999528885, 1450212.268098 ], [ 8640002.164443999528885, 1450212.865261999890208 ], [ 8640001.567278999835253, 1450212.865261999890208 ], [ 8640001.567278999835253, 1450213.462426 ], [ 8640000.970115000382066, 1450213.462426 ], [ 8640000.970115000382066, 1450214.656754999887198 ], [ 8640001.567278999835253, 1450214.656754999887198 ], [ 8640001.567278999835253, 1450215.253919 ], [ 8640000.970115000382066, 1450215.253919 ], [ 8640000.970115000382066, 1450215.851083 ], [ 8640001.567278999835253, 1450215.851083 ], [ 8640001.567278999835253, 1450216.448247999884188 ], [ 8640002.164443999528885, 1450216.448247999884188 ], [ 8640002.164443999528885, 1450217.045412 ], [ 8640003.358772000297904, 1450217.045412 ], [ 8640003.358772000297904, 1450217.642576 ], [ 8640004.553100999444723, 1450217.642576 ], [ 8640004.553100999444723, 1450218.239740000106394 ], [ 8640005.747429000213742, 1450218.239740000106394 ], [ 8640005.747429000213742, 1450218.836905 ], [ 8640006.941757999360561, 1450218.836905 ], [ 8640006.941757999360561, 1450219.434069 ], [ 8640012.913401000201702, 1450219.434069 ], [ 8640012.913401000201702, 1450218.836905 ], [ 8640012.316237000748515, 1450218.836905 ], [ 8640012.316237000748515, 1450218.239740000106394 ], [ 8640015.30205800011754, 1450218.239740000106394 ], [ 8640015.30205800011754, 1450217.045412 ], [ 8640015.899221999570727, 1450217.045412 ], [ 8640015.899221999570727, 1450215.851083 ], [ 8640015.30205800011754, 1450215.851083 ], [ 8640015.30205800011754, 1450215.253919 ], [ 8640014.704894000664353, 1450215.253919 ], [ 8640014.704894000664353, 1450214.05959 ], [ 8640014.107728999108076, 1450214.05959 ], [ 8640014.107728999108076, 1450211.670933 ], [ 8640014.704894000664353, 1450211.670933 ], [ 8640014.704894000664353, 1450211.073768999893218 ], [ 8640015.30205800011754, 1450211.073768999893218 ], [ 8640015.30205800011754, 1450210.476605 ], [ 8640015.899221999570727, 1450210.476605 ], [ 8640015.899221999570727, 1450209.87944 ], [ 8640016.496386000886559, 1450209.87944 ], [ 8640016.496386000886559, 1450209.282275999896228 ], [ 8640017.093551000580192, 1450209.282275999896228 ], [ 8640017.093551000580192, 1450208.685112 ], [ 8640017.690715, 1450208.685112 ], [ 8640017.690715, 1450208.087948 ], [ 8640018.287878999486566, 1450208.087948 ], [ 8640018.287878999486566, 1450207.490782999899238 ], [ 8640021.870865000411868, 1450207.490782999899238 ], [ 8640021.870865000411868, 1450206.893619 ], [ 8640024.259522000327706, 1450206.893619 ], [ 8640024.259522000327706, 1450206.296455 ], [ 8640025.453850999474525, 1450206.296455 ], [ 8640025.453850999474525, 1450205.69929 ], [ 8640026.648179000243545, 1450205.69929 ], [ 8640026.648179000243545, 1450205.102126 ], [ 8640033.814151000231504, 1450205.102126 ], [ 8640033.814151000231504, 1450204.504962 ], [ 8640039.78579399921, 1450204.504962 ], [ 8640039.78579399921, 1450205.102126 ], [ 8640041.577285999432206, 1450205.102126 ], [ 8640041.577285999432206, 1450205.69929 ], [ 8640042.174450999125838, 1450205.69929 ], [ 8640042.174450999125838, 1450206.296455 ], [ 8640040.980122, 1450206.296455 ], [ 8640040.980122, 1450206.893619 ], [ 8640040.382958000525832, 1450206.893619 ], [ 8640040.382958000525832, 1450207.490782999899238 ], [ 8640047.548929000273347, 1450207.490782999899238 ], [ 8640047.548929000273347, 1450206.893619 ], [ 8640048.146094, 1450206.893619 ], [ 8640048.146094, 1450207.490782999899238 ], [ 8640053.520571999251842, 1450207.490782999899238 ], [ 8640053.520571999251842, 1450206.893619 ], [ 8640054.714901000261307, 1450206.893619 ], [ 8640054.714901000261307, 1450206.296455 ], [ 8640057.700721999630332, 1450206.296455 ], [ 8640057.700721999630332, 1450207.490782999899238 ], [ 8640068.449679000303149, 1450207.490782999899238 ], [ 8640068.449679000303149, 1450208.087948 ], [ 8640069.046842999756336, 1450208.087948 ], [ 8640069.046842999756336, 1450208.685112 ], [ 8640070.2411720007658, 1450208.685112 ], [ 8640070.2411720007658, 1450209.282275999896228 ], [ 8640072.032664999365807, 1450209.282275999896228 ], [ 8640072.032664999365807, 1450209.87944 ], [ 8640073.226993000134826, 1450209.87944 ], [ 8640073.226993000134826, 1450210.476605 ], [ 8640073.824157999828458, 1450210.476605 ], [ 8640073.824157999828458, 1450211.073768999893218 ], [ 8640075.018486000597477, 1450211.073768999893218 ], [ 8640075.018486000597477, 1450211.670933 ], [ 8640078.601471999660134, 1450211.670933 ], [ 8640078.601471999660134, 1450212.268098 ], [ 8640080.392965000122786, 1450212.268098 ], [ 8640080.392965000122786, 1450212.865261999890208 ], [ 8640084.573115000501275, 1450212.865261999890208 ], [ 8640084.573115000501275, 1450213.462426 ], [ 8640086.364607999101281, 1450213.462426 ], [ 8640086.364607999101281, 1450212.268098 ], [ 8640088.753265000879765, 1450212.268098 ], [ 8640088.753265000879765, 1450211.670933 ], [ 8640089.350429000332952, 1450211.670933 ], [ 8640089.350429000332952, 1450212.268098 ], [ 8640091.141922000795603, 1450212.268098 ], [ 8640091.141922000795603, 1450211.670933 ], [ 8640090.544757999479771, 1450211.670933 ], [ 8640090.544757999479771, 1450211.073768999893218 ], [ 8640091.141922000795603, 1450211.073768999893218 ], [ 8640091.141922000795603, 1450208.685112 ], [ 8640092.933414999395609, 1450208.685112 ], [ 8640092.933414999395609, 1450208.087948 ], [ 8640092.336249999701977, 1450208.087948 ], [ 8640092.336249999701977, 1450207.490782999899238 ], [ 8640092.933414999395609, 1450207.490782999899238 ], [ 8640092.933414999395609, 1450206.296455 ], [ 8640093.530579000711441, 1450206.296455 ], [ 8640093.530579000711441, 1450205.102126 ], [ 8640094.127743000164628, 1450205.102126 ], [ 8640094.127743000164628, 1450205.69929 ], [ 8640094.72490799985826, 1450205.69929 ], [ 8640094.72490799985826, 1450205.102126 ], [ 8640095.322071999311447, 1450205.102126 ], [ 8640095.322071999311447, 1450204.504962 ], [ 8640094.72490799985826, 1450204.504962 ], [ 8640094.72490799985826, 1450203.907798 ], [ 8640095.919236000627279, 1450203.907798 ], [ 8640095.919236000627279, 1450202.713469 ], [ 8640098.90505800023675, 1450202.713469 ], [ 8640098.90505800023675, 1450201.519141 ], [ 8640100.696550000458956, 1450201.519141 ], [ 8640100.696550000458956, 1450202.713469 ], [ 8640103.682372, 1450202.713469 ], [ 8640103.682372, 1450202.116305 ], [ 8640106.668192999437451, 1450202.116305 ], [ 8640106.668192999437451, 1450201.519141 ], [ 8640104.279535999521613, 1450201.519141 ], [ 8640104.279535999521613, 1450200.921976 ], [ 8640107.862522000446916, 1450200.921976 ], [ 8640107.862522000446916, 1450200.324812 ], [ 8640109.05684999935329, 1450200.324812 ], [ 8640109.05684999935329, 1450198.533319 ], [ 8640111.445507999509573, 1450198.533319 ], [ 8640111.445507999509573, 1450197.936155 ], [ 8640113.834164999425411, 1450197.936155 ], [ 8640113.834164999425411, 1450197.338991 ], [ 8640119.20864300057292, 1450197.338991 ], [ 8640119.20864300057292, 1450197.936155 ], [ 8640120.402971999719739, 1450197.936155 ], [ 8640120.402971999719739, 1450198.533319 ], [ 8640121.000135999172926, 1450198.533319 ], [ 8640121.000135999172926, 1450199.130483 ], [ 8640122.19446500018239, 1450199.130483 ], [ 8640122.19446500018239, 1450199.727648 ], [ 8640125.777450000867248, 1450199.727648 ], [ 8640125.777450000867248, 1450199.130483 ], [ 8640126.971779, 1450199.130483 ], [ 8640126.971779, 1450199.727648 ], [ 8640128.763272000476718, 1450199.727648 ], [ 8640128.763272000476718, 1450199.130483 ], [ 8640129.957599999383092, 1450199.130483 ], [ 8640129.957599999383092, 1450198.533319 ], [ 8640131.749092999845743, 1450198.533319 ], [ 8640131.749092999845743, 1450197.936155 ], [ 8640132.34625699929893, 1450197.936155 ], [ 8640132.34625699929893, 1450198.533319 ], [ 8640133.540586000308394, 1450198.533319 ], [ 8640133.540586000308394, 1450200.921976 ], [ 8640134.137749999761581, 1450200.921976 ], [ 8640134.137749999761581, 1450201.519141 ], [ 8640135.332079000771046, 1450201.519141 ], [ 8640135.332079000771046, 1450199.727648 ], [ 8640135.929243000224233, 1450199.727648 ], [ 8640135.929243000224233, 1450316.174683 ], [ 8640079.795801000669599, 1450316.174683 ], [ 8640079.795801000669599, 1450315.577519 ], [ 8640082.781622, 1450315.577519 ], [ 8640082.781622, 1450314.980354000115767 ], [ 8640078.601471999660134, 1450314.980354000115767 ], [ 8640078.601471999660134, 1450314.38319 ], [ 8640078.004308000206947, 1450314.38319 ], [ 8640078.004308000206947, 1450312.591697 ], [ 8640080.990128999575973, 1450312.591697 ], [ 8640080.990128999575973, 1450311.994533 ], [ 8640082.184458000585437, 1450311.994533 ], [ 8640082.184458000585437, 1450310.20304 ], [ 8640083.975950999185443, 1450310.20304 ], [ 8640083.975950999185443, 1450308.411547 ], [ 8640085.767442999407649, 1450308.411547 ], [ 8640085.767442999407649, 1450307.814383 ], [ 8640086.364607999101281, 1450307.814383 ], [ 8640086.364607999101281, 1450307.217219 ], [ 8640087.5589359998703, 1450307.217219 ], [ 8640087.5589359998703, 1450306.620054 ], [ 8640088.156100999563932, 1450306.620054 ], [ 8640088.156100999563932, 1450306.02289 ], [ 8640088.753265000879765, 1450306.02289 ], [ 8640088.753265000879765, 1450304.231397 ], [ 8640092.336249999701977, 1450304.231397 ], [ 8640092.336249999701977, 1450304.828562 ], [ 8640092.933414999395609, 1450304.828562 ], [ 8640092.933414999395609, 1450305.425726 ], [ 8640094.127743000164628, 1450305.425726 ], [ 8640094.127743000164628, 1450306.02289 ], [ 8640094.72490799985826, 1450306.02289 ], [ 8640094.72490799985826, 1450309.605875999899581 ], [ 8640097.710728999227285, 1450309.605875999899581 ], [ 8640097.710728999227285, 1450310.20304 ], [ 8640100.696550000458956, 1450310.20304 ], [ 8640100.696550000458956, 1450310.800204 ], [ 8640101.293715000152588, 1450310.800204 ], [ 8640101.293715000152588, 1450309.605875999899581 ], [ 8640106.668192999437451, 1450309.605875999899581 ], [ 8640106.668192999437451, 1450309.008712 ], [ 8640107.265357999131083, 1450309.008712 ], [ 8640107.265357999131083, 1450309.605875999899581 ], [ 8640107.862522000446916, 1450309.605875999899581 ], [ 8640107.862522000446916, 1450309.008712 ], [ 8640109.654015000909567, 1450309.008712 ], [ 8640109.654015000909567, 1450308.411547 ], [ 8640113.236999999731779, 1450308.411547 ], [ 8640113.236999999731779, 1450307.217219 ], [ 8640113.834164999425411, 1450307.217219 ], [ 8640113.834164999425411, 1450306.02289 ], [ 8640115.625657999888062, 1450306.02289 ], [ 8640115.625657999888062, 1450305.425726 ], [ 8640116.222821999341249, 1450305.425726 ], [ 8640116.222821999341249, 1450306.02289 ], [ 8640116.819986000657082, 1450306.02289 ], [ 8640116.819986000657082, 1450305.425726 ], [ 8640118.014314999803901, 1450305.425726 ], [ 8640118.014314999803901, 1450306.02289 ], [ 8640119.805808000266552, 1450306.02289 ], [ 8640119.805808000266552, 1450306.620054 ], [ 8640121.597300000488758, 1450306.620054 ], [ 8640121.597300000488758, 1450305.425726 ], [ 8640122.791628999635577, 1450305.425726 ], [ 8640122.791628999635577, 1450304.828562 ], [ 8640123.388792999088764, 1450304.828562 ], [ 8640123.388792999088764, 1450303.634233 ], [ 8640122.791628999635577, 1450303.634233 ], [ 8640122.791628999635577, 1450303.037069 ], [ 8640123.388792999088764, 1450303.037069 ], [ 8640123.388792999088764, 1450302.439904 ], [ 8640123.985958000645041, 1450302.439904 ], [ 8640123.985958000645041, 1450301.84274 ], [ 8640126.37461500056088, 1450301.84274 ], [ 8640126.37461500056088, 1450301.245576 ], [ 8640126.971779, 1450301.245576 ], [ 8640126.971779, 1450300.648412 ], [ 8640128.166107000783086, 1450300.648412 ], [ 8640128.166107000783086, 1450299.454083 ], [ 8640129.957599999383092, 1450299.454083 ], [ 8640129.957599999383092, 1450298.856919 ], [ 8640129.360436, 1450298.856919 ], [ 8640129.360436, 1450296.468262 ], [ 8640130.554764999076724, 1450296.468262 ], [ 8640130.554764999076724, 1450297.66259 ], [ 8640131.151929000392556, 1450297.66259 ], [ 8640131.151929000392556, 1450298.259754 ], [ 8640131.749092999845743, 1450298.259754 ], [ 8640131.749092999845743, 1450299.454083 ], [ 8640132.34625699929893, 1450299.454083 ], [ 8640132.34625699929893, 1450300.648412 ], [ 8640132.943422000855207, 1450300.648412 ], [ 8640132.943422000855207, 1450301.84274 ], [ 8640133.540586000308394, 1450301.84274 ], [ 8640133.540586000308394, 1450302.439904 ], [ 8640135.332079000771046, 1450302.439904 ], [ 8640135.332079000771046, 1450295.871097 ], [ 8640134.734914999455214, 1450295.871097 ], [ 8640134.734914999455214, 1450295.273933 ], [ 8640135.332079000771046, 1450295.273933 ], [ 8640135.332079000771046, 1450292.288112 ], [ 8640134.137749999761581, 1450292.288112 ], [ 8640134.137749999761581, 1450291.690947 ], [ 8640132.34625699929893, 1450291.690947 ], [ 8640132.34625699929893, 1450292.288112 ], [ 8640131.749092999845743, 1450292.288112 ], [ 8640131.749092999845743, 1450293.48244 ], [ 8640129.957599999383092, 1450293.48244 ], [ 8640129.957599999383092, 1450292.885276 ], [ 8640130.554764999076724, 1450292.885276 ], [ 8640130.554764999076724, 1450292.288112 ], [ 8640129.957599999383092, 1450292.288112 ], [ 8640129.957599999383092, 1450291.093783 ], [ 8640128.763272000476718, 1450291.093783 ], [ 8640128.763272000476718, 1450290.496619 ], [ 8640128.166107000783086, 1450290.496619 ], [ 8640128.166107000783086, 1450289.30229 ], [ 8640125.180285999551415, 1450289.30229 ], [ 8640125.180285999551415, 1450290.496619 ], [ 8640124.583122, 1450290.496619 ], [ 8640124.583122, 1450291.690947 ], [ 8640122.19446500018239, 1450291.690947 ], [ 8640122.19446500018239, 1450291.093783 ], [ 8640119.20864300057292, 1450291.093783 ], [ 8640119.20864300057292, 1450290.496619 ], [ 8640116.222821999341249, 1450290.496619 ], [ 8640116.222821999341249, 1450289.899454 ], [ 8640113.834164999425411, 1450289.899454 ], [ 8640113.834164999425411, 1450290.496619 ], [ 8640110.848342999815941, 1450290.496619 ], [ 8640110.848342999815941, 1450291.093783 ], [ 8640110.251179000362754, 1450291.093783 ], [ 8640110.251179000362754, 1450290.496619 ], [ 8640109.654015000909567, 1450290.496619 ], [ 8640109.654015000909567, 1450291.690947 ], [ 8640109.05684999935329, 1450291.690947 ], [ 8640109.05684999935329, 1450292.288112 ], [ 8640106.668192999437451, 1450292.288112 ], [ 8640106.668192999437451, 1450291.093783 ], [ 8640106.071029, 1450291.093783 ], [ 8640106.071029, 1450287.510797 ], [ 8640105.473865000531077, 1450287.510797 ], [ 8640105.473865000531077, 1450286.913633000105619 ], [ 8640104.876700000837445, 1450286.913633000105619 ], [ 8640104.876700000837445, 1450286.316469 ], [ 8640103.682372, 1450286.316469 ], [ 8640103.682372, 1450285.719304 ], [ 8640103.085208000615239, 1450285.719304 ], [ 8640103.085208000615239, 1450285.122140000108629 ], [ 8640102.488043000921607, 1450285.122140000108629 ], [ 8640102.488043000921607, 1450284.524976 ], [ 8640101.890878999605775, 1450284.524976 ], [ 8640101.890878999605775, 1450283.927812 ], [ 8640101.293715000152588, 1450283.927812 ], [ 8640101.293715000152588, 1450282.733483 ], [ 8640100.696550000458956, 1450282.733483 ], [ 8640100.696550000458956, 1450282.136319 ], [ 8640100.099385999143124, 1450282.136319 ], [ 8640100.099385999143124, 1450280.94199 ], [ 8640099.502221999689937, 1450280.94199 ], [ 8640099.502221999689937, 1450278.553333 ], [ 8640098.307893000543118, 1450278.553333 ], [ 8640098.307893000543118, 1450277.956168999895453 ], [ 8640097.710728999227285, 1450277.956168999895453 ], [ 8640097.710728999227285, 1450277.359005 ], [ 8640097.113564999774098, 1450277.359005 ], [ 8640097.113564999774098, 1450275.567512 ], [ 8640096.5164, 1450275.567512 ], [ 8640096.5164, 1450274.970347 ], [ 8640095.919236000627279, 1450274.970347 ], [ 8640095.919236000627279, 1450274.373183 ], [ 8640094.72490799985826, 1450274.373183 ], [ 8640094.72490799985826, 1450273.776019 ], [ 8640093.530579000711441, 1450273.776019 ], [ 8640093.530579000711441, 1450273.178855 ], [ 8640091.73908600024879, 1450273.178855 ], [ 8640091.73908600024879, 1450274.373183 ], [ 8640091.141922000795603, 1450274.373183 ], [ 8640091.141922000795603, 1450275.567512 ], [ 8640090.544757999479771, 1450275.567512 ], [ 8640090.544757999479771, 1450276.164675999898463 ], [ 8640089.947592999786139, 1450276.164675999898463 ], [ 8640089.947592999786139, 1450276.76184 ], [ 8640090.544757999479771, 1450276.76184 ], [ 8640090.544757999479771, 1450278.553333 ], [ 8640091.141922000795603, 1450278.553333 ], [ 8640091.141922000795603, 1450282.136319 ], [ 8640089.947592999786139, 1450282.136319 ], [ 8640089.947592999786139, 1450286.316469 ], [ 8640091.141922000795603, 1450286.316469 ], [ 8640091.141922000795603, 1450289.30229 ], [ 8640089.350429000332952, 1450289.30229 ], [ 8640089.350429000332952, 1450290.496619 ], [ 8640088.156100999563932, 1450290.496619 ], [ 8640088.156100999563932, 1450291.093783 ], [ 8640086.961772000417113, 1450291.093783 ], [ 8640086.961772000417113, 1450293.48244 ], [ 8640085.767442999407649, 1450293.48244 ], [ 8640085.767442999407649, 1450294.079604 ], [ 8640086.364607999101281, 1450294.079604 ], [ 8640086.364607999101281, 1450294.676769 ], [ 8640087.5589359998703, 1450294.676769 ], [ 8640087.5589359998703, 1450294.079604 ], [ 8640088.156100999563932, 1450294.079604 ], [ 8640088.156100999563932, 1450294.676769 ], [ 8640089.947592999786139, 1450294.676769 ], [ 8640089.947592999786139, 1450295.273933 ], [ 8640091.141922000795603, 1450295.273933 ], [ 8640091.141922000795603, 1450297.66259 ], [ 8640090.544757999479771, 1450297.66259 ], [ 8640090.544757999479771, 1450298.259754 ], [ 8640091.141922000795603, 1450298.259754 ], [ 8640091.141922000795603, 1450300.648412 ], [ 8640091.73908600024879, 1450300.648412 ], [ 8640091.73908600024879, 1450300.051247 ], [ 8640092.336249999701977, 1450300.051247 ], [ 8640092.336249999701977, 1450301.84274 ], [ 8640092.933414999395609, 1450301.84274 ], [ 8640092.933414999395609, 1450301.245576 ], [ 8640093.530579000711441, 1450301.245576 ], [ 8640093.530579000711441, 1450302.439904 ], [ 8640092.933414999395609, 1450302.439904 ], [ 8640092.933414999395609, 1450303.037069 ], [ 8640092.336249999701977, 1450303.037069 ], [ 8640092.336249999701977, 1450303.634233 ], [ 8640091.141922000795603, 1450303.634233 ], [ 8640091.141922000795603, 1450303.037069 ], [ 8640090.544757999479771, 1450303.037069 ], [ 8640090.544757999479771, 1450302.439904 ], [ 8640089.947592999786139, 1450302.439904 ], [ 8640089.947592999786139, 1450301.84274 ], [ 8640090.544757999479771, 1450301.84274 ], [ 8640090.544757999479771, 1450301.245576 ], [ 8640088.753265000879765, 1450301.245576 ], [ 8640088.753265000879765, 1450302.439904 ], [ 8640086.364607999101281, 1450302.439904 ], [ 8640086.364607999101281, 1450301.245576 ], [ 8640084.573115000501275, 1450301.245576 ], [ 8640084.573115000501275, 1450301.84274 ], [ 8640083.975950999185443, 1450301.84274 ], [ 8640083.975950999185443, 1450302.439904 ], [ 8640082.184458000585437, 1450302.439904 ], [ 8640082.184458000585437, 1450301.84274 ], [ 8640076.809978999197483, 1450301.84274 ], [ 8640076.809978999197483, 1450301.245576 ], [ 8640076.212814999744296, 1450301.245576 ], [ 8640076.212814999744296, 1450300.648412 ], [ 8640073.824157999828458, 1450300.648412 ], [ 8640073.824157999828458, 1450301.245576 ], [ 8640071.435501, 1450301.245576 ], [ 8640071.435501, 1450300.648412 ], [ 8640070.2411720007658, 1450300.648412 ], [ 8640070.2411720007658, 1450300.051247 ], [ 8640068.449679000303149, 1450300.051247 ], [ 8640068.449679000303149, 1450300.648412 ], [ 8640067.25535099953413, 1450300.648412 ], [ 8640067.25535099953413, 1450301.245576 ], [ 8640063.672365000471473, 1450301.245576 ], [ 8640063.672365000471473, 1450301.84274 ], [ 8640060.686543000862002, 1450301.84274 ], [ 8640060.686543000862002, 1450302.439904 ], [ 8640058.297885999083519, 1450302.439904 ], [ 8640058.297885999083519, 1450301.84274 ], [ 8640055.312064999714494, 1450301.84274 ], [ 8640055.312064999714494, 1450302.439904 ], [ 8640052.923407999798656, 1450302.439904 ], [ 8640052.923407999798656, 1450301.84274 ], [ 8640049.937586000189185, 1450301.84274 ], [ 8640049.937586000189185, 1450301.245576 ], [ 8640048.146094, 1450301.245576 ], [ 8640048.146094, 1450300.648412 ], [ 8640047.548929000273347, 1450300.648412 ], [ 8640047.548929000273347, 1450300.051247 ], [ 8640043.96594399958849, 1450300.051247 ], [ 8640043.96594399958849, 1450299.454083 ], [ 8640041.577285999432206, 1450299.454083 ], [ 8640041.577285999432206, 1450300.051247 ], [ 8640040.980122, 1450300.051247 ], [ 8640040.980122, 1450300.648412 ], [ 8640040.382958000525832, 1450300.648412 ], [ 8640040.382958000525832, 1450301.245576 ], [ 8640039.78579399921, 1450301.245576 ], [ 8640039.78579399921, 1450302.439904 ], [ 8640039.188628999516368, 1450302.439904 ], [ 8640039.188628999516368, 1450303.037069 ], [ 8640037.397136000916362, 1450303.037069 ], [ 8640037.397136000916362, 1450303.634233 ], [ 8640034.411314999684691, 1450303.634233 ], [ 8640034.411314999684691, 1450303.037069 ], [ 8640030.828329000622034, 1450303.037069 ], [ 8640030.828329000622034, 1450302.439904 ], [ 8640025.453850999474525, 1450302.439904 ], [ 8640025.453850999474525, 1450303.037069 ], [ 8640023.662358000874519, 1450303.037069 ], [ 8640023.662358000874519, 1450303.634233 ], [ 8640022.468028999865055, 1450303.634233 ], [ 8640022.468028999865055, 1450304.231397 ], [ 8640017.690715, 1450304.231397 ], [ 8640017.690715, 1450304.828562 ], [ 8640015.899221999570727, 1450304.828562 ], [ 8640015.899221999570727, 1450305.425726 ], [ 8640015.30205800011754, 1450305.425726 ], [ 8640015.30205800011754, 1450304.828562 ], [ 8640008.733250999823213, 1450304.828562 ], [ 8640008.733250999823213, 1450305.425726 ], [ 8640006.941757999360561, 1450305.425726 ], [ 8640006.941757999360561, 1450306.02289 ], [ 8640002.164443999528885, 1450306.02289 ], [ 8640002.164443999528885, 1450305.425726 ], [ 8639998.581458000466228, 1450305.425726 ], [ 8639998.581458000466228, 1450304.828562 ], [ 8639996.192801000550389, 1450304.828562 ], [ 8639996.192801000550389, 1450303.634233 ], [ 8639995.595636999234557, 1450303.634233 ], [ 8639995.595636999234557, 1450303.037069 ], [ 8639994.998471999540925, 1450303.037069 ], [ 8639994.998471999540925, 1450302.439904 ], [ 8639994.401308, 1450302.439904 ], [ 8639994.401308, 1450301.84274 ], [ 8639993.206978999078274, 1450301.84274 ], [ 8639993.206978999078274, 1450300.648412 ], [ 8639992.609814999625087, 1450300.648412 ], [ 8639992.609814999625087, 1450297.66259 ], [ 8639993.206978999078274, 1450297.66259 ], [ 8639993.206978999078274, 1450294.079604 ], [ 8639993.804144000634551, 1450294.079604 ], [ 8639993.804144000634551, 1450292.885276 ], [ 8639993.206978999078274, 1450292.885276 ], [ 8639993.206978999078274, 1450291.093783 ], [ 8639992.609814999625087, 1450291.093783 ], [ 8639992.609814999625087, 1450290.496619 ], [ 8639990.818321999162436, 1450290.496619 ], [ 8639990.818321999162436, 1450289.899454 ], [ 8639989.026829000562429, 1450289.899454 ], [ 8639989.026829000562429, 1450289.30229 ], [ 8639984.84667900018394, 1450289.30229 ], [ 8639984.84667900018394, 1450288.705126000102609 ], [ 8639983.055187, 1450288.705126000102609 ], [ 8639983.055187, 1450288.107962 ], [ 8639981.263693999499083, 1450288.107962 ], [ 8639981.263693999499083, 1450288.705126000102609 ], [ 8639980.069365000352263, 1450288.705126000102609 ], [ 8639980.069365000352263, 1450292.885276 ], [ 8639979.472201000899076, 1450292.885276 ], [ 8639979.472201000899076, 1450298.259754 ], [ 8639980.069365000352263, 1450298.259754 ], [ 8639980.069365000352263, 1450300.051247 ], [ 8639980.66652899980545, 1450300.051247 ], [ 8639980.66652899980545, 1450301.84274 ], [ 8639979.472201000899076, 1450301.84274 ], [ 8639979.472201000899076, 1450302.439904 ], [ 8639978.875036999583244, 1450302.439904 ], [ 8639978.875036999583244, 1450303.037069 ], [ 8639978.277871999889612, 1450303.037069 ], [ 8639978.277871999889612, 1450306.02289 ], [ 8639977.680708000436425, 1450306.02289 ], [ 8639977.680708000436425, 1450306.620054 ], [ 8639977.083543999120593, 1450306.620054 ], [ 8639977.083543999120593, 1450307.217219 ], [ 8639976.486378999426961, 1450307.217219 ], [ 8639976.486378999426961, 1450307.814383 ], [ 8639975.889215, 1450307.814383 ], [ 8639975.889215, 1450308.411547 ], [ 8639975.292051000520587, 1450308.411547 ], [ 8639975.292051000520587, 1450309.008712 ], [ 8639974.097721999511123, 1450309.008712 ], [ 8639974.097721999511123, 1450309.605875999899581 ], [ 8639966.931750999763608, 1450309.605875999899581 ], [ 8639966.931750999763608, 1450309.008712 ], [ 8639965.737422000616789, 1450309.008712 ], [ 8639965.737422000616789, 1450308.411547 ], [ 8639963.348765000700951, 1450308.411547 ], [ 8639963.348765000700951, 1450307.814383 ], [ 8639962.751600999385118, 1450307.814383 ], [ 8639962.751600999385118, 1450307.217219 ], [ 8639957.974286999553442, 1450307.217219 ], [ 8639957.974286999553442, 1450306.620054 ], [ 8639956.182793999090791, 1450306.620054 ], [ 8639956.182793999090791, 1450306.02289 ], [ 8639950.211151000112295, 1450306.02289 ], [ 8639950.211151000112295, 1450306.620054 ], [ 8639949.016821999102831, 1450306.620054 ], [ 8639949.016821999102831, 1450307.217219 ], [ 8639947.22533000074327, 1450307.217219 ], [ 8639947.22533000074327, 1450307.814383 ], [ 8639946.628164999186993, 1450307.814383 ], [ 8639946.628164999186993, 1450308.411547 ], [ 8639937.670701000839472, 1450308.411547 ], [ 8639937.670701000839472, 1450309.008712 ], [ 8639936.476371999830008, 1450309.008712 ], [ 8639936.476371999830008, 1450309.605875999899581 ], [ 8639933.490551000460982, 1450309.605875999899581 ], [ 8639933.490551000460982, 1450309.008712 ], [ 8639932.296222999691963, 1450309.008712 ], [ 8639932.296222999691963, 1450308.411547 ], [ 8639926.324580000713468, 1450308.411547 ], [ 8639926.324580000713468, 1450307.814383 ], [ 8639924.533087000250816, 1450307.814383 ], [ 8639924.533087000250816, 1450307.217219 ], [ 8639922.741593999788165, 1450307.217219 ], [ 8639922.741593999788165, 1450306.620054 ], [ 8639922.144430000334978, 1450306.620054 ], [ 8639922.144430000334978, 1450305.425726 ], [ 8639921.547265000641346, 1450305.425726 ], [ 8639921.547265000641346, 1450304.231397 ], [ 8639919.158608000725508, 1450304.231397 ], [ 8639919.158608000725508, 1450304.828562 ], [ 8639918.561443999409676, 1450304.828562 ], [ 8639918.561443999409676, 1450304.231397 ], [ 8639917.367115000262856, 1450304.231397 ], [ 8639917.367115000262856, 1450303.634233 ], [ 8639916.172786999493837, 1450303.634233 ], [ 8639916.172786999493837, 1450304.231397 ], [ 8639914.978458000347018, 1450304.231397 ], [ 8639914.978458000347018, 1450304.828562 ], [ 8639914.381294000893831, 1450304.828562 ], [ 8639914.381294000893831, 1450305.425726 ], [ 8639913.784129999577999, 1450305.425726 ], [ 8639913.784129999577999, 1450306.02289 ], [ 8639913.186964999884367, 1450306.02289 ], [ 8639913.186964999884367, 1450306.620054 ], [ 8639909.006814999505877, 1450306.620054 ], [ 8639909.006814999505877, 1450307.217219 ], [ 8639906.618157999590039, 1450307.217219 ], [ 8639906.618157999590039, 1450306.620054 ], [ 8639902.43800799921155, 1450306.620054 ], [ 8639902.43800799921155, 1450307.217219 ], [ 8639900.646515000611544, 1450307.217219 ], [ 8639900.646515000611544, 1450307.814383 ], [ 8639899.452186999842525, 1450307.814383 ], [ 8639899.452186999842525, 1450308.411547 ], [ 8639896.466366000473499, 1450308.411547 ], [ 8639896.466366000473499, 1450307.814383 ], [ 8639893.480544000864029, 1450307.814383 ], [ 8639893.480544000864029, 1450307.217219 ], [ 8639890.494722999632359, 1450307.217219 ], [ 8639890.494722999632359, 1450306.620054 ], [ 8639889.300394000485539, 1450306.620054 ], [ 8639889.300394000485539, 1450306.02289 ], [ 8639883.925915999338031, 1450306.02289 ], [ 8639883.925915999338031, 1450306.620054 ], [ 8639882.731587000191212, 1450306.620054 ], [ 8639882.731587000191212, 1450307.217219 ], [ 8639877.357108000665903, 1450307.217219 ], [ 8639877.357108000665903, 1450307.814383 ], [ 8639876.759943999350071, 1450307.814383 ], [ 8639876.759943999350071, 1450307.217219 ], [ 8639875.565616000443697, 1450307.217219 ], [ 8639875.565616000443697, 1450307.814383 ], [ 8639874.371286999434233, 1450307.814383 ], [ 8639874.371286999434233, 1450308.411547 ], [ 8639871.385466, 1450308.411547 ], [ 8639871.385466, 1450307.814383 ], [ 8639868.996808, 1450307.814383 ], [ 8639868.996808, 1450307.217219 ], [ 8639863.025165999308228, 1450307.217219 ], [ 8639863.025165999308228, 1450307.814383 ], [ 8639861.830837000161409, 1450307.814383 ], [ 8639861.830837000161409, 1450308.411547 ], [ 8639859.442180000245571, 1450308.411547 ], [ 8639859.442180000245571, 1450309.008712 ], [ 8639855.262029999867082, 1450309.008712 ], [ 8639855.262029999867082, 1450308.411547 ], [ 8639851.679044000804424, 1450308.411547 ], [ 8639851.679044000804424, 1450307.814383 ], [ 8639849.887551000341773, 1450307.814383 ], [ 8639849.887551000341773, 1450307.217219 ], [ 8639847.498894000425935, 1450307.217219 ], [ 8639847.498894000425935, 1450306.620054 ], [ 8639843.915908999741077, 1450306.620054 ], [ 8639843.915908999741077, 1450307.217219 ], [ 8639843.318744, 1450307.217219 ], [ 8639843.318744, 1450308.411547 ], [ 8639841.527250999584794, 1450308.411547 ], [ 8639841.527250999584794, 1450309.605875999899581 ], [ 8639840.930087000131607, 1450309.605875999899581 ], [ 8639840.930087000131607, 1450310.20304 ], [ 8639840.33292300067842, 1450310.20304 ], [ 8639840.33292300067842, 1450310.800204 ], [ 8639839.735758999362588, 1450310.800204 ], [ 8639839.735758999362588, 1450311.397368999896571 ], [ 8639839.138593999668956, 1450311.397368999896571 ], [ 8639839.138593999668956, 1450311.994533 ], [ 8639839.735758999362588, 1450311.994533 ], [ 8639839.735758999362588, 1450312.591697 ], [ 8639840.33292300067842, 1450312.591697 ], [ 8639840.33292300067842, 1450313.188861999893561 ], [ 8639841.527250999584794, 1450313.188861999893561 ], [ 8639841.527250999584794, 1450313.786026 ], [ 8639842.721580000594258, 1450313.786026 ], [ 8639842.721580000594258, 1450314.980354000115767 ], [ 8639841.527250999584794, 1450314.980354000115767 ], [ 8639841.527250999584794, 1450314.38319 ], [ 8639840.930087000131607, 1450314.38319 ], [ 8639840.930087000131607, 1450314.980354000115767 ], [ 8639839.138593999668956, 1450314.980354000115767 ], [ 8639839.138593999668956, 1450315.577519 ], [ 8639843.915908999741077, 1450315.577519 ], [ 8639843.915908999741077, 1450316.174683 ], [ 8639830.18112999945879, 1450316.174683 ] ], [ [ 8639830.778294000774622, 1450315.577519 ], [ 8639831.375459000468254, 1450315.577519 ], [ 8639831.375459000468254, 1450314.980354000115767 ], [ 8639830.778294000774622, 1450314.980354000115767 ], [ 8639830.778294000774622, 1450315.577519 ] ], [ [ 8640123.985958000645041, 1450304.231397 ], [ 8640124.583122, 1450304.231397 ], [ 8640124.583122, 1450303.634233 ], [ 8640123.985958000645041, 1450303.634233 ], [ 8640123.985958000645041, 1450304.231397 ] ], [ [ 8640125.180285999551415, 1450303.037069 ], [ 8640125.777450000867248, 1450303.037069 ], [ 8640125.777450000867248, 1450302.439904 ], [ 8640125.180285999551415, 1450302.439904 ], [ 8640125.180285999551415, 1450303.037069 ] ], [ [ 8640126.37461500056088, 1450303.037069 ], [ 8640126.971779, 1450303.037069 ], [ 8640126.971779, 1450302.439904 ], [ 8640126.37461500056088, 1450302.439904 ], [ 8640126.37461500056088, 1450303.037069 ] ], [ [ 8640085.767442999407649, 1450297.065426 ], [ 8640086.364607999101281, 1450297.065426 ], [ 8640086.364607999101281, 1450295.273933 ], [ 8640085.767442999407649, 1450295.273933 ], [ 8640085.767442999407649, 1450294.676769 ], [ 8640085.170279, 1450294.676769 ], [ 8640085.170279, 1450295.871097 ], [ 8640085.767442999407649, 1450295.871097 ], [ 8640085.767442999407649, 1450297.065426 ] ], [ [ 8639975.889215, 1450278.553333 ], [ 8639976.486378999426961, 1450278.553333 ], [ 8639976.486378999426961, 1450277.956168999895453 ], [ 8639977.680708000436425, 1450277.956168999895453 ], [ 8639977.680708000436425, 1450277.359005 ], [ 8639978.277871999889612, 1450277.359005 ], [ 8639978.277871999889612, 1450276.76184 ], [ 8639978.875036999583244, 1450276.76184 ], [ 8639978.875036999583244, 1450275.567512 ], [ 8639980.069365000352263, 1450275.567512 ], [ 8639980.069365000352263, 1450273.776019 ], [ 8639980.66652899980545, 1450273.776019 ], [ 8639980.66652899980545, 1450273.178855 ], [ 8639981.263693999499083, 1450273.178855 ], [ 8639981.263693999499083, 1450272.58169 ], [ 8639981.860858000814915, 1450272.58169 ], [ 8639981.860858000814915, 1450271.387362 ], [ 8639983.055187, 1450271.387362 ], [ 8639983.055187, 1450270.790197 ], [ 8639984.249515000730753, 1450270.790197 ], [ 8639984.249515000730753, 1450270.193033 ], [ 8639983.652350999414921, 1450270.193033 ], [ 8639983.652350999414921, 1450268.998705 ], [ 8639986.041007999330759, 1450268.998705 ], [ 8639986.041007999330759, 1450268.40154 ], [ 8639987.83250099979341, 1450268.40154 ], [ 8639987.83250099979341, 1450267.804376 ], [ 8639992.0126510001719, 1450267.804376 ], [ 8639992.0126510001719, 1450266.610047 ], [ 8639992.609814999625087, 1450266.610047 ], [ 8639992.609814999625087, 1450267.804376 ], [ 8639993.804144000634551, 1450267.804376 ], [ 8639993.804144000634551, 1450268.998705 ], [ 8639996.789965, 1450268.998705 ], [ 8639996.789965, 1450269.595869 ], [ 8639997.984293999150395, 1450269.595869 ], [ 8639997.984293999150395, 1450270.193033 ], [ 8639999.178622, 1450270.193033 ], [ 8639999.178622, 1450269.595869 ], [ 8640000.372951000928879, 1450269.595869 ], [ 8640000.372951000928879, 1450270.193033 ], [ 8640000.970115000382066, 1450270.193033 ], [ 8640000.970115000382066, 1450269.595869 ], [ 8640010.524744000285864, 1450269.595869 ], [ 8640010.524744000285864, 1450268.998705 ], [ 8640014.704894000664353, 1450268.998705 ], [ 8640014.704894000664353, 1450268.40154 ], [ 8640016.496386000886559, 1450268.40154 ], [ 8640016.496386000886559, 1450268.998705 ], [ 8640017.093551000580192, 1450268.998705 ], [ 8640017.093551000580192, 1450268.40154 ], [ 8640018.287878999486566, 1450268.40154 ], [ 8640018.287878999486566, 1450268.998705 ], [ 8640020.079372, 1450268.998705 ], [ 8640020.079372, 1450268.40154 ], [ 8640024.259522000327706, 1450268.40154 ], [ 8640024.259522000327706, 1450267.804376 ], [ 8640030.828329000622034, 1450267.804376 ], [ 8640030.828329000622034, 1450268.40154 ], [ 8640034.411314999684691, 1450268.40154 ], [ 8640034.411314999684691, 1450268.998705 ], [ 8640035.008478999137878, 1450268.998705 ], [ 8640035.008478999137878, 1450269.595869 ], [ 8640035.605644000694156, 1450269.595869 ], [ 8640035.605644000694156, 1450270.193033 ], [ 8640036.202808000147343, 1450270.193033 ], [ 8640036.202808000147343, 1450273.178855 ], [ 8640036.79997199960053, 1450273.178855 ], [ 8640036.79997199960053, 1450274.373183 ], [ 8640037.994301000609994, 1450274.373183 ], [ 8640037.994301000609994, 1450274.970347 ], [ 8640037.397136000916362, 1450274.970347 ], [ 8640037.397136000916362, 1450275.567512 ], [ 8640038.591465, 1450275.567512 ], [ 8640038.591465, 1450276.164675999898463 ], [ 8640039.188628999516368, 1450276.164675999898463 ], [ 8640039.188628999516368, 1450274.970347 ], [ 8640042.174450999125838, 1450274.970347 ], [ 8640042.174450999125838, 1450274.373183 ], [ 8640042.77161500044167, 1450274.373183 ], [ 8640042.77161500044167, 1450272.58169 ], [ 8640042.174450999125838, 1450272.58169 ], [ 8640042.174450999125838, 1450270.790197 ], [ 8640041.577285999432206, 1450270.790197 ], [ 8640041.577285999432206, 1450268.40154 ], [ 8640040.980122, 1450268.40154 ], [ 8640040.980122, 1450266.610047 ], [ 8640041.577285999432206, 1450266.610047 ], [ 8640041.577285999432206, 1450264.818555 ], [ 8640042.174450999125838, 1450264.818555 ], [ 8640042.174450999125838, 1450263.624226 ], [ 8640043.368778999894857, 1450263.624226 ], [ 8640043.368778999894857, 1450262.429897 ], [ 8640043.96594399958849, 1450262.429897 ], [ 8640043.96594399958849, 1450261.832733 ], [ 8640045.160272000357509, 1450261.832733 ], [ 8640045.160272000357509, 1450261.235569 ], [ 8640045.757435999810696, 1450261.235569 ], [ 8640045.757435999810696, 1450260.638405 ], [ 8640049.937586000189185, 1450260.638405 ], [ 8640049.937586000189185, 1450261.235569 ], [ 8640050.534750999882817, 1450261.235569 ], [ 8640050.534750999882817, 1450260.638405 ], [ 8640051.729079000651836, 1450260.638405 ], [ 8640051.729079000651836, 1450260.04124 ], [ 8640049.340422000735998, 1450260.04124 ], [ 8640049.340422000735998, 1450259.444076 ], [ 8640046.95176500082016, 1450259.444076 ], [ 8640046.95176500082016, 1450258.846912 ], [ 8640045.160272000357509, 1450258.846912 ], [ 8640045.160272000357509, 1450258.249747 ], [ 8640044.563108000904322, 1450258.249747 ], [ 8640044.563108000904322, 1450258.846912 ], [ 8640038.591465, 1450258.846912 ], [ 8640038.591465, 1450259.444076 ], [ 8640022.468028999865055, 1450259.444076 ], [ 8640022.468028999865055, 1450258.846912 ], [ 8640021.273700999096036, 1450258.846912 ], [ 8640021.273700999096036, 1450258.249747 ], [ 8640018.885043999180198, 1450258.249747 ], [ 8640018.885043999180198, 1450257.652583 ], [ 8640018.287878999486566, 1450257.652583 ], [ 8640018.287878999486566, 1450258.249747 ], [ 8640017.690715, 1450258.249747 ], [ 8640017.690715, 1450257.652583 ], [ 8640017.093551000580192, 1450257.652583 ], [ 8640017.093551000580192, 1450258.846912 ], [ 8640016.496386000886559, 1450258.846912 ], [ 8640016.496386000886559, 1450259.444076 ], [ 8640013.510564999654889, 1450259.444076 ], [ 8640013.510564999654889, 1450260.04124 ], [ 8640012.316237000748515, 1450260.04124 ], [ 8640012.316237000748515, 1450260.638405 ], [ 8640009.927579000592232, 1450260.638405 ], [ 8640009.927579000592232, 1450261.235569 ], [ 8640004.553100999444723, 1450261.235569 ], [ 8640004.553100999444723, 1450260.638405 ], [ 8640001.567278999835253, 1450260.638405 ], [ 8640001.567278999835253, 1450260.04124 ], [ 8640000.970115000382066, 1450260.04124 ], [ 8640000.970115000382066, 1450259.444076 ], [ 8639997.984293999150395, 1450259.444076 ], [ 8639997.984293999150395, 1450258.846912 ], [ 8639995.595636999234557, 1450258.846912 ], [ 8639995.595636999234557, 1450259.444076 ], [ 8639994.401308, 1450259.444076 ], [ 8639994.401308, 1450260.04124 ], [ 8639993.206978999078274, 1450260.04124 ], [ 8639993.206978999078274, 1450260.638405 ], [ 8639987.235337000340223, 1450260.638405 ], [ 8639987.235337000340223, 1450260.04124 ], [ 8639986.041007999330759, 1450260.04124 ], [ 8639986.041007999330759, 1450259.444076 ], [ 8639983.652350999414921, 1450259.444076 ], [ 8639983.652350999414921, 1450258.846912 ], [ 8639982.458022000268102, 1450258.846912 ], [ 8639982.458022000268102, 1450258.249747 ], [ 8639980.66652899980545, 1450258.249747 ], [ 8639980.66652899980545, 1450257.652583 ], [ 8639980.069365000352263, 1450257.652583 ], [ 8639980.069365000352263, 1450257.055419 ], [ 8639979.472201000899076, 1450257.055419 ], [ 8639979.472201000899076, 1450256.458255 ], [ 8639978.277871999889612, 1450256.458255 ], [ 8639978.277871999889612, 1450255.86109 ], [ 8639977.680708000436425, 1450255.86109 ], [ 8639977.680708000436425, 1450255.263926000101492 ], [ 8639977.083543999120593, 1450255.263926000101492 ], [ 8639977.083543999120593, 1450254.666762 ], [ 8639976.486378999426961, 1450254.666762 ], [ 8639976.486378999426961, 1450254.069597 ], [ 8639974.694886999204755, 1450254.069597 ], [ 8639974.694886999204755, 1450254.666762 ], [ 8639973.500558, 1450254.666762 ], [ 8639973.500558, 1450255.263926000101492 ], [ 8639971.709064999595284, 1450255.263926000101492 ], [ 8639971.709064999595284, 1450256.458255 ], [ 8639971.111901000142097, 1450256.458255 ], [ 8639971.111901000142097, 1450257.055419 ], [ 8639970.51473700068891, 1450257.055419 ], [ 8639970.51473700068891, 1450257.652583 ], [ 8639969.917571999132633, 1450257.652583 ], [ 8639969.917571999132633, 1450258.249747 ], [ 8639968.126080000773072, 1450258.249747 ], [ 8639968.126080000773072, 1450258.846912 ], [ 8639961.557272000238299, 1450258.846912 ], [ 8639961.557272000238299, 1450259.444076 ], [ 8639956.182793999090791, 1450259.444076 ], [ 8639956.182793999090791, 1450258.846912 ], [ 8639955.585629999637604, 1450258.846912 ], [ 8639955.585629999637604, 1450258.249747 ], [ 8639950.808314999565482, 1450258.249747 ], [ 8639950.808314999565482, 1450258.846912 ], [ 8639950.211151000112295, 1450258.846912 ], [ 8639950.211151000112295, 1450259.444076 ], [ 8639949.613987000659108, 1450259.444076 ], [ 8639949.613987000659108, 1450260.04124 ], [ 8639946.628164999186993, 1450260.04124 ], [ 8639946.628164999186993, 1450260.638405 ], [ 8639934.087715, 1450260.638405 ], [ 8639934.087715, 1450260.04124 ], [ 8639931.101894000545144, 1450260.04124 ], [ 8639931.101894000545144, 1450259.444076 ], [ 8639929.310401, 1450259.444076 ], [ 8639929.310401, 1450260.04124 ], [ 8639927.518907999619842, 1450260.04124 ], [ 8639927.518907999619842, 1450260.638405 ], [ 8639924.533087000250816, 1450260.638405 ], [ 8639924.533087000250816, 1450261.235569 ], [ 8639920.352936999872327, 1450261.235569 ], [ 8639920.352936999872327, 1450261.832733 ], [ 8639919.158608000725508, 1450261.832733 ], [ 8639919.158608000725508, 1450261.235569 ], [ 8639918.561443999409676, 1450261.235569 ], [ 8639918.561443999409676, 1450261.832733 ], [ 8639917.367115000262856, 1450261.832733 ], [ 8639917.367115000262856, 1450261.235569 ], [ 8639915.575623, 1450261.235569 ], [ 8639915.575623, 1450260.638405 ], [ 8639909.60397999919951, 1450260.638405 ], [ 8639909.60397999919951, 1450260.04124 ], [ 8639908.409651, 1450260.04124 ], [ 8639908.409651, 1450259.444076 ], [ 8639907.215322999283671, 1450259.444076 ], [ 8639907.215322999283671, 1450258.846912 ], [ 8639904.826664999127388, 1450258.846912 ], [ 8639904.826664999127388, 1450258.249747 ], [ 8639903.035173000767827, 1450258.249747 ], [ 8639903.035173000767827, 1450257.652583 ], [ 8639901.840843999758363, 1450257.652583 ], [ 8639901.840843999758363, 1450257.055419 ], [ 8639900.646515000611544, 1450257.055419 ], [ 8639900.646515000611544, 1450256.458255 ], [ 8639900.049350999295712, 1450256.458255 ], [ 8639900.049350999295712, 1450255.86109 ], [ 8639897.660693999379873, 1450255.86109 ], [ 8639897.660693999379873, 1450255.263926000101492 ], [ 8639895.869201000779867, 1450255.263926000101492 ], [ 8639895.869201000779867, 1450254.666762 ], [ 8639895.272036999464035, 1450254.666762 ], [ 8639895.272036999464035, 1450255.263926000101492 ], [ 8639893.480544000864029, 1450255.263926000101492 ], [ 8639893.480544000864029, 1450257.055419 ], [ 8639892.883379999548197, 1450257.055419 ], [ 8639892.883379999548197, 1450258.249747 ], [ 8639891.689051000401378, 1450258.249747 ], [ 8639891.689051000401378, 1450258.846912 ], [ 8639890.494722999632359, 1450258.846912 ], [ 8639890.494722999632359, 1450259.444076 ], [ 8639888.703229999169707, 1450259.444076 ], [ 8639888.703229999169707, 1450258.846912 ], [ 8639886.911737000569701, 1450258.846912 ], [ 8639886.911737000569701, 1450258.249747 ], [ 8639883.925915999338031, 1450258.249747 ], [ 8639883.925915999338031, 1450257.652583 ], [ 8639881.537257999181747, 1450257.652583 ], [ 8639881.537257999181747, 1450257.055419 ], [ 8639880.342930000275373, 1450257.055419 ], [ 8639880.342930000275373, 1450257.652583 ], [ 8639879.745766000822186, 1450257.652583 ], [ 8639879.745766000822186, 1450258.249747 ], [ 8639879.148600999265909, 1450258.249747 ], [ 8639879.148600999265909, 1450258.846912 ], [ 8639878.551436999812722, 1450258.846912 ], [ 8639878.551436999812722, 1450260.638405 ], [ 8639877.954273000359535, 1450260.638405 ], [ 8639877.954273000359535, 1450261.832733 ], [ 8639876.162779999896884, 1450261.832733 ], [ 8639876.162779999896884, 1450262.429897 ], [ 8639875.565616000443697, 1450262.429897 ], [ 8639875.565616000443697, 1450263.027062 ], [ 8639852.873373, 1450263.027062 ], [ 8639852.873373, 1450262.429897 ], [ 8639852.276209000498056, 1450262.429897 ], [ 8639852.276209000498056, 1450263.027062 ], [ 8639851.081879999488592, 1450263.027062 ], [ 8639851.081879999488592, 1450263.624226 ], [ 8639849.887551000341773, 1450263.624226 ], [ 8639849.887551000341773, 1450264.22139 ], [ 8639834.958443999290466, 1450264.22139 ], [ 8639834.958443999290466, 1450264.818555 ], [ 8639833.764116000384092, 1450264.818555 ], [ 8639833.764116000384092, 1450265.415719 ], [ 8639831.375459000468254, 1450265.415719 ], [ 8639831.375459000468254, 1450264.22139 ], [ 8639830.778294000774622, 1450264.22139 ], [ 8639830.778294000774622, 1450272.58169 ], [ 8639831.375459000468254, 1450272.58169 ], [ 8639831.375459000468254, 1450271.984526 ], [ 8639831.972623, 1450271.984526 ], [ 8639831.972623, 1450272.58169 ], [ 8639833.16695100069046, 1450272.58169 ], [ 8639833.16695100069046, 1450271.984526 ], [ 8639834.958443999290466, 1450271.984526 ], [ 8639834.958443999290466, 1450272.58169 ], [ 8639836.749936999753118, 1450272.58169 ], [ 8639836.749936999753118, 1450273.178855 ], [ 8639839.735758999362588, 1450273.178855 ], [ 8639839.735758999362588, 1450272.58169 ], [ 8639842.124415999278426, 1450272.58169 ], [ 8639842.124415999278426, 1450271.984526 ], [ 8639843.318744, 1450271.984526 ], [ 8639843.318744, 1450271.387362 ], [ 8639845.707401, 1450271.387362 ], [ 8639845.707401, 1450270.790197 ], [ 8639857.65068699978292, 1450270.790197 ], [ 8639857.65068699978292, 1450270.193033 ], [ 8639858.247850999236107, 1450270.193033 ], [ 8639858.247850999236107, 1450270.790197 ], [ 8639860.039343999698758, 1450270.790197 ], [ 8639860.039343999698758, 1450270.193033 ], [ 8639860.636507999151945, 1450270.193033 ], [ 8639860.636507999151945, 1450270.790197 ], [ 8639862.428000999614596, 1450270.790197 ], [ 8639862.428000999614596, 1450271.387362 ], [ 8639863.622330000624061, 1450271.387362 ], [ 8639863.622330000624061, 1450271.984526 ], [ 8639864.219494, 1450271.984526 ], [ 8639864.219494, 1450271.387362 ], [ 8639866.608151, 1450271.387362 ], [ 8639866.608151, 1450271.984526 ], [ 8639873.774123, 1450271.984526 ], [ 8639873.774123, 1450272.58169 ], [ 8639874.371286999434233, 1450272.58169 ], [ 8639874.371286999434233, 1450273.178855 ], [ 8639874.968451000750065, 1450273.178855 ], [ 8639874.968451000750065, 1450274.373183 ], [ 8639875.565616000443697, 1450274.373183 ], [ 8639875.565616000443697, 1450273.776019 ], [ 8639876.759943999350071, 1450273.776019 ], [ 8639876.759943999350071, 1450273.178855 ], [ 8639877.954273000359535, 1450273.178855 ], [ 8639877.954273000359535, 1450272.58169 ], [ 8639879.745766000822186, 1450272.58169 ], [ 8639879.745766000822186, 1450273.178855 ], [ 8639883.925915999338031, 1450273.178855 ], [ 8639883.925915999338031, 1450272.58169 ], [ 8639885.12024400010705, 1450272.58169 ], [ 8639885.12024400010705, 1450271.984526 ], [ 8639885.717407999560237, 1450271.984526 ], [ 8639885.717407999560237, 1450271.387362 ], [ 8639886.314572999253869, 1450271.387362 ], [ 8639886.314572999253869, 1450270.790197 ], [ 8639887.508901, 1450270.790197 ], [ 8639887.508901, 1450270.193033 ], [ 8639890.494722999632359, 1450270.193033 ], [ 8639890.494722999632359, 1450269.595869 ], [ 8639893.480544000864029, 1450269.595869 ], [ 8639893.480544000864029, 1450268.998705 ], [ 8639897.06353, 1450268.998705 ], [ 8639897.06353, 1450269.595869 ], [ 8639899.452186999842525, 1450269.595869 ], [ 8639899.452186999842525, 1450268.998705 ], [ 8639900.049350999295712, 1450268.998705 ], [ 8639900.049350999295712, 1450270.193033 ], [ 8639901.243680000305176, 1450270.193033 ], [ 8639901.243680000305176, 1450269.595869 ], [ 8639902.43800799921155, 1450269.595869 ], [ 8639902.43800799921155, 1450270.193033 ], [ 8639903.035173000767827, 1450270.193033 ], [ 8639903.035173000767827, 1450270.790197 ], [ 8639903.632337000221014, 1450270.790197 ], [ 8639903.632337000221014, 1450271.387362 ], [ 8639911.395472999662161, 1450271.387362 ], [ 8639911.395472999662161, 1450271.984526 ], [ 8639913.784129999577999, 1450271.984526 ], [ 8639913.784129999577999, 1450272.58169 ], [ 8639914.978458000347018, 1450272.58169 ], [ 8639914.978458000347018, 1450271.984526 ], [ 8639915.575623, 1450271.984526 ], [ 8639915.575623, 1450272.58169 ], [ 8639916.172786999493837, 1450272.58169 ], [ 8639916.172786999493837, 1450271.984526 ], [ 8639916.769951000809669, 1450271.984526 ], [ 8639916.769951000809669, 1450270.193033 ], [ 8639917.96428, 1450270.193033 ], [ 8639917.96428, 1450270.790197 ], [ 8639918.561443999409676, 1450270.790197 ], [ 8639918.561443999409676, 1450270.193033 ], [ 8639919.75577300041914, 1450270.193033 ], [ 8639919.75577300041914, 1450270.790197 ], [ 8639920.950100999325514, 1450270.790197 ], [ 8639920.950100999325514, 1450271.387362 ], [ 8639921.547265000641346, 1450271.387362 ], [ 8639921.547265000641346, 1450271.984526 ], [ 8639922.144430000334978, 1450271.984526 ], [ 8639922.144430000334978, 1450272.58169 ], [ 8639922.741593999788165, 1450272.58169 ], [ 8639922.741593999788165, 1450273.178855 ], [ 8639927.518907999619842, 1450273.178855 ], [ 8639927.518907999619842, 1450272.58169 ], [ 8639932.296222999691963, 1450272.58169 ], [ 8639932.296222999691963, 1450271.984526 ], [ 8639936.476371999830008, 1450271.984526 ], [ 8639936.476371999830008, 1450271.387362 ], [ 8639939.462193999439478, 1450271.387362 ], [ 8639939.462193999439478, 1450270.790197 ], [ 8639942.448015000671148, 1450270.790197 ], [ 8639942.448015000671148, 1450270.193033 ], [ 8639948.419657999649644, 1450270.193033 ], [ 8639948.419657999649644, 1450269.595869 ], [ 8639949.016821999102831, 1450269.595869 ], [ 8639949.016821999102831, 1450270.193033 ], [ 8639952.599808, 1450270.193033 ], [ 8639952.599808, 1450270.790197 ], [ 8639954.988465, 1450270.790197 ], [ 8639954.988465, 1450269.595869 ], [ 8639956.779958000406623, 1450269.595869 ], [ 8639956.779958000406623, 1450270.193033 ], [ 8639957.37712199985981, 1450270.193033 ], [ 8639957.37712199985981, 1450271.387362 ], [ 8639957.974286999553442, 1450271.387362 ], [ 8639957.974286999553442, 1450271.984526 ], [ 8639958.571451000869274, 1450271.984526 ], [ 8639958.571451000869274, 1450272.58169 ], [ 8639959.168615000322461, 1450272.58169 ], [ 8639959.168615000322461, 1450271.984526 ], [ 8639960.960108000785112, 1450271.984526 ], [ 8639960.960108000785112, 1450271.387362 ], [ 8639962.154437, 1450271.387362 ], [ 8639962.154437, 1450270.790197 ], [ 8639963.348765000700951, 1450270.790197 ], [ 8639963.348765000700951, 1450270.193033 ], [ 8639967.528914999216795, 1450270.193033 ], [ 8639967.528914999216795, 1450270.790197 ], [ 8639968.723244000226259, 1450270.790197 ], [ 8639968.723244000226259, 1450271.387362 ], [ 8639969.320407999679446, 1450271.387362 ], [ 8639969.320407999679446, 1450271.984526 ], [ 8639970.51473700068891, 1450271.984526 ], [ 8639970.51473700068891, 1450272.58169 ], [ 8639971.111901000142097, 1450272.58169 ], [ 8639971.111901000142097, 1450273.776019 ], [ 8639971.709064999595284, 1450273.776019 ], [ 8639971.709064999595284, 1450274.970347 ], [ 8639972.306229999288917, 1450274.970347 ], [ 8639972.306229999288917, 1450275.567512 ], [ 8639972.903394000604749, 1450275.567512 ], [ 8639972.903394000604749, 1450276.164675999898463 ], [ 8639973.500558, 1450276.164675999898463 ], [ 8639973.500558, 1450276.76184 ], [ 8639974.097721999511123, 1450276.76184 ], [ 8639974.097721999511123, 1450277.359005 ], [ 8639975.292051000520587, 1450277.359005 ], [ 8639975.292051000520587, 1450277.956168999895453 ], [ 8639975.889215, 1450277.956168999895453 ], [ 8639975.889215, 1450278.553333 ] ], [ [ 8640089.350429000332952, 1450271.387362 ], [ 8640092.933414999395609, 1450271.387362 ], [ 8640092.933414999395609, 1450270.193033 ], [ 8640093.530579000711441, 1450270.193033 ], [ 8640093.530579000711441, 1450269.595869 ], [ 8640094.127743000164628, 1450269.595869 ], [ 8640094.127743000164628, 1450266.610047 ], [ 8640094.72490799985826, 1450266.610047 ], [ 8640094.72490799985826, 1450265.415719 ], [ 8640094.127743000164628, 1450265.415719 ], [ 8640094.127743000164628, 1450264.818555 ], [ 8640092.933414999395609, 1450264.818555 ], [ 8640092.933414999395609, 1450264.22139 ], [ 8640094.127743000164628, 1450264.22139 ], [ 8640094.127743000164628, 1450261.832733 ], [ 8640093.530579000711441, 1450261.832733 ], [ 8640093.530579000711441, 1450260.638405 ], [ 8640092.933414999395609, 1450260.638405 ], [ 8640092.933414999395609, 1450259.444076 ], [ 8640093.530579000711441, 1450259.444076 ], [ 8640093.530579000711441, 1450258.249747 ], [ 8640092.933414999395609, 1450258.249747 ], [ 8640092.933414999395609, 1450257.652583 ], [ 8640093.530579000711441, 1450257.652583 ], [ 8640093.530579000711441, 1450256.458255 ], [ 8640092.933414999395609, 1450256.458255 ], [ 8640092.933414999395609, 1450254.666762 ], [ 8640091.73908600024879, 1450254.666762 ], [ 8640091.73908600024879, 1450254.069597 ], [ 8640091.141922000795603, 1450254.069597 ], [ 8640091.141922000795603, 1450253.472433000104502 ], [ 8640090.544757999479771, 1450253.472433000104502 ], [ 8640090.544757999479771, 1450252.875269 ], [ 8640089.350429000332952, 1450252.875269 ], [ 8640089.350429000332952, 1450250.486612 ], [ 8640088.753265000879765, 1450250.486612 ], [ 8640088.753265000879765, 1450249.292283 ], [ 8640088.156100999563932, 1450249.292283 ], [ 8640088.156100999563932, 1450248.695119 ], [ 8640086.961772000417113, 1450248.695119 ], [ 8640086.961772000417113, 1450248.097954999888316 ], [ 8640086.364607999101281, 1450248.097954999888316 ], [ 8640086.364607999101281, 1450248.695119 ], [ 8640085.170279, 1450248.695119 ], [ 8640085.170279, 1450249.292283 ], [ 8640084.573115000501275, 1450249.292283 ], [ 8640084.573115000501275, 1450249.889447000110522 ], [ 8640085.170279, 1450249.889447000110522 ], [ 8640085.170279, 1450251.083776 ], [ 8640085.767442999407649, 1450251.083776 ], [ 8640085.767442999407649, 1450251.680940000107512 ], [ 8640086.364607999101281, 1450251.680940000107512 ], [ 8640086.364607999101281, 1450252.278105 ], [ 8640083.378785999491811, 1450252.278105 ], [ 8640083.378785999491811, 1450252.875269 ], [ 8640081.587293000891805, 1450252.875269 ], [ 8640081.587293000891805, 1450253.472433000104502 ], [ 8640082.184458000585437, 1450253.472433000104502 ], [ 8640082.184458000585437, 1450254.069597 ], [ 8640084.573115000501275, 1450254.069597 ], [ 8640084.573115000501275, 1450254.666762 ], [ 8640085.767442999407649, 1450254.666762 ], [ 8640085.767442999407649, 1450255.263926000101492 ], [ 8640085.170279, 1450255.263926000101492 ], [ 8640085.170279, 1450255.86109 ], [ 8640082.781622, 1450255.86109 ], [ 8640082.781622, 1450255.263926000101492 ], [ 8640083.975950999185443, 1450255.263926000101492 ], [ 8640083.975950999185443, 1450254.666762 ], [ 8640082.184458000585437, 1450254.666762 ], [ 8640082.184458000585437, 1450255.263926000101492 ], [ 8640080.392965000122786, 1450255.263926000101492 ], [ 8640080.392965000122786, 1450256.458255 ], [ 8640079.795801000669599, 1450256.458255 ], [ 8640079.795801000669599, 1450257.055419 ], [ 8640079.198635999113321, 1450257.055419 ], [ 8640079.198635999113321, 1450257.652583 ], [ 8640079.795801000669599, 1450257.652583 ], [ 8640079.795801000669599, 1450258.249747 ], [ 8640078.601471999660134, 1450258.249747 ], [ 8640078.601471999660134, 1450258.846912 ], [ 8640077.407143000513315, 1450258.846912 ], [ 8640077.407143000513315, 1450259.444076 ], [ 8640076.212814999744296, 1450259.444076 ], [ 8640076.212814999744296, 1450260.04124 ], [ 8640071.435501, 1450260.04124 ], [ 8640071.435501, 1450260.638405 ], [ 8640070.838336000218987, 1450260.638405 ], [ 8640070.838336000218987, 1450260.04124 ], [ 8640067.25535099953413, 1450260.04124 ], [ 8640067.25535099953413, 1450259.444076 ], [ 8640064.866692999377847, 1450259.444076 ], [ 8640064.866692999377847, 1450258.846912 ], [ 8640064.269529, 1450258.846912 ], [ 8640064.269529, 1450258.249747 ], [ 8640060.686543000862002, 1450258.249747 ], [ 8640060.686543000862002, 1450257.652583 ], [ 8640057.700721999630332, 1450257.652583 ], [ 8640057.700721999630332, 1450258.249747 ], [ 8640055.909228999167681, 1450258.249747 ], [ 8640055.909228999167681, 1450258.846912 ], [ 8640055.312064999714494, 1450258.846912 ], [ 8640055.312064999714494, 1450259.444076 ], [ 8640054.714901000261307, 1450259.444076 ], [ 8640054.714901000261307, 1450260.04124 ], [ 8640054.117736000567675, 1450260.04124 ], [ 8640054.117736000567675, 1450260.638405 ], [ 8640052.326243000105023, 1450260.638405 ], [ 8640052.326243000105023, 1450261.832733 ], [ 8640052.923407999798656, 1450261.832733 ], [ 8640052.923407999798656, 1450262.429897 ], [ 8640053.520571999251842, 1450262.429897 ], [ 8640053.520571999251842, 1450263.027062 ], [ 8640055.312064999714494, 1450263.027062 ], [ 8640055.312064999714494, 1450264.818555 ], [ 8640055.909228999167681, 1450264.818555 ], [ 8640055.909228999167681, 1450265.415719 ], [ 8640056.506393000483513, 1450265.415719 ], [ 8640056.506393000483513, 1450266.610047 ], [ 8640057.103558000177145, 1450266.610047 ], [ 8640057.103558000177145, 1450267.804376 ], [ 8640057.700721999630332, 1450267.804376 ], [ 8640057.700721999630332, 1450268.40154 ], [ 8640059.492215, 1450268.40154 ], [ 8640059.492215, 1450267.804376 ], [ 8640060.08937899954617, 1450267.804376 ], [ 8640060.08937899954617, 1450268.40154 ], [ 8640060.686543000862002, 1450268.40154 ], [ 8640060.686543000862002, 1450267.804376 ], [ 8640070.838336000218987, 1450267.804376 ], [ 8640070.838336000218987, 1450268.40154 ], [ 8640072.032664999365807, 1450268.40154 ], [ 8640072.032664999365807, 1450267.804376 ], [ 8640076.809978999197483, 1450267.804376 ], [ 8640076.809978999197483, 1450267.207212 ], [ 8640080.392965000122786, 1450267.207212 ], [ 8640080.392965000122786, 1450266.610047 ], [ 8640081.587293000891805, 1450266.610047 ], [ 8640081.587293000891805, 1450267.207212 ], [ 8640085.767442999407649, 1450267.207212 ], [ 8640085.767442999407649, 1450267.804376 ], [ 8640087.5589359998703, 1450267.804376 ], [ 8640087.5589359998703, 1450268.40154 ], [ 8640086.961772000417113, 1450268.40154 ], [ 8640086.961772000417113, 1450268.998705 ], [ 8640088.753265000879765, 1450268.998705 ], [ 8640088.753265000879765, 1450269.595869 ], [ 8640088.156100999563932, 1450269.595869 ], [ 8640088.156100999563932, 1450270.193033 ], [ 8640089.350429000332952, 1450270.193033 ], [ 8640089.350429000332952, 1450271.387362 ] ], [ [ 8639877.357108000665903, 1450247.50079 ], [ 8639877.954273000359535, 1450247.50079 ], [ 8639877.954273000359535, 1450245.112133 ], [ 8639877.357108000665903, 1450245.112133 ], [ 8639877.357108000665903, 1450244.514968999894336 ], [ 8639877.954273000359535, 1450244.514968999894336 ], [ 8639877.954273000359535, 1450243.32064 ], [ 8639878.551436999812722, 1450243.32064 ], [ 8639878.551436999812722, 1450242.126312 ], [ 8639879.148600999265909, 1450242.126312 ], [ 8639879.148600999265909, 1450240.334819 ], [ 8639879.745766000822186, 1450240.334819 ], [ 8639879.745766000822186, 1450239.14049 ], [ 8639880.342930000275373, 1450239.14049 ], [ 8639880.342930000275373, 1450238.543326 ], [ 8639881.537257999181747, 1450238.543326 ], [ 8639881.537257999181747, 1450237.348998 ], [ 8639880.342930000275373, 1450237.348998 ], [ 8639880.342930000275373, 1450236.751833 ], [ 8639873.176958000287414, 1450236.751833 ], [ 8639873.176958000287414, 1450236.154669 ], [ 8639871.385466, 1450236.154669 ], [ 8639871.385466, 1450235.557505 ], [ 8639870.191137000918388, 1450235.557505 ], [ 8639870.191137000918388, 1450234.363176 ], [ 8639868.996808, 1450234.363176 ], [ 8639868.996808, 1450233.766012 ], [ 8639868.399644000455737, 1450233.766012 ], [ 8639868.399644000455737, 1450233.168848 ], [ 8639866.010987000539899, 1450233.168848 ], [ 8639866.010987000539899, 1450236.154669 ], [ 8639866.608151, 1450236.154669 ], [ 8639866.608151, 1450236.751833 ], [ 8639868.399644000455737, 1450236.751833 ], [ 8639868.399644000455737, 1450237.348998 ], [ 8639868.996808, 1450237.348998 ], [ 8639868.996808, 1450237.946162 ], [ 8639870.191137000918388, 1450237.946162 ], [ 8639870.191137000918388, 1450238.543326 ], [ 8639870.788301000371575, 1450238.543326 ], [ 8639870.788301000371575, 1450239.14049 ], [ 8639871.385466, 1450239.14049 ], [ 8639871.385466, 1450239.737655 ], [ 8639871.982629999518394, 1450239.737655 ], [ 8639871.982629999518394, 1450240.931983 ], [ 8639872.579794000834227, 1450240.931983 ], [ 8639872.579794000834227, 1450241.529147 ], [ 8639873.176958000287414, 1450241.529147 ], [ 8639873.176958000287414, 1450242.126312 ], [ 8639873.774123, 1450242.126312 ], [ 8639873.774123, 1450243.917805 ], [ 8639874.371286999434233, 1450243.917805 ], [ 8639874.371286999434233, 1450244.514968999894336 ], [ 8639874.968451000750065, 1450244.514968999894336 ], [ 8639874.968451000750065, 1450245.112133 ], [ 8639875.565616000443697, 1450245.112133 ], [ 8639875.565616000443697, 1450245.709297 ], [ 8639876.162779999896884, 1450245.709297 ], [ 8639876.162779999896884, 1450246.306461999891326 ], [ 8639877.357108000665903, 1450246.306461999891326 ], [ 8639877.357108000665903, 1450247.50079 ] ], [ [ 8639978.875036999583244, 1450245.112133 ], [ 8639979.472201000899076, 1450245.112133 ], [ 8639979.472201000899076, 1450244.514968999894336 ], [ 8639981.263693999499083, 1450244.514968999894336 ], [ 8639981.263693999499083, 1450243.917805 ], [ 8639986.041007999330759, 1450243.917805 ], [ 8639986.041007999330759, 1450243.32064 ], [ 8639986.638172000646591, 1450243.32064 ], [ 8639986.638172000646591, 1450242.723475999897346 ], [ 8639988.429664999246597, 1450242.723475999897346 ], [ 8639988.429664999246597, 1450242.126312 ], [ 8639989.026829000562429, 1450242.126312 ], [ 8639989.026829000562429, 1450241.529147 ], [ 8639990.818321999162436, 1450241.529147 ], [ 8639990.818321999162436, 1450240.931983 ], [ 8639991.415487000718713, 1450240.931983 ], [ 8639991.415487000718713, 1450240.334819 ], [ 8639992.609814999625087, 1450240.334819 ], [ 8639992.609814999625087, 1450237.946162 ], [ 8639993.206978999078274, 1450237.946162 ], [ 8639993.206978999078274, 1450236.751833 ], [ 8639993.804144000634551, 1450236.751833 ], [ 8639993.804144000634551, 1450235.557505 ], [ 8639992.609814999625087, 1450235.557505 ], [ 8639992.609814999625087, 1450234.363176 ], [ 8639991.415487000718713, 1450234.363176 ], [ 8639991.415487000718713, 1450233.766012 ], [ 8639986.638172000646591, 1450233.766012 ], [ 8639986.638172000646591, 1450234.363176 ], [ 8639977.680708000436425, 1450234.363176 ], [ 8639977.680708000436425, 1450235.557505 ], [ 8639977.083543999120593, 1450235.557505 ], [ 8639977.083543999120593, 1450236.751833 ], [ 8639977.680708000436425, 1450236.751833 ], [ 8639977.680708000436425, 1450237.348998 ], [ 8639978.277871999889612, 1450237.348998 ], [ 8639978.277871999889612, 1450237.946162 ], [ 8639978.875036999583244, 1450237.946162 ], [ 8639978.875036999583244, 1450239.14049 ], [ 8639978.277871999889612, 1450239.14049 ], [ 8639978.277871999889612, 1450243.917805 ], [ 8639978.875036999583244, 1450243.917805 ], [ 8639978.875036999583244, 1450245.112133 ] ], [ [ 8639925.72741499915719, 1450237.348998 ], [ 8639926.921744000166655, 1450237.348998 ], [ 8639926.921744000166655, 1450236.751833 ], [ 8639925.72741499915719, 1450236.751833 ], [ 8639925.72741499915719, 1450237.348998 ] ], [ [ 8640095.919236000627279, 1450225.405712 ], [ 8640096.5164, 1450225.405712 ], [ 8640096.5164, 1450222.41989 ], [ 8640095.919236000627279, 1450222.41989 ], [ 8640095.919236000627279, 1450225.405712 ] ], [ [ 8640009.3304149992764, 1450220.628398 ], [ 8640010.524744000285864, 1450220.628398 ], [ 8640010.524744000285864, 1450220.031233000103384 ], [ 8640009.3304149992764, 1450220.031233000103384 ], [ 8640009.3304149992764, 1450220.628398 ] ], [ [ 8640085.170279, 1450219.434069 ], [ 8640086.364607999101281, 1450219.434069 ], [ 8640086.364607999101281, 1450218.836905 ], [ 8640085.170279, 1450218.836905 ], [ 8640085.170279, 1450219.434069 ] ], [ [ 8640085.170279, 1450218.239740000106394 ], [ 8640086.961772000417113, 1450218.239740000106394 ], [ 8640086.961772000417113, 1450217.642576 ], [ 8640087.5589359998703, 1450217.642576 ], [ 8640087.5589359998703, 1450217.045412 ], [ 8640088.156100999563932, 1450217.045412 ], [ 8640088.156100999563932, 1450215.851083 ], [ 8640087.5589359998703, 1450215.851083 ], [ 8640087.5589359998703, 1450215.253919 ], [ 8640086.961772000417113, 1450215.253919 ], [ 8640086.961772000417113, 1450215.851083 ], [ 8640085.767442999407649, 1450215.851083 ], [ 8640085.767442999407649, 1450216.448247999884188 ], [ 8640084.573115000501275, 1450216.448247999884188 ], [ 8640084.573115000501275, 1450217.642576 ], [ 8640085.170279, 1450217.642576 ], [ 8640085.170279, 1450218.239740000106394 ] ], [ [ 8639932.296222999691963, 1450217.045412 ], [ 8639933.490551000460982, 1450217.045412 ], [ 8639933.490551000460982, 1450216.448247999884188 ], [ 8639934.087715, 1450216.448247999884188 ], [ 8639934.087715, 1450215.253919 ], [ 8639931.101894000545144, 1450215.253919 ], [ 8639931.101894000545144, 1450215.851083 ], [ 8639930.504729999229312, 1450215.851083 ], [ 8639930.504729999229312, 1450216.448247999884188 ], [ 8639932.296222999691963, 1450216.448247999884188 ], [ 8639932.296222999691963, 1450217.045412 ] ], [ [ 8639901.840843999758363, 1450216.448247999884188 ], [ 8639902.43800799921155, 1450216.448247999884188 ], [ 8639902.43800799921155, 1450215.851083 ], [ 8639901.840843999758363, 1450215.851083 ], [ 8639901.840843999758363, 1450216.448247999884188 ] ], [ [ 8639905.423830000683665, 1450214.656754999887198 ], [ 8639906.020994000136852, 1450214.656754999887198 ], [ 8639906.020994000136852, 1450214.05959 ], [ 8639905.423830000683665, 1450214.05959 ], [ 8639905.423830000683665, 1450214.656754999887198 ] ], [ [ 8639907.215322999283671, 1450214.656754999887198 ], [ 8639909.006814999505877, 1450214.656754999887198 ], [ 8639909.006814999505877, 1450214.05959 ], [ 8639907.215322999283671, 1450214.05959 ], [ 8639907.215322999283671, 1450214.656754999887198 ] ], [ [ 8640095.322071999311447, 1450212.268098 ], [ 8640095.919236000627279, 1450212.268098 ], [ 8640095.919236000627279, 1450208.685112 ], [ 8640095.322071999311447, 1450208.685112 ], [ 8640095.322071999311447, 1450211.073768999893218 ], [ 8640094.72490799985826, 1450211.073768999893218 ], [ 8640094.72490799985826, 1450211.670933 ], [ 8640095.322071999311447, 1450211.670933 ], [ 8640095.322071999311447, 1450212.268098 ] ], [ [ 8640092.933414999395609, 1450209.87944 ], [ 8640093.530579000711441, 1450209.87944 ], [ 8640093.530579000711441, 1450209.282275999896228 ], [ 8640092.933414999395609, 1450209.282275999896228 ], [ 8640092.933414999395609, 1450209.87944 ] ], [ [ 8640045.757435999810696, 1450209.282275999896228 ], [ 8640046.95176500082016, 1450209.282275999896228 ], [ 8640046.95176500082016, 1450208.685112 ], [ 8640045.757435999810696, 1450208.685112 ], [ 8640045.757435999810696, 1450209.282275999896228 ] ], [ [ 8640064.269529, 1450209.282275999896228 ], [ 8640064.866692999377847, 1450209.282275999896228 ], [ 8640064.866692999377847, 1450208.685112 ], [ 8640064.269529, 1450208.685112 ], [ 8640064.269529, 1450209.282275999896228 ] ], [ [ 8640094.127743000164628, 1450207.490782999899238 ], [ 8640095.919236000627279, 1450207.490782999899238 ], [ 8640095.919236000627279, 1450206.893619 ], [ 8640096.5164, 1450206.893619 ], [ 8640096.5164, 1450205.69929 ], [ 8640094.72490799985826, 1450205.69929 ], [ 8640094.72490799985826, 1450206.893619 ], [ 8640094.127743000164628, 1450206.893619 ], [ 8640094.127743000164628, 1450207.490782999899238 ] ], [ [ 8640097.113564999774098, 1450205.102126 ], [ 8640098.307893000543118, 1450205.102126 ], [ 8640098.307893000543118, 1450204.504962 ], [ 8640098.90505800023675, 1450204.504962 ], [ 8640098.90505800023675, 1450203.310633 ], [ 8640098.307893000543118, 1450203.310633 ], [ 8640098.307893000543118, 1450203.907798 ], [ 8640097.710728999227285, 1450203.907798 ], [ 8640097.710728999227285, 1450204.504962 ], [ 8640097.113564999774098, 1450204.504962 ], [ 8640097.113564999774098, 1450205.102126 ] ], [ [ 8640128.166107000783086, 1450200.921976 ], [ 8640128.763272000476718, 1450200.921976 ], [ 8640128.763272000476718, 1450200.324812 ], [ 8640128.166107000783086, 1450200.324812 ], [ 8640128.166107000783086, 1450200.921976 ] ], [ [ 8640120.402971999719739, 1450199.727648 ], [ 8640121.000135999172926, 1450199.727648 ], [ 8640121.000135999172926, 1450199.130483 ], [ 8640120.402971999719739, 1450199.130483 ], [ 8640120.402971999719739, 1450199.727648 ] ] ] } },
{ "type": "Feature", "properties": { "feature_id": 17, "area_m2": 1.0698151248705914, "perimeter_m": 4.7773139979690313, "quality_flag": "tiny_review", "review_required": true, "review_status": "pending" }, "geometry": { "type": "Polygon", "coordinates": [ [ [ 8640082.781622, 1450144.191368999890983 ], [ 8640082.781622, 1450142.997041 ], [ 8640083.378785999491811, 1450142.997041 ], [ 8640083.378785999491811, 1450143.594205 ], [ 8640083.975950999185443, 1450143.594205 ], [ 8640083.975950999185443, 1450144.191368999890983 ], [ 8640082.781622, 1450144.191368999890983 ] ] ] } },
{ "type": "Feature", "properties": { "feature_id": 18, "area_m2": 13.907602009377772, "perimeter_m": 26.275225999765098, "quality_flag": "normal_review", "review_required": true, "review_status": "pending" }, "geometry": { "type": "Polygon", "coordinates": [ [ [ 8640083.378785999491811, 1450131.650919 ], [ 8640083.378785999491811, 1450131.053755 ], [ 8640082.781622, 1450131.053755 ], [ 8640082.781622, 1450129.859426 ], [ 8640082.184458000585437, 1450129.859426 ], [ 8640082.184458000585437, 1450128.665098 ], [ 8640081.587293000891805, 1450128.665098 ], [ 8640081.587293000891805, 1450128.067934 ], [ 8640079.795801000669599, 1450128.067934 ], [ 8640079.795801000669599, 1450128.665098 ], [ 8640079.198635999113321, 1450128.665098 ], [ 8640079.198635999113321, 1450128.067934 ], [ 8640078.004308000206947, 1450128.067934 ], [ 8640078.004308000206947, 1450126.873605 ], [ 8640078.601471999660134, 1450126.873605 ], [ 8640078.601471999660134, 1450126.276441 ], [ 8640082.184458000585437, 1450126.276441 ], [ 8640082.184458000585437, 1450126.873605 ], [ 8640082.781622, 1450126.873605 ], [ 8640082.781622, 1450128.067934 ], [ 8640083.378785999491811, 1450128.067934 ], [ 8640083.378785999491811, 1450129.262262 ], [ 8640083.975950999185443, 1450129.262262 ], [ 8640083.975950999185443, 1450130.456591 ], [ 8640085.170279, 1450130.456591 ], [ 8640085.170279, 1450131.053755 ], [ 8640084.573115000501275, 1450131.053755 ], [ 8640084.573115000501275, 1450131.650919 ], [ 8640083.378785999491811, 1450131.650919 ] ] ] } },
{ "type": "Feature", "properties": { "feature_id": 19, "area_m2": 6.0622847168146698, "perimeter_m": 13.137612000573426, "quality_flag": "normal_review", "review_required": true, "review_status": "pending" }, "geometry": { "type": "Polygon", "coordinates": [ [ [ 8640131.151929000392556, 1450129.262262 ], [ 8640131.151929000392556, 1450128.067934 ], [ 8640130.554764999076724, 1450128.067934 ], [ 8640130.554764999076724, 1450125.679277 ], [ 8640131.151929000392556, 1450125.679277 ], [ 8640131.151929000392556, 1450124.484948 ], [ 8640131.749092999845743, 1450124.484948 ], [ 8640131.749092999845743, 1450125.679277 ], [ 8640132.34625699929893, 1450125.679277 ], [ 8640132.34625699929893, 1450128.665098 ], [ 8640131.749092999845743, 1450128.665098 ], [ 8640131.749092999845743, 1450129.262262 ], [ 8640131.151929000392556, 1450129.262262 ] ] ] } },
{ "type": "Feature", "properties": { "feature_id": 20, "area_m2": 0.35660544094089319, "perimeter_m": 2.3886580029502511, "quality_flag": "tiny_review", "review_required": true, "review_status": "pending" }, "geometry": { "type": "Polygon", "coordinates": [ [ [ 8639886.314572999253869, 1450068.94867 ], [ 8639886.314572999253869, 1450068.351505 ], [ 8639886.911737000569701, 1450068.351505 ], [ 8639886.911737000569701, 1450068.94867 ], [ 8639886.314572999253869, 1450068.94867 ] ] ] } },
{ "type": "Feature", "properties": { "feature_id": 21, "area_m2": 0.71321028346189386, "perimeter_m": 3.5829860018566251, "quality_flag": "tiny_review", "review_required": true, "review_status": "pending" }, "geometry": { "type": "Polygon", "coordinates": [ [ [ 8639885.717407999560237, 1450067.754341 ], [ 8639885.717407999560237, 1450067.157177 ], [ 8639886.911737000569701, 1450067.157177 ], [ 8639886.911737000569701, 1450067.754341 ], [ 8639885.717407999560237, 1450067.754341 ] ] ] } },
{ "type": "Feature", "properties": { "feature_id": 22, "area_m2": 1.4264205646991774, "perimeter_m": 4.7773139979690313, "quality_flag": "tiny_review", "review_required": true, "review_status": "pending" }, "geometry": { "type": "Polygon", "coordinates": [ [ [ 8639882.134423000738025, 1450067.754341 ], [ 8639882.134423000738025, 1450066.560012 ], [ 8639883.328750999644399, 1450066.560012 ], [ 8639883.328750999644399, 1450067.754341 ], [ 8639882.134423000738025, 1450067.754341 ] ] ] } },
{ "type": "Feature", "properties": { "feature_id": 23, "area_m2": 28.885016164039101, "perimeter_m": 35.829858000390232, "quality_flag": "normal_review", "review_required": true, "review_status": "pending" }, "geometry": { "type": "Polygon", "coordinates": [ [ [ 8640135.332079000771046, 1450065.365684 ], [ 8640135.332079000771046, 1450062.977027 ], [ 8640134.734914999455214, 1450062.977027 ], [ 8640134.734914999455214, 1450061.782698 ], [ 8640132.943422000855207, 1450061.782698 ], [ 8640132.943422000855207, 1450062.379862 ], [ 8640131.749092999845743, 1450062.379862 ], [ 8640131.749092999845743, 1450062.977027 ], [ 8640131.151929000392556, 1450062.977027 ], [ 8640131.151929000392556, 1450061.782698 ], [ 8640130.554764999076724, 1450061.782698 ], [ 8640130.554764999076724, 1450059.991205 ], [ 8640131.151929000392556, 1450059.991205 ], [ 8640131.151929000392556, 1450059.394041 ], [ 8640131.749092999845743, 1450059.394041 ], [ 8640131.749092999845743, 1450058.796877 ], [ 8640132.34625699929893, 1450058.796877 ], [ 8640132.34625699929893, 1450057.602548 ], [ 8640131.749092999845743, 1450057.602548 ], [ 8640131.749092999845743, 1450056.40822 ], [ 8640133.540586000308394, 1450056.40822 ], [ 8640133.540586000308394, 1450055.811055 ], [ 8640134.734914999455214, 1450055.811055 ], [ 8640134.734914999455214, 1450056.40822 ], [ 8640135.929243000224233, 1450056.40822 ], [ 8640135.929243000224233, 1450065.365684 ], [ 8640135.332079000771046, 1450065.365684 ] ], [ [ 8640134.137749999761581, 1450061.185534 ], [ 8640134.734914999455214, 1450061.185534 ], [ 8640134.734914999455214, 1450060.58837 ], [ 8640134.137749999761581, 1450060.58837 ], [ 8640134.137749999761581, 1450061.185534 ] ] ] } },
{ "type": "Feature", "properties": { "feature_id": 24, "area_m2": 4594.5011497787427, "perimeter_m": 588.8039760068059, "quality_flag": "large_review", "review_required": true, "review_status": "pending" }, "geometry": { "type": "Polygon", "coordinates": [ [ [ 8640097.113564999774098, 1450163.300626 ], [ 8640097.113564999774098, 1450162.703462 ], [ 8640095.919236000627279, 1450162.703462 ], [ 8640095.919236000627279, 1450162.106298 ], [ 8640094.72490799985826, 1450162.106298 ], [ 8640094.72490799985826, 1450160.911969 ], [ 8640094.127743000164628, 1450160.911969 ], [ 8640094.127743000164628, 1450159.717641 ], [ 8640093.530579000711441, 1450159.717641 ], [ 8640093.530579000711441, 1450159.120476 ], [ 8640094.127743000164628, 1450159.120476 ], [ 8640094.127743000164628, 1450157.328984 ], [ 8640092.336249999701977, 1450157.328984 ], [ 8640092.336249999701977, 1450156.731819 ], [ 8640093.530579000711441, 1450156.731819 ], [ 8640093.530579000711441, 1450156.134655 ], [ 8640092.933414999395609, 1450156.134655 ], [ 8640092.933414999395609, 1450155.537491 ], [ 8640092.336249999701977, 1450155.537491 ], [ 8640092.336249999701977, 1450153.148834000108764 ], [ 8640091.73908600024879, 1450153.148834000108764 ], [ 8640091.73908600024879, 1450151.954505 ], [ 8640092.336249999701977, 1450151.954505 ], [ 8640092.336249999701977, 1450151.357341000111774 ], [ 8640091.141922000795603, 1450151.357341000111774 ], [ 8640091.141922000795603, 1450149.565848000114784 ], [ 8640092.933414999395609, 1450149.565848000114784 ], [ 8640092.933414999395609, 1450148.371519 ], [ 8640093.530579000711441, 1450148.371519 ], [ 8640093.530579000711441, 1450147.177191 ], [ 8640092.336249999701977, 1450147.177191 ], [ 8640092.336249999701977, 1450146.580026 ], [ 8640091.73908600024879, 1450146.580026 ], [ 8640091.73908600024879, 1450145.982861999887973 ], [ 8640091.141922000795603, 1450145.982861999887973 ], [ 8640091.141922000795603, 1450145.385698 ], [ 8640090.544757999479771, 1450145.385698 ], [ 8640090.544757999479771, 1450144.191368999890983 ], [ 8640089.947592999786139, 1450144.191368999890983 ], [ 8640089.947592999786139, 1450141.802712 ], [ 8640089.350429000332952, 1450141.802712 ], [ 8640089.350429000332952, 1450140.608384 ], [ 8640088.753265000879765, 1450140.608384 ], [ 8640088.753265000879765, 1450135.233905 ], [ 8640089.350429000332952, 1450135.233905 ], [ 8640089.350429000332952, 1450131.053755 ], [ 8640088.753265000879765, 1450131.053755 ], [ 8640088.753265000879765, 1450126.276441 ], [ 8640089.350429000332952, 1450126.276441 ], [ 8640089.350429000332952, 1450120.901962 ], [ 8640091.141922000795603, 1450120.901962 ], [ 8640091.141922000795603, 1450120.304798 ], [ 8640092.336249999701977, 1450120.304798 ], [ 8640092.336249999701977, 1450116.124648000113666 ], [ 8640091.73908600024879, 1450116.124648000113666 ], [ 8640091.73908600024879, 1450114.930319 ], [ 8640091.141922000795603, 1450114.930319 ], [ 8640091.141922000795603, 1450111.944498 ], [ 8640090.544757999479771, 1450111.944498 ], [ 8640090.544757999479771, 1450111.347334 ], [ 8640089.947592999786139, 1450111.347334 ], [ 8640089.947592999786139, 1450110.153005 ], [ 8640086.364607999101281, 1450110.153005 ], [ 8640086.364607999101281, 1450108.958677 ], [ 8640085.170279, 1450108.958677 ], [ 8640085.170279, 1450108.361512 ], [ 8640083.975950999185443, 1450108.361512 ], [ 8640083.975950999185443, 1450107.764348 ], [ 8640082.781622, 1450107.764348 ], [ 8640082.781622, 1450106.570019 ], [ 8640082.184458000585437, 1450106.570019 ], [ 8640082.184458000585437, 1450104.778527 ], [ 8640083.378785999491811, 1450104.778527 ], [ 8640083.378785999491811, 1450102.389869 ], [ 8640082.781622, 1450102.389869 ], [ 8640082.781622, 1450101.792705 ], [ 8640082.184458000585437, 1450101.792705 ], [ 8640082.184458000585437, 1450101.195541 ], [ 8640081.587293000891805, 1450101.195541 ], [ 8640081.587293000891805, 1450098.209719 ], [ 8640080.990128999575973, 1450098.209719 ], [ 8640080.990128999575973, 1450097.612555 ], [ 8640081.587293000891805, 1450097.612555 ], [ 8640081.587293000891805, 1450097.015391 ], [ 8640082.184458000585437, 1450097.015391 ], [ 8640082.184458000585437, 1450096.418227 ], [ 8640082.781622, 1450096.418227 ], [ 8640082.781622, 1450095.821062 ], [ 8640083.975950999185443, 1450095.821062 ], [ 8640083.975950999185443, 1450095.223898 ], [ 8640085.170279, 1450095.223898 ], [ 8640085.170279, 1450094.626734 ], [ 8640086.364607999101281, 1450094.626734 ], [ 8640086.364607999101281, 1450094.029569 ], [ 8640086.961772000417113, 1450094.029569 ], [ 8640086.961772000417113, 1450092.835241 ], [ 8640087.5589359998703, 1450092.835241 ], [ 8640087.5589359998703, 1450092.238077 ], [ 8640086.961772000417113, 1450092.238077 ], [ 8640086.961772000417113, 1450091.640912 ], [ 8640087.5589359998703, 1450091.640912 ], [ 8640087.5589359998703, 1450090.446584 ], [ 8640089.947592999786139, 1450090.446584 ], [ 8640089.947592999786139, 1450089.849419 ], [ 8640090.544757999479771, 1450089.849419 ], [ 8640090.544757999479771, 1450090.446584 ], [ 8640091.141922000795603, 1450090.446584 ], [ 8640091.141922000795603, 1450089.849419 ], [ 8640092.933414999395609, 1450089.849419 ], [ 8640092.933414999395609, 1450089.252255 ], [ 8640093.530579000711441, 1450089.252255 ], [ 8640093.530579000711441, 1450088.655091 ], [ 8640094.127743000164628, 1450088.655091 ], [ 8640094.127743000164628, 1450088.057927000103518 ], [ 8640092.933414999395609, 1450088.057927000103518 ], [ 8640092.933414999395609, 1450087.460762 ], [ 8640092.336249999701977, 1450087.460762 ], [ 8640092.336249999701977, 1450086.863598 ], [ 8640091.73908600024879, 1450086.863598 ], [ 8640091.73908600024879, 1450086.266434000106528 ], [ 8640090.544757999479771, 1450086.266434000106528 ], [ 8640090.544757999479771, 1450085.66927 ], [ 8640086.364607999101281, 1450085.66927 ], [ 8640086.364607999101281, 1450085.072105 ], [ 8640085.170279, 1450085.072105 ], [ 8640085.170279, 1450084.474941000109538 ], [ 8640084.573115000501275, 1450084.474941000109538 ], [ 8640084.573115000501275, 1450083.877777 ], [ 8640083.975950999185443, 1450083.877777 ], [ 8640083.975950999185443, 1450082.683448000112548 ], [ 8640082.781622, 1450082.683448000112548 ], [ 8640082.781622, 1450080.891955000115559 ], [ 8640082.184458000585437, 1450080.891955000115559 ], [ 8640082.184458000585437, 1450078.503298 ], [ 8640081.587293000891805, 1450078.503298 ], [ 8640081.587293000891805, 1450074.920312 ], [ 8640082.781622, 1450074.920312 ], [ 8640082.781622, 1450072.531655 ], [ 8640084.573115000501275, 1450072.531655 ], [ 8640084.573115000501275, 1450071.934491 ], [ 8640085.170279, 1450071.934491 ], [ 8640085.170279, 1450071.337327 ], [ 8640086.961772000417113, 1450071.337327 ], [ 8640086.961772000417113, 1450070.740162 ], [ 8640089.350429000332952, 1450070.740162 ], [ 8640089.350429000332952, 1450070.142998 ], [ 8640091.141922000795603, 1450070.142998 ], [ 8640091.141922000795603, 1450069.545834 ], [ 8640092.933414999395609, 1450069.545834 ], [ 8640092.933414999395609, 1450068.94867 ], [ 8640094.127743000164628, 1450068.94867 ], [ 8640094.127743000164628, 1450068.351505 ], [ 8640094.72490799985826, 1450068.351505 ], [ 8640094.72490799985826, 1450067.754341 ], [ 8640092.336249999701977, 1450067.754341 ], [ 8640092.336249999701977, 1450067.157177 ], [ 8640091.73908600024879, 1450067.157177 ], [ 8640091.73908600024879, 1450067.754341 ], [ 8640091.141922000795603, 1450067.754341 ], [ 8640091.141922000795603, 1450067.157177 ], [ 8640088.753265000879765, 1450067.157177 ], [ 8640088.753265000879765, 1450066.560012 ], [ 8640088.156100999563932, 1450066.560012 ], [ 8640088.156100999563932, 1450065.962848 ], [ 8640086.961772000417113, 1450065.962848 ], [ 8640086.961772000417113, 1450065.365684 ], [ 8640083.378785999491811, 1450065.365684 ], [ 8640083.378785999491811, 1450064.76852 ], [ 8640082.781622, 1450064.76852 ], [ 8640082.781622, 1450064.171355 ], [ 8640083.378785999491811, 1450064.171355 ], [ 8640083.378785999491811, 1450063.574191 ], [ 8640082.781622, 1450063.574191 ], [ 8640082.781622, 1450057.602548 ], [ 8640083.378785999491811, 1450057.602548 ], [ 8640083.378785999491811, 1450055.811055 ], [ 8640083.975950999185443, 1450055.811055 ], [ 8640083.975950999185443, 1450052.22807 ], [ 8640084.573115000501275, 1450052.22807 ], [ 8640084.573115000501275, 1450052.825234000105411 ], [ 8640085.170279, 1450052.825234000105411 ], [ 8640085.170279, 1450052.22807 ], [ 8640085.767442999407649, 1450052.22807 ], [ 8640085.767442999407649, 1450051.630905 ], [ 8640086.364607999101281, 1450051.630905 ], [ 8640086.364607999101281, 1450051.033741000108421 ], [ 8640087.5589359998703, 1450051.033741000108421 ], [ 8640087.5589359998703, 1450050.436577 ], [ 8640088.753265000879765, 1450050.436577 ], [ 8640088.753265000879765, 1450049.839413 ], [ 8640089.350429000332952, 1450049.839413 ], [ 8640089.350429000332952, 1450049.242248000111431 ], [ 8640092.933414999395609, 1450049.242248000111431 ], [ 8640092.933414999395609, 1450049.839413 ], [ 8640094.72490799985826, 1450049.839413 ], [ 8640094.72490799985826, 1450050.436577 ], [ 8640097.113564999774098, 1450050.436577 ], [ 8640097.113564999774098, 1450049.839413 ], [ 8640097.710728999227285, 1450049.839413 ], [ 8640097.710728999227285, 1450049.242248000111431 ], [ 8640098.90505800023675, 1450049.242248000111431 ], [ 8640098.90505800023675, 1450049.839413 ], [ 8640099.502221999689937, 1450049.839413 ], [ 8640099.502221999689937, 1450050.436577 ], [ 8640100.696550000458956, 1450050.436577 ], [ 8640100.696550000458956, 1450051.033741000108421 ], [ 8640101.890878999605775, 1450051.033741000108421 ], [ 8640101.890878999605775, 1450051.630905 ], [ 8640104.279535999521613, 1450051.630905 ], [ 8640104.279535999521613, 1450052.22807 ], [ 8640104.876700000837445, 1450052.22807 ], [ 8640104.876700000837445, 1450051.630905 ], [ 8640105.473865000531077, 1450051.630905 ], [ 8640105.473865000531077, 1450051.033741000108421 ], [ 8640106.071029, 1450051.033741000108421 ], [ 8640106.071029, 1450050.436577 ], [ 8640107.265357999131083, 1450050.436577 ], [ 8640107.265357999131083, 1450051.033741000108421 ], [ 8640107.862522000446916, 1450051.033741000108421 ], [ 8640107.862522000446916, 1450051.630905 ], [ 8640109.654015000909567, 1450051.630905 ], [ 8640109.654015000909567, 1450052.22807 ], [ 8640110.251179000362754, 1450052.22807 ], [ 8640110.251179000362754, 1450051.033741000108421 ], [ 8640110.848342999815941, 1450051.033741000108421 ], [ 8640110.848342999815941, 1450050.436577 ], [ 8640114.431329000741243, 1450050.436577 ], [ 8640114.431329000741243, 1450051.630905 ], [ 8640115.02849300019443, 1450051.630905 ], [ 8640115.02849300019443, 1450052.22807 ], [ 8640115.625657999888062, 1450052.22807 ], [ 8640115.625657999888062, 1450051.033741000108421 ], [ 8640116.222821999341249, 1450051.033741000108421 ], [ 8640116.222821999341249, 1450050.436577 ], [ 8640116.819986000657082, 1450050.436577 ], [ 8640116.819986000657082, 1450049.242248000111431 ], [ 8640117.417150000110269, 1450049.242248000111431 ], [ 8640117.417150000110269, 1450048.645084 ], [ 8640118.611478999257088, 1450048.645084 ], [ 8640118.611478999257088, 1450048.04792 ], [ 8640119.20864300057292, 1450048.04792 ], [ 8640119.20864300057292, 1450047.450755000114441 ], [ 8640120.402971999719739, 1450047.450755000114441 ], [ 8640120.402971999719739, 1450048.04792 ], [ 8640121.000135999172926, 1450048.04792 ], [ 8640121.000135999172926, 1450046.853591 ], [ 8640122.19446500018239, 1450046.853591 ], [ 8640122.19446500018239, 1450047.450755000114441 ], [ 8640123.985958000645041, 1450047.450755000114441 ], [ 8640123.985958000645041, 1450048.04792 ], [ 8640124.583122, 1450048.04792 ], [ 8640124.583122, 1450048.645084 ], [ 8640125.180285999551415, 1450048.645084 ], [ 8640125.180285999551415, 1450049.242248000111431 ], [ 8640125.777450000867248, 1450049.242248000111431 ], [ 8640125.777450000867248, 1450050.436577 ], [ 8640126.37461500056088, 1450050.436577 ], [ 8640126.37461500056088, 1450051.630905 ], [ 8640126.971779, 1450051.630905 ], [ 8640126.971779, 1450054.019562 ], [ 8640126.37461500056088, 1450054.019562 ], [ 8640126.37461500056088, 1450055.213891 ], [ 8640126.971779, 1450055.213891 ], [ 8640126.971779, 1450057.602548 ], [ 8640126.37461500056088, 1450057.602548 ], [ 8640126.37461500056088, 1450058.199712 ], [ 8640126.971779, 1450058.199712 ], [ 8640126.971779, 1450058.796877 ], [ 8640127.568942999467254, 1450058.796877 ], [ 8640127.568942999467254, 1450059.991205 ], [ 8640128.166107000783086, 1450059.991205 ], [ 8640128.166107000783086, 1450059.394041 ], [ 8640129.360436, 1450059.394041 ], [ 8640129.360436, 1450061.185534 ], [ 8640127.568942999467254, 1450061.185534 ], [ 8640127.568942999467254, 1450062.977027 ], [ 8640128.166107000783086, 1450062.977027 ], [ 8640128.166107000783086, 1450065.365684 ], [ 8640127.568942999467254, 1450065.365684 ], [ 8640127.568942999467254, 1450066.560012 ], [ 8640126.971779, 1450066.560012 ], [ 8640126.971779, 1450071.934491 ], [ 8640127.568942999467254, 1450071.934491 ], [ 8640127.568942999467254, 1450073.12882 ], [ 8640126.971779, 1450073.12882 ], [ 8640126.971779, 1450074.920312 ], [ 8640127.568942999467254, 1450074.920312 ], [ 8640127.568942999467254, 1450085.072105 ], [ 8640128.166107000783086, 1450085.072105 ], [ 8640128.166107000783086, 1450090.446584 ], [ 8640127.568942999467254, 1450090.446584 ], [ 8640127.568942999467254, 1450092.238077 ], [ 8640128.166107000783086, 1450092.238077 ], [ 8640128.166107000783086, 1450093.432405 ], [ 8640127.568942999467254, 1450093.432405 ], [ 8640127.568942999467254, 1450095.821062 ], [ 8640128.166107000783086, 1450095.821062 ], [ 8640128.166107000783086, 1450097.015391 ], [ 8640126.971779, 1450097.015391 ], [ 8640126.971779, 1450097.612555 ], [ 8640126.37461500056088, 1450097.612555 ], [ 8640126.37461500056088, 1450098.209719 ], [ 8640131.749092999845743, 1450098.209719 ], [ 8640131.749092999845743, 1450097.612555 ], [ 8640132.34625699929893, 1450097.612555 ], [ 8640132.34625699929893, 1450098.209719 ], [ 8640133.540586000308394, 1450098.209719 ], [ 8640133.540586000308394, 1450097.015391 ], [ 8640134.137749999761581, 1450097.015391 ], [ 8640134.137749999761581, 1450097.612555 ], [ 8640134.734914999455214, 1450097.612555 ], [ 8640134.734914999455214, 1450098.209719 ], [ 8640135.332079000771046, 1450098.209719 ], [ 8640135.332079000771046, 1450089.252255 ], [ 8640134.137749999761581, 1450089.252255 ], [ 8640134.137749999761581, 1450093.432405 ], [ 8640133.540586000308394, 1450093.432405 ], [ 8640133.540586000308394, 1450092.238077 ], [ 8640132.943422000855207, 1450092.238077 ], [ 8640132.943422000855207, 1450091.043748 ], [ 8640132.34625699929893, 1450091.043748 ], [ 8640132.34625699929893, 1450090.446584 ], [ 8640132.943422000855207, 1450090.446584 ], [ 8640132.943422000855207, 1450089.849419 ], [ 8640133.540586000308394, 1450089.849419 ], [ 8640133.540586000308394, 1450088.057927000103518 ], [ 8640135.332079000771046, 1450088.057927000103518 ], [ 8640135.332079000771046, 1450086.863598 ], [ 8640135.929243000224233, 1450086.863598 ], [ 8640135.929243000224233, 1450105.972855 ], [ 8640135.332079000771046, 1450105.972855 ], [ 8640135.332079000771046, 1450100.598377 ], [ 8640132.943422000855207, 1450100.598377 ], [ 8640132.943422000855207, 1450102.987034 ], [ 8640132.34625699929893, 1450102.987034 ], [ 8640132.34625699929893, 1450103.584198 ], [ 8640132.943422000855207, 1450103.584198 ], [ 8640132.943422000855207, 1450106.570019 ], [ 8640132.34625699929893, 1450106.570019 ], [ 8640132.34625699929893, 1450107.764348 ], [ 8640130.554764999076724, 1450107.764348 ], [ 8640130.554764999076724, 1450108.361512 ], [ 8640127.568942999467254, 1450108.361512 ], [ 8640127.568942999467254, 1450107.764348 ], [ 8640125.777450000867248, 1450107.764348 ], [ 8640125.777450000867248, 1450107.167184 ], [ 8640125.180285999551415, 1450107.167184 ], [ 8640125.180285999551415, 1450106.570019 ], [ 8640124.583122, 1450106.570019 ], [ 8640124.583122, 1450107.167184 ], [ 8640123.985958000645041, 1450107.167184 ], [ 8640123.985958000645041, 1450113.735991 ], [ 8640124.583122, 1450113.735991 ], [ 8640124.583122, 1450114.333154999883845 ], [ 8640125.180285999551415, 1450114.333154999883845 ], [ 8640125.180285999551415, 1450117.318977 ], [ 8640125.777450000867248, 1450117.318977 ], [ 8640125.777450000867248, 1450120.901962 ], [ 8640126.37461500056088, 1450120.901962 ], [ 8640126.37461500056088, 1450122.096291 ], [ 8640126.971779, 1450122.096291 ], [ 8640126.971779, 1450123.290619 ], [ 8640127.568942999467254, 1450123.290619 ], [ 8640127.568942999467254, 1450123.887784 ], [ 8640128.166107000783086, 1450123.887784 ], [ 8640128.166107000783086, 1450125.679277 ], [ 8640128.763272000476718, 1450125.679277 ], [ 8640128.763272000476718, 1450126.873605 ], [ 8640129.360436, 1450126.873605 ], [ 8640129.360436, 1450128.665098 ], [ 8640128.763272000476718, 1450128.665098 ], [ 8640128.763272000476718, 1450131.650919 ], [ 8640128.166107000783086, 1450131.650919 ], [ 8640128.166107000783086, 1450132.845248 ], [ 8640127.568942999467254, 1450132.845248 ], [ 8640127.568942999467254, 1450134.039576 ], [ 8640126.971779, 1450134.039576 ], [ 8640126.971779, 1450137.622562 ], [ 8640126.37461500056088, 1450137.622562 ], [ 8640126.37461500056088, 1450138.219726 ], [ 8640125.777450000867248, 1450138.219726 ], [ 8640125.777450000867248, 1450138.816891 ], [ 8640125.180285999551415, 1450138.816891 ], [ 8640125.180285999551415, 1450139.414055 ], [ 8640123.388792999088764, 1450139.414055 ], [ 8640123.388792999088764, 1450140.011219 ], [ 8640122.791628999635577, 1450140.011219 ], [ 8640122.791628999635577, 1450140.608384 ], [ 8640122.19446500018239, 1450140.608384 ], [ 8640122.19446500018239, 1450141.205548 ], [ 8640122.791628999635577, 1450141.205548 ], [ 8640122.791628999635577, 1450142.399875999893993 ], [ 8640123.388792999088764, 1450142.399875999893993 ], [ 8640123.388792999088764, 1450142.997041 ], [ 8640123.985958000645041, 1450142.997041 ], [ 8640123.985958000645041, 1450143.594205 ], [ 8640125.180285999551415, 1450143.594205 ], [ 8640125.180285999551415, 1450144.191368999890983 ], [ 8640126.37461500056088, 1450144.191368999890983 ], [ 8640126.37461500056088, 1450144.788534 ], [ 8640129.957599999383092, 1450144.788534 ], [ 8640129.957599999383092, 1450144.191368999890983 ], [ 8640130.554764999076724, 1450144.191368999890983 ], [ 8640130.554764999076724, 1450142.997041 ], [ 8640131.151929000392556, 1450142.997041 ], [ 8640131.151929000392556, 1450142.399875999893993 ], [ 8640132.943422000855207, 1450142.399875999893993 ], [ 8640132.943422000855207, 1450142.997041 ], [ 8640133.540586000308394, 1450142.997041 ], [ 8640133.540586000308394, 1450142.399875999893993 ], [ 8640134.137749999761581, 1450142.399875999893993 ], [ 8640134.137749999761581, 1450144.191368999890983 ], [ 8640134.734914999455214, 1450144.191368999890983 ], [ 8640134.734914999455214, 1450144.788534 ], [ 8640135.332079000771046, 1450144.788534 ], [ 8640135.332079000771046, 1450144.191368999890983 ], [ 8640135.929243000224233, 1450144.191368999890983 ], [ 8640135.929243000224233, 1450153.148834000108764 ], [ 8640135.332079000771046, 1450153.148834000108764 ], [ 8640135.332079000771046, 1450150.163012 ], [ 8640134.734914999455214, 1450150.163012 ], [ 8640134.734914999455214, 1450150.760176 ], [ 8640134.137749999761581, 1450150.760176 ], [ 8640134.137749999761581, 1450152.551669 ], [ 8640133.540586000308394, 1450152.551669 ], [ 8640133.540586000308394, 1450153.745998 ], [ 8640132.943422000855207, 1450153.745998 ], [ 8640132.943422000855207, 1450154.343162 ], [ 8640132.34625699929893, 1450154.343162 ], [ 8640132.34625699929893, 1450154.940326 ], [ 8640131.151929000392556, 1450154.940326 ], [ 8640131.151929000392556, 1450154.343162 ], [ 8640130.554764999076724, 1450154.343162 ], [ 8640130.554764999076724, 1450154.940326 ], [ 8640129.360436, 1450154.940326 ], [ 8640129.360436, 1450156.134655 ], [ 8640130.554764999076724, 1450156.134655 ], [ 8640130.554764999076724, 1450155.537491 ], [ 8640131.749092999845743, 1450155.537491 ], [ 8640131.749092999845743, 1450156.134655 ], [ 8640132.34625699929893, 1450156.134655 ], [ 8640132.34625699929893, 1450156.731819 ], [ 8640132.943422000855207, 1450156.731819 ], [ 8640132.943422000855207, 1450159.120476 ], [ 8640132.34625699929893, 1450159.120476 ], [ 8640132.34625699929893, 1450159.717641 ], [ 8640131.151929000392556, 1450159.717641 ], [ 8640131.151929000392556, 1450160.314805 ], [ 8640130.554764999076724, 1450160.314805 ], [ 8640130.554764999076724, 1450161.509134 ], [ 8640131.749092999845743, 1450161.509134 ], [ 8640131.749092999845743, 1450163.300626 ], [ 8640124.583122, 1450163.300626 ], [ 8640124.583122, 1450162.703462 ], [ 8640123.388792999088764, 1450162.703462 ], [ 8640123.388792999088764, 1450162.106298 ], [ 8640122.791628999635577, 1450162.106298 ], [ 8640122.791628999635577, 1450161.509134 ], [ 8640121.597300000488758, 1450161.509134 ], [ 8640121.597300000488758, 1450160.911969 ], [ 8640120.402971999719739, 1450160.911969 ], [ 8640120.402971999719739, 1450160.314805 ], [ 8640118.611478999257088, 1450160.314805 ], [ 8640118.611478999257088, 1450160.911969 ], [ 8640118.014314999803901, 1450160.911969 ], [ 8640118.014314999803901, 1450160.314805 ], [ 8640116.819986000657082, 1450160.314805 ], [ 8640116.819986000657082, 1450160.911969 ], [ 8640116.222821999341249, 1450160.911969 ], [ 8640116.222821999341249, 1450160.314805 ], [ 8640112.639836000278592, 1450160.314805 ], [ 8640112.639836000278592, 1450160.911969 ], [ 8640106.668192999437451, 1450160.911969 ], [ 8640106.668192999437451, 1450161.509134 ], [ 8640106.071029, 1450161.509134 ], [ 8640106.071029, 1450162.106298 ], [ 8640103.682372, 1450162.106298 ], [ 8640103.682372, 1450162.703462 ], [ 8640101.890878999605775, 1450162.703462 ], [ 8640101.890878999605775, 1450163.300626 ], [ 8640097.113564999774098, 1450163.300626 ] ], [ [ 8640097.710728999227285, 1450088.057927000103518 ], [ 8640098.307893000543118, 1450088.057927000103518 ], [ 8640098.307893000543118, 1450086.863598 ], [ 8640097.113564999774098, 1450086.863598 ], [ 8640097.113564999774098, 1450087.460762 ], [ 8640097.710728999227285, 1450087.460762 ], [ 8640097.710728999227285, 1450088.057927000103518 ] ], [ [ 8640107.862522000446916, 1450052.825234000105411 ], [ 8640109.654015000909567, 1450052.825234000105411 ], [ 8640109.654015000909567, 1450052.22807 ], [ 8640107.862522000446916, 1450052.22807 ], [ 8640107.862522000446916, 1450052.825234000105411 ] ] ] } },
{ "type": "Feature", "properties": { "feature_id": 25, "area_m2": 0.35660543982858717, "perimeter_m": 2.3886579992249608, "quality_flag": "tiny_review", "review_required": true, "review_status": "pending" }, "geometry": { "type": "Polygon", "coordinates": [ [ [ 8639986.638172000646591, 1450025.355677 ], [ 8639986.638172000646591, 1450024.758513 ], [ 8639987.235337000340223, 1450024.758513 ], [ 8639987.235337000340223, 1450025.355677 ], [ 8639986.638172000646591, 1450025.355677 ] ] ] } },
{ "type": "Feature", "properties": { "feature_id": 26, "area_m2": 0.35660603699813398, "perimeter_m": 2.3886599992401898, "quality_flag": "tiny_review", "review_required": true, "review_status": "pending" }, "geometry": { "type": "Polygon", "coordinates": [ [ [ 8639847.498894000425935, 1450014.60672 ], [ 8639847.498894000425935, 1450014.009555000113323 ], [ 8639848.096059000119567, 1450014.009555000113323 ], [ 8639848.096059000119567, 1450014.60672 ], [ 8639847.498894000425935, 1450014.60672 ] ] ] } },
{ "type": "Feature", "properties": { "feature_id": 27, "area_m2": 32818.018186721594, "perimeter_m": 3173.3309780280106, "quality_flag": "large_review", "review_required": true, "review_status": "pending" }, "geometry": { "type": "Polygon", "coordinates": [ [ [ 8639830.18112999945879, 1450178.826898 ], [ 8639830.18112999945879, 1450132.845248 ], [ 8639830.778294000774622, 1450132.845248 ], [ 8639830.778294000774622, 1450135.831069 ], [ 8639831.375459000468254, 1450135.831069 ], [ 8639831.375459000468254, 1450134.636741 ], [ 8639831.972623, 1450134.636741 ], [ 8639831.972623, 1450135.233905 ], [ 8639834.958443999290466, 1450135.233905 ], [ 8639834.958443999290466, 1450134.636741 ], [ 8639836.152773000299931, 1450134.636741 ], [ 8639836.152773000299931, 1450134.039576 ], [ 8639837.347100999206305, 1450134.039576 ], [ 8639837.347100999206305, 1450133.442412 ], [ 8639842.721580000594258, 1450133.442412 ], [ 8639842.721580000594258, 1450132.845248 ], [ 8639845.110237000510097, 1450132.845248 ], [ 8639845.110237000510097, 1450133.442412 ], [ 8639846.304565999656916, 1450133.442412 ], [ 8639846.304565999656916, 1450134.039576 ], [ 8639849.290387000888586, 1450134.039576 ], [ 8639849.290387000888586, 1450133.442412 ], [ 8639850.484716, 1450133.442412 ], [ 8639850.484716, 1450134.039576 ], [ 8639851.679044000804424, 1450134.039576 ], [ 8639851.679044000804424, 1450134.636741 ], [ 8639852.873373, 1450134.636741 ], [ 8639852.873373, 1450135.233905 ], [ 8639855.859193999320269, 1450135.233905 ], [ 8639855.859193999320269, 1450136.428234 ], [ 8639856.456359000876546, 1450136.428234 ], [ 8639856.456359000876546, 1450137.622562 ], [ 8639855.859193999320269, 1450137.622562 ], [ 8639855.859193999320269, 1450138.219726 ], [ 8639856.456359000876546, 1450138.219726 ], [ 8639856.456359000876546, 1450138.816891 ], [ 8639857.053523000329733, 1450138.816891 ], [ 8639857.053523000329733, 1450140.011219 ], [ 8639857.65068699978292, 1450140.011219 ], [ 8639857.65068699978292, 1450139.414055 ], [ 8639859.442180000245571, 1450139.414055 ], [ 8639859.442180000245571, 1450140.011219 ], [ 8639861.830837000161409, 1450140.011219 ], [ 8639861.830837000161409, 1450139.414055 ], [ 8639862.428000999614596, 1450139.414055 ], [ 8639862.428000999614596, 1450140.011219 ], [ 8639863.622330000624061, 1450140.011219 ], [ 8639863.622330000624061, 1450139.414055 ], [ 8639864.219494, 1450139.414055 ], [ 8639864.219494, 1450138.816891 ], [ 8639864.816657999530435, 1450138.816891 ], [ 8639864.816657999530435, 1450139.414055 ], [ 8639865.413822999224067, 1450139.414055 ], [ 8639865.413822999224067, 1450138.816891 ], [ 8639866.010987000539899, 1450138.816891 ], [ 8639866.010987000539899, 1450138.219726 ], [ 8639867.205315999686718, 1450138.219726 ], [ 8639867.205315999686718, 1450137.622562 ], [ 8639868.996808, 1450137.622562 ], [ 8639868.996808, 1450137.025398 ], [ 8639869.593972999602556, 1450137.025398 ], [ 8639869.593972999602556, 1450136.428234 ], [ 8639870.191137000918388, 1450136.428234 ], [ 8639870.191137000918388, 1450135.831069 ], [ 8639873.774123, 1450135.831069 ], [ 8639873.774123, 1450135.233905 ], [ 8639876.162779999896884, 1450135.233905 ], [ 8639876.162779999896884, 1450134.636741 ], [ 8639881.537257999181747, 1450134.636741 ], [ 8639881.537257999181747, 1450135.233905 ], [ 8639883.328750999644399, 1450135.233905 ], [ 8639883.328750999644399, 1450135.831069 ], [ 8639886.911737000569701, 1450135.831069 ], [ 8639886.911737000569701, 1450135.233905 ], [ 8639894.674873, 1450135.233905 ], [ 8639894.674873, 1450134.636741 ], [ 8639900.049350999295712, 1450134.636741 ], [ 8639900.049350999295712, 1450134.039576 ], [ 8639900.646515000611544, 1450134.039576 ], [ 8639900.646515000611544, 1450134.636741 ], [ 8639901.243680000305176, 1450134.636741 ], [ 8639901.243680000305176, 1450134.039576 ], [ 8639903.632337000221014, 1450134.039576 ], [ 8639903.632337000221014, 1450134.636741 ], [ 8639904.826664999127388, 1450134.636741 ], [ 8639904.826664999127388, 1450135.233905 ], [ 8639905.423830000683665, 1450135.233905 ], [ 8639905.423830000683665, 1450135.831069 ], [ 8639906.618157999590039, 1450135.831069 ], [ 8639906.618157999590039, 1450136.428234 ], [ 8639909.60397999919951, 1450136.428234 ], [ 8639909.60397999919951, 1450137.025398 ], [ 8639910.201144000515342, 1450137.025398 ], [ 8639910.201144000515342, 1450136.428234 ], [ 8639910.798308, 1450136.428234 ], [ 8639910.798308, 1450137.025398 ], [ 8639912.58980100043118, 1450137.025398 ], [ 8639912.58980100043118, 1450136.428234 ], [ 8639914.978458000347018, 1450136.428234 ], [ 8639914.978458000347018, 1450135.831069 ], [ 8639919.75577300041914, 1450135.831069 ], [ 8639919.75577300041914, 1450136.428234 ], [ 8639920.352936999872327, 1450136.428234 ], [ 8639920.352936999872327, 1450135.831069 ], [ 8639922.144430000334978, 1450135.831069 ], [ 8639922.144430000334978, 1450135.233905 ], [ 8639923.338757999241352, 1450135.233905 ], [ 8639923.338757999241352, 1450134.636741 ], [ 8639925.72741499915719, 1450134.636741 ], [ 8639925.72741499915719, 1450134.039576 ], [ 8639926.324580000713468, 1450134.039576 ], [ 8639926.324580000713468, 1450133.442412 ], [ 8639926.921744000166655, 1450133.442412 ], [ 8639926.921744000166655, 1450134.039576 ], [ 8639928.116072999313474, 1450134.039576 ], [ 8639928.116072999313474, 1450134.636741 ], [ 8639937.07353699952364, 1450134.636741 ], [ 8639937.07353699952364, 1450134.039576 ], [ 8639938.86503, 1450134.039576 ], [ 8639938.86503, 1450134.636741 ], [ 8639941.850850999355316, 1450134.636741 ], [ 8639941.850850999355316, 1450134.039576 ], [ 8639943.04518000036478, 1450134.039576 ], [ 8639943.04518000036478, 1450133.442412 ], [ 8639944.239507999271154, 1450133.442412 ], [ 8639944.239507999271154, 1450132.845248 ], [ 8639944.836672000586987, 1450132.845248 ], [ 8639944.836672000586987, 1450131.650919 ], [ 8639945.433837000280619, 1450131.650919 ], [ 8639945.433837000280619, 1450129.859426 ], [ 8639944.239507999271154, 1450129.859426 ], [ 8639944.239507999271154, 1450128.665098 ], [ 8639943.642343999817967, 1450128.665098 ], [ 8639943.642343999817967, 1450128.067934 ], [ 8639943.04518000036478, 1450128.067934 ], [ 8639943.04518000036478, 1450127.470769 ], [ 8639942.448015000671148, 1450127.470769 ], [ 8639942.448015000671148, 1450126.873605 ], [ 8639940.656522000208497, 1450126.873605 ], [ 8639940.656522000208497, 1450126.276441 ], [ 8639939.462193999439478, 1450126.276441 ], [ 8639939.462193999439478, 1450125.679277 ], [ 8639934.087715, 1450125.679277 ], [ 8639934.087715, 1450125.082112 ], [ 8639932.89338699914515, 1450125.082112 ], [ 8639932.89338699914515, 1450124.484948 ], [ 8639932.296222999691963, 1450124.484948 ], [ 8639932.296222999691963, 1450123.887784 ], [ 8639931.699058, 1450123.887784 ], [ 8639931.699058, 1450122.693455 ], [ 8639931.101894000545144, 1450122.693455 ], [ 8639931.101894000545144, 1450122.096291 ], [ 8639930.504729999229312, 1450122.096291 ], [ 8639930.504729999229312, 1450121.499127000104636 ], [ 8639929.310401, 1450121.499127000104636 ], [ 8639929.310401, 1450120.901962 ], [ 8639928.713237000629306, 1450120.901962 ], [ 8639928.713237000629306, 1450119.707634000107646 ], [ 8639928.116072999313474, 1450119.707634000107646 ], [ 8639928.116072999313474, 1450118.513305 ], [ 8639926.921744000166655, 1450118.513305 ], [ 8639926.921744000166655, 1450117.318977 ], [ 8639926.324580000713468, 1450117.318977 ], [ 8639926.324580000713468, 1450116.721812 ], [ 8639926.921744000166655, 1450116.721812 ], [ 8639926.921744000166655, 1450116.124648000113666 ], [ 8639926.324580000713468, 1450116.124648000113666 ], [ 8639926.324580000713468, 1450114.930319 ], [ 8639925.130250999704003, 1450114.930319 ], [ 8639925.130250999704003, 1450116.721812 ], [ 8639923.935923000797629, 1450116.721812 ], [ 8639923.935923000797629, 1450119.110469 ], [ 8639923.338757999241352, 1450119.110469 ], [ 8639923.338757999241352, 1450120.901962 ], [ 8639922.741593999788165, 1450120.901962 ], [ 8639922.741593999788165, 1450121.499127000104636 ], [ 8639921.547265000641346, 1450121.499127000104636 ], [ 8639921.547265000641346, 1450122.693455 ], [ 8639919.75577300041914, 1450122.693455 ], [ 8639919.75577300041914, 1450123.290619 ], [ 8639919.158608000725508, 1450123.290619 ], [ 8639919.158608000725508, 1450123.887784 ], [ 8639917.367115000262856, 1450123.887784 ], [ 8639917.367115000262856, 1450124.484948 ], [ 8639915.575623, 1450124.484948 ], [ 8639915.575623, 1450123.887784 ], [ 8639914.978458000347018, 1450123.887784 ], [ 8639914.978458000347018, 1450124.484948 ], [ 8639909.006814999505877, 1450124.484948 ], [ 8639909.006814999505877, 1450125.082112 ], [ 8639908.409651, 1450125.082112 ], [ 8639908.409651, 1450125.679277 ], [ 8639901.243680000305176, 1450125.679277 ], [ 8639901.243680000305176, 1450125.082112 ], [ 8639900.049350999295712, 1450125.082112 ], [ 8639900.049350999295712, 1450124.484948 ], [ 8639898.257858000695705, 1450124.484948 ], [ 8639898.257858000695705, 1450123.887784 ], [ 8639897.660693999379873, 1450123.887784 ], [ 8639897.660693999379873, 1450120.901962 ], [ 8639897.06353, 1450120.901962 ], [ 8639897.06353, 1450119.110469 ], [ 8639896.466366000473499, 1450119.110469 ], [ 8639896.466366000473499, 1450118.513305 ], [ 8639895.869201000779867, 1450118.513305 ], [ 8639895.869201000779867, 1450117.916141000110656 ], [ 8639895.272036999464035, 1450117.916141000110656 ], [ 8639895.272036999464035, 1450117.318977 ], [ 8639894.674873, 1450117.318977 ], [ 8639894.674873, 1450115.527484 ], [ 8639894.077708000317216, 1450115.527484 ], [ 8639894.077708000317216, 1450114.333154999883845 ], [ 8639893.480544000864029, 1450114.333154999883845 ], [ 8639893.480544000864029, 1450113.735991 ], [ 8639892.883379999548197, 1450113.735991 ], [ 8639892.883379999548197, 1450112.541661999886855 ], [ 8639892.286216, 1450112.541661999886855 ], [ 8639892.286216, 1450111.944498 ], [ 8639891.689051000401378, 1450111.944498 ], [ 8639891.689051000401378, 1450112.541661999886855 ], [ 8639890.494722999632359, 1450112.541661999886855 ], [ 8639890.494722999632359, 1450111.944498 ], [ 8639889.897558, 1450111.944498 ], [ 8639889.897558, 1450112.541661999886855 ], [ 8639889.300394000485539, 1450112.541661999886855 ], [ 8639889.300394000485539, 1450113.138827 ], [ 8639888.703229999169707, 1450113.138827 ], [ 8639888.703229999169707, 1450114.333154999883845 ], [ 8639888.10606599971652, 1450114.333154999883845 ], [ 8639888.10606599971652, 1450114.930319 ], [ 8639888.703229999169707, 1450114.930319 ], [ 8639888.703229999169707, 1450116.124648000113666 ], [ 8639888.10606599971652, 1450116.124648000113666 ], [ 8639888.10606599971652, 1450117.916141000110656 ], [ 8639887.508901, 1450117.916141000110656 ], [ 8639887.508901, 1450118.513305 ], [ 8639886.911737000569701, 1450118.513305 ], [ 8639886.911737000569701, 1450119.707634000107646 ], [ 8639886.314572999253869, 1450119.707634000107646 ], [ 8639886.314572999253869, 1450120.901962 ], [ 8639885.717407999560237, 1450120.901962 ], [ 8639885.717407999560237, 1450122.096291 ], [ 8639885.12024400010705, 1450122.096291 ], [ 8639885.12024400010705, 1450122.693455 ], [ 8639884.523080000653863, 1450122.693455 ], [ 8639884.523080000653863, 1450123.290619 ], [ 8639883.925915999338031, 1450123.290619 ], [ 8639883.925915999338031, 1450124.484948 ], [ 8639883.328750999644399, 1450124.484948 ], [ 8639883.328750999644399, 1450125.679277 ], [ 8639881.537257999181747, 1450125.679277 ], [ 8639881.537257999181747, 1450126.276441 ], [ 8639880.94009399972856, 1450126.276441 ], [ 8639880.94009399972856, 1450126.873605 ], [ 8639879.745766000822186, 1450126.873605 ], [ 8639879.745766000822186, 1450127.470769 ], [ 8639877.954273000359535, 1450127.470769 ], [ 8639877.954273000359535, 1450128.067934 ], [ 8639873.774123, 1450128.067934 ], [ 8639873.774123, 1450127.470769 ], [ 8639872.579794000834227, 1450127.470769 ], [ 8639872.579794000834227, 1450128.067934 ], [ 8639870.191137000918388, 1450128.067934 ], [ 8639870.191137000918388, 1450127.470769 ], [ 8639867.802479999139905, 1450127.470769 ], [ 8639867.802479999139905, 1450126.873605 ], [ 8639864.816657999530435, 1450126.873605 ], [ 8639864.816657999530435, 1450126.276441 ], [ 8639863.622330000624061, 1450126.276441 ], [ 8639863.622330000624061, 1450125.679277 ], [ 8639863.025165999308228, 1450125.679277 ], [ 8639863.025165999308228, 1450125.082112 ], [ 8639861.830837000161409, 1450125.082112 ], [ 8639861.830837000161409, 1450123.290619 ], [ 8639861.233673000708222, 1450123.290619 ], [ 8639861.233673000708222, 1450122.693455 ], [ 8639860.636507999151945, 1450122.693455 ], [ 8639860.636507999151945, 1450120.901962 ], [ 8639860.039343999698758, 1450120.901962 ], [ 8639860.039343999698758, 1450117.318977 ], [ 8639859.442180000245571, 1450117.318977 ], [ 8639859.442180000245571, 1450114.333154999883845 ], [ 8639860.039343999698758, 1450114.333154999883845 ], [ 8639860.039343999698758, 1450111.347334 ], [ 8639859.442180000245571, 1450111.347334 ], [ 8639859.442180000245571, 1450110.153005 ], [ 8639858.845016000792384, 1450110.153005 ], [ 8639858.845016000792384, 1450102.389869 ], [ 8639859.442180000245571, 1450102.389869 ], [ 8639859.442180000245571, 1450100.598377 ], [ 8639858.845016000792384, 1450100.598377 ], [ 8639858.845016000792384, 1450099.404048 ], [ 8639858.247850999236107, 1450099.404048 ], [ 8639858.247850999236107, 1450098.806884 ], [ 8639857.65068699978292, 1450098.806884 ], [ 8639857.65068699978292, 1450098.209719 ], [ 8639857.053523000329733, 1450098.209719 ], [ 8639857.053523000329733, 1450097.612555 ], [ 8639856.456359000876546, 1450097.612555 ], [ 8639856.456359000876546, 1450096.418227 ], [ 8639855.859193999320269, 1450096.418227 ], [ 8639855.859193999320269, 1450093.432405 ], [ 8639855.262029999867082, 1450093.432405 ], [ 8639855.262029999867082, 1450089.849419 ], [ 8639855.859193999320269, 1450089.849419 ], [ 8639855.859193999320269, 1450088.655091 ], [ 8639856.456359000876546, 1450088.655091 ], [ 8639856.456359000876546, 1450088.057927000103518 ], [ 8639857.053523000329733, 1450088.057927000103518 ], [ 8639857.053523000329733, 1450087.460762 ], [ 8639857.65068699978292, 1450087.460762 ], [ 8639857.65068699978292, 1450085.072105 ], [ 8639858.247850999236107, 1450085.072105 ], [ 8639858.247850999236107, 1450082.683448000112548 ], [ 8639857.65068699978292, 1450082.683448000112548 ], [ 8639857.65068699978292, 1450079.697627 ], [ 8639857.053523000329733, 1450079.697627 ], [ 8639857.053523000329733, 1450077.906134 ], [ 8639857.65068699978292, 1450077.906134 ], [ 8639857.65068699978292, 1450076.114641 ], [ 8639857.053523000329733, 1450076.114641 ], [ 8639857.053523000329733, 1450074.920312 ], [ 8639857.65068699978292, 1450074.920312 ], [ 8639857.65068699978292, 1450072.531655 ], [ 8639858.247850999236107, 1450072.531655 ], [ 8639858.247850999236107, 1450071.934491 ], [ 8639858.845016000792384, 1450071.934491 ], [ 8639858.845016000792384, 1450069.545834 ], [ 8639858.247850999236107, 1450069.545834 ], [ 8639858.247850999236107, 1450065.962848 ], [ 8639857.65068699978292, 1450065.962848 ], [ 8639857.65068699978292, 1450065.365684 ], [ 8639857.053523000329733, 1450065.365684 ], [ 8639857.053523000329733, 1450064.76852 ], [ 8639855.859193999320269, 1450064.76852 ], [ 8639855.859193999320269, 1450064.171355 ], [ 8639855.262029999867082, 1450064.171355 ], [ 8639855.262029999867082, 1450063.574191 ], [ 8639854.664866000413895, 1450063.574191 ], [ 8639854.664866000413895, 1450062.977027 ], [ 8639852.276209000498056, 1450062.977027 ], [ 8639852.276209000498056, 1450062.379862 ], [ 8639851.679044000804424, 1450062.379862 ], [ 8639851.679044000804424, 1450061.782698 ], [ 8639851.081879999488592, 1450061.782698 ], [ 8639851.081879999488592, 1450061.185534 ], [ 8639849.887551000341773, 1450061.185534 ], [ 8639849.887551000341773, 1450060.58837 ], [ 8639849.290387000888586, 1450060.58837 ], [ 8639849.290387000888586, 1450059.394041 ], [ 8639848.693222999572754, 1450059.394041 ], [ 8639848.693222999572754, 1450058.199712 ], [ 8639848.096059000119567, 1450058.199712 ], [ 8639848.096059000119567, 1450056.40822 ], [ 8639847.498894000425935, 1450056.40822 ], [ 8639847.498894000425935, 1450051.630905 ], [ 8639846.901729999110103, 1450051.630905 ], [ 8639846.901729999110103, 1450051.033741000108421 ], [ 8639845.707401, 1450051.033741000108421 ], [ 8639845.707401, 1450051.630905 ], [ 8639843.915908999741077, 1450051.630905 ], [ 8639843.915908999741077, 1450052.22807 ], [ 8639844.513072999194264, 1450052.22807 ], [ 8639844.513072999194264, 1450052.825234000105411 ], [ 8639843.915908999741077, 1450052.825234000105411 ], [ 8639843.915908999741077, 1450053.422398 ], [ 8639843.318744, 1450053.422398 ], [ 8639843.318744, 1450060.58837 ], [ 8639843.915908999741077, 1450060.58837 ], [ 8639843.915908999741077, 1450061.782698 ], [ 8639844.513072999194264, 1450061.782698 ], [ 8639844.513072999194264, 1450063.574191 ], [ 8639843.915908999741077, 1450063.574191 ], [ 8639843.915908999741077, 1450068.351505 ], [ 8639844.513072999194264, 1450068.351505 ], [ 8639844.513072999194264, 1450069.545834 ], [ 8639845.110237000510097, 1450069.545834 ], [ 8639845.110237000510097, 1450070.740162 ], [ 8639845.707401, 1450070.740162 ], [ 8639845.707401, 1450071.337327 ], [ 8639846.304565999656916, 1450071.337327 ], [ 8639846.304565999656916, 1450071.934491 ], [ 8639846.901729999110103, 1450071.934491 ], [ 8639846.901729999110103, 1450072.531655 ], [ 8639847.498894000425935, 1450072.531655 ], [ 8639847.498894000425935, 1450073.12882 ], [ 8639848.096059000119567, 1450073.12882 ], [ 8639848.096059000119567, 1450074.323148 ], [ 8639848.693222999572754, 1450074.323148 ], [ 8639848.693222999572754, 1450076.711805 ], [ 8639849.290387000888586, 1450076.711805 ], [ 8639849.290387000888586, 1450077.906134 ], [ 8639849.887551000341773, 1450077.906134 ], [ 8639849.887551000341773, 1450078.503298 ], [ 8639850.484716, 1450078.503298 ], [ 8639850.484716, 1450084.474941000109538 ], [ 8639849.887551000341773, 1450084.474941000109538 ], [ 8639849.887551000341773, 1450092.238077 ], [ 8639849.290387000888586, 1450092.238077 ], [ 8639849.290387000888586, 1450092.835241 ], [ 8639849.887551000341773, 1450092.835241 ], [ 8639849.887551000341773, 1450093.432405 ], [ 8639849.290387000888586, 1450093.432405 ], [ 8639849.290387000888586, 1450096.418227 ], [ 8639848.693222999572754, 1450096.418227 ], [ 8639848.693222999572754, 1450101.195541 ], [ 8639849.290387000888586, 1450101.195541 ], [ 8639849.290387000888586, 1450102.389869 ], [ 8639849.887551000341773, 1450102.389869 ], [ 8639849.887551000341773, 1450102.987034 ], [ 8639850.484716, 1450102.987034 ], [ 8639850.484716, 1450103.584198 ], [ 8639849.887551000341773, 1450103.584198 ], [ 8639849.887551000341773, 1450104.181362 ], [ 8639850.484716, 1450104.181362 ], [ 8639850.484716, 1450105.375691 ], [ 8639852.276209000498056, 1450105.375691 ], [ 8639852.276209000498056, 1450105.972855 ], [ 8639851.679044000804424, 1450105.972855 ], [ 8639851.679044000804424, 1450107.764348 ], [ 8639852.276209000498056, 1450107.764348 ], [ 8639852.276209000498056, 1450108.361512 ], [ 8639852.873373, 1450108.361512 ], [ 8639852.873373, 1450108.958677 ], [ 8639853.47053699940443, 1450108.958677 ], [ 8639853.47053699940443, 1450110.153005 ], [ 8639852.873373, 1450110.153005 ], [ 8639852.873373, 1450110.750168999889866 ], [ 8639853.47053699940443, 1450110.750168999889866 ], [ 8639853.47053699940443, 1450111.944498 ], [ 8639852.873373, 1450111.944498 ], [ 8639852.873373, 1450112.541661999886855 ], [ 8639853.47053699940443, 1450112.541661999886855 ], [ 8639853.47053699940443, 1450113.735991 ], [ 8639852.873373, 1450113.735991 ], [ 8639852.873373, 1450116.124648000113666 ], [ 8639852.276209000498056, 1450116.124648000113666 ], [ 8639852.276209000498056, 1450118.513305 ], [ 8639851.679044000804424, 1450118.513305 ], [ 8639851.679044000804424, 1450119.110469 ], [ 8639851.081879999488592, 1450119.110469 ], [ 8639851.081879999488592, 1450120.304798 ], [ 8639850.484716, 1450120.304798 ], [ 8639850.484716, 1450122.096291 ], [ 8639849.887551000341773, 1450122.096291 ], [ 8639849.887551000341773, 1450123.290619 ], [ 8639849.290387000888586, 1450123.290619 ], [ 8639849.290387000888586, 1450124.484948 ], [ 8639848.693222999572754, 1450124.484948 ], [ 8639848.693222999572754, 1450125.082112 ], [ 8639848.096059000119567, 1450125.082112 ], [ 8639848.096059000119567, 1450125.679277 ], [ 8639846.901729999110103, 1450125.679277 ], [ 8639846.901729999110103, 1450126.276441 ], [ 8639845.110237000510097, 1450126.276441 ], [ 8639845.110237000510097, 1450126.873605 ], [ 8639843.318744, 1450126.873605 ], [ 8639843.318744, 1450127.470769 ], [ 8639840.930087000131607, 1450127.470769 ], [ 8639840.930087000131607, 1450128.067934 ], [ 8639837.944266000762582, 1450128.067934 ], [ 8639837.944266000762582, 1450128.665098 ], [ 8639836.152773000299931, 1450128.665098 ], [ 8639836.152773000299931, 1450128.067934 ], [ 8639833.16695100069046, 1450128.067934 ], [ 8639833.16695100069046, 1450128.665098 ], [ 8639831.375459000468254, 1450128.665098 ], [ 8639831.375459000468254, 1450128.067934 ], [ 8639830.778294000774622, 1450128.067934 ], [ 8639830.778294000774622, 1450131.053755 ], [ 8639830.18112999945879, 1450131.053755 ], [ 8639830.18112999945879, 1450010.426569999894127 ], [ 8639848.096059000119567, 1450010.426569999894127 ], [ 8639848.096059000119567, 1450011.023734 ], [ 8639843.915908999741077, 1450011.023734 ], [ 8639843.915908999741077, 1450011.620898 ], [ 8639845.110237000510097, 1450011.620898 ], [ 8639845.110237000510097, 1450012.218062999891117 ], [ 8639844.513072999194264, 1450012.218062999891117 ], [ 8639844.513072999194264, 1450012.815227 ], [ 8639845.110237000510097, 1450012.815227 ], [ 8639845.110237000510097, 1450014.009555000113323 ], [ 8639845.707401, 1450014.009555000113323 ], [ 8639845.707401, 1450014.60672 ], [ 8639845.110237000510097, 1450014.60672 ], [ 8639845.110237000510097, 1450015.203884 ], [ 8639846.304565999656916, 1450015.203884 ], [ 8639846.304565999656916, 1450015.801048000110313 ], [ 8639845.707401, 1450015.801048000110313 ], [ 8639845.707401, 1450016.398213 ], [ 8639846.304565999656916, 1450016.398213 ], [ 8639846.304565999656916, 1450016.995377 ], [ 8639846.901729999110103, 1450016.995377 ], [ 8639846.901729999110103, 1450018.78687 ], [ 8639848.096059000119567, 1450018.78687 ], [ 8639848.096059000119567, 1450017.592541000107303 ], [ 8639849.290387000888586, 1450017.592541000107303 ], [ 8639849.290387000888586, 1450016.398213 ], [ 8639850.484716, 1450016.398213 ], [ 8639850.484716, 1450015.801048000110313 ], [ 8639851.081879999488592, 1450015.801048000110313 ], [ 8639851.081879999488592, 1450014.60672 ], [ 8639850.484716, 1450014.60672 ], [ 8639850.484716, 1450012.815227 ], [ 8639851.679044000804424, 1450012.815227 ], [ 8639851.679044000804424, 1450012.218062999891117 ], [ 8639850.484716, 1450012.218062999891117 ], [ 8639850.484716, 1450011.620898 ], [ 8639851.081879999488592, 1450011.620898 ], [ 8639851.081879999488592, 1450011.023734 ], [ 8639849.887551000341773, 1450011.023734 ], [ 8639849.887551000341773, 1450010.426569999894127 ], [ 8639950.211151000112295, 1450010.426569999894127 ], [ 8639950.211151000112295, 1450011.023734 ], [ 8639948.419657999649644, 1450011.023734 ], [ 8639948.419657999649644, 1450011.620898 ], [ 8639949.016821999102831, 1450011.620898 ], [ 8639949.016821999102831, 1450012.218062999891117 ], [ 8639947.822494000196457, 1450012.218062999891117 ], [ 8639947.822494000196457, 1450013.412391 ], [ 8639946.628164999186993, 1450013.412391 ], [ 8639946.628164999186993, 1450014.009555000113323 ], [ 8639945.433837000280619, 1450014.009555000113323 ], [ 8639945.433837000280619, 1450015.203884 ], [ 8639944.836672000586987, 1450015.203884 ], [ 8639944.836672000586987, 1450016.995377 ], [ 8639945.433837000280619, 1450016.995377 ], [ 8639945.433837000280619, 1450018.78687 ], [ 8639946.031000999733806, 1450018.78687 ], [ 8639946.031000999733806, 1450020.578363 ], [ 8639946.628164999186993, 1450020.578363 ], [ 8639946.628164999186993, 1450021.175527000101283 ], [ 8639948.419657999649644, 1450021.175527000101283 ], [ 8639948.419657999649644, 1450022.96702 ], [ 8639949.016821999102831, 1450022.96702 ], [ 8639949.016821999102831, 1450024.161348 ], [ 8639950.211151000112295, 1450024.161348 ], [ 8639950.211151000112295, 1450024.758513 ], [ 8639950.808314999565482, 1450024.758513 ], [ 8639950.808314999565482, 1450025.355677 ], [ 8639951.405479999259114, 1450025.355677 ], [ 8639951.405479999259114, 1450025.952841 ], [ 8639950.808314999565482, 1450025.952841 ], [ 8639950.808314999565482, 1450026.550005 ], [ 8639951.405479999259114, 1450026.550005 ], [ 8639951.405479999259114, 1450028.938663 ], [ 8639950.808314999565482, 1450028.938663 ], [ 8639950.808314999565482, 1450029.535827 ], [ 8639949.016821999102831, 1450029.535827 ], [ 8639949.016821999102831, 1450031.924484 ], [ 8639949.613987000659108, 1450031.924484 ], [ 8639949.613987000659108, 1450032.521648 ], [ 8639949.016821999102831, 1450032.521648 ], [ 8639949.016821999102831, 1450033.118813 ], [ 8639950.211151000112295, 1450033.118813 ], [ 8639950.211151000112295, 1450034.313141 ], [ 8639949.613987000659108, 1450034.313141 ], [ 8639949.613987000659108, 1450034.910305 ], [ 8639950.211151000112295, 1450034.910305 ], [ 8639950.211151000112295, 1450035.50747 ], [ 8639950.808314999565482, 1450035.50747 ], [ 8639950.808314999565482, 1450036.104634 ], [ 8639951.405479999259114, 1450036.104634 ], [ 8639951.405479999259114, 1450037.298963 ], [ 8639952.002644000574946, 1450037.298963 ], [ 8639952.002644000574946, 1450038.493291 ], [ 8639953.19697199948132, 1450038.493291 ], [ 8639953.19697199948132, 1450039.090455 ], [ 8639953.794136999174953, 1450039.090455 ], [ 8639953.794136999174953, 1450040.284784 ], [ 8639954.391301000490785, 1450040.284784 ], [ 8639954.391301000490785, 1450040.881948 ], [ 8639955.585629999637604, 1450040.881948 ], [ 8639955.585629999637604, 1450039.68762 ], [ 8639956.182793999090791, 1450039.68762 ], [ 8639956.182793999090791, 1450039.090455 ], [ 8639957.37712199985981, 1450039.090455 ], [ 8639957.37712199985981, 1450038.493291 ], [ 8639958.571451000869274, 1450038.493291 ], [ 8639958.571451000869274, 1450039.090455 ], [ 8639959.168615000322461, 1450039.090455 ], [ 8639959.168615000322461, 1450039.68762 ], [ 8639960.36294399946928, 1450039.68762 ], [ 8639960.36294399946928, 1450039.090455 ], [ 8639960.960108000785112, 1450039.090455 ], [ 8639960.960108000785112, 1450037.298963 ], [ 8639961.557272000238299, 1450037.298963 ], [ 8639961.557272000238299, 1450036.104634 ], [ 8639960.960108000785112, 1450036.104634 ], [ 8639960.960108000785112, 1450034.313141 ], [ 8639960.36294399946928, 1450034.313141 ], [ 8639960.36294399946928, 1450033.715977 ], [ 8639959.76578, 1450033.715977 ], [ 8639959.76578, 1450032.521648 ], [ 8639959.168615000322461, 1450032.521648 ], [ 8639959.168615000322461, 1450031.924484 ], [ 8639959.76578, 1450031.924484 ], [ 8639959.76578, 1450031.32732 ], [ 8639960.36294399946928, 1450031.32732 ], [ 8639960.36294399946928, 1450030.132991 ], [ 8639958.571451000869274, 1450030.132991 ], [ 8639958.571451000869274, 1450028.341498 ], [ 8639957.974286999553442, 1450028.341498 ], [ 8639957.974286999553442, 1450027.744334 ], [ 8639956.779958000406623, 1450027.744334 ], [ 8639956.779958000406623, 1450026.550005 ], [ 8639956.182793999090791, 1450026.550005 ], [ 8639956.182793999090791, 1450022.96702 ], [ 8639955.585629999637604, 1450022.96702 ], [ 8639955.585629999637604, 1450021.772691 ], [ 8639956.779958000406623, 1450021.772691 ], [ 8639956.779958000406623, 1450019.981198 ], [ 8639957.37712199985981, 1450019.981198 ], [ 8639957.37712199985981, 1450017.592541000107303 ], [ 8639957.974286999553442, 1450017.592541000107303 ], [ 8639957.974286999553442, 1450015.801048000110313 ], [ 8639957.37712199985981, 1450015.801048000110313 ], [ 8639957.37712199985981, 1450014.60672 ], [ 8639957.974286999553442, 1450014.60672 ], [ 8639957.974286999553442, 1450012.815227 ], [ 8639957.37712199985981, 1450012.815227 ], [ 8639957.37712199985981, 1450012.218062999891117 ], [ 8639956.182793999090791, 1450012.218062999891117 ], [ 8639956.182793999090791, 1450011.620898 ], [ 8639956.779958000406623, 1450011.620898 ], [ 8639956.779958000406623, 1450011.023734 ], [ 8639954.391301000490785, 1450011.023734 ], [ 8639954.391301000490785, 1450010.426569999894127 ], [ 8639981.860858000814915, 1450010.426569999894127 ], [ 8639981.860858000814915, 1450011.023734 ], [ 8639980.66652899980545, 1450011.023734 ], [ 8639980.66652899980545, 1450011.620898 ], [ 8639981.263693999499083, 1450011.620898 ], [ 8639981.263693999499083, 1450012.218062999891117 ], [ 8639980.069365000352263, 1450012.218062999891117 ], [ 8639980.069365000352263, 1450012.815227 ], [ 8639981.263693999499083, 1450012.815227 ], [ 8639981.263693999499083, 1450013.412391 ], [ 8639986.041007999330759, 1450013.412391 ], [ 8639986.041007999330759, 1450014.009555000113323 ], [ 8639987.83250099979341, 1450014.009555000113323 ], [ 8639987.83250099979341, 1450012.218062999891117 ], [ 8639987.235337000340223, 1450012.218062999891117 ], [ 8639987.235337000340223, 1450011.023734 ], [ 8639984.249515000730753, 1450011.023734 ], [ 8639984.249515000730753, 1450010.426569999894127 ], [ 8640062.478035999462008, 1450010.426569999894127 ], [ 8640062.478035999462008, 1450011.023734 ], [ 8640061.880872, 1450011.023734 ], [ 8640061.880872, 1450011.620898 ], [ 8640062.478035999462008, 1450011.620898 ], [ 8640062.478035999462008, 1450012.815227 ], [ 8640061.880872, 1450012.815227 ], [ 8640061.880872, 1450013.412391 ], [ 8640060.686543000862002, 1450013.412391 ], [ 8640060.686543000862002, 1450014.60672 ], [ 8640060.08937899954617, 1450014.60672 ], [ 8640060.08937899954617, 1450016.398213 ], [ 8640060.686543000862002, 1450016.398213 ], [ 8640060.686543000862002, 1450019.384034000104293 ], [ 8640061.283708000555634, 1450019.384034000104293 ], [ 8640061.283708000555634, 1450019.981198 ], [ 8640061.880872, 1450019.981198 ], [ 8640061.880872, 1450021.772691 ], [ 8640062.478035999462008, 1450021.772691 ], [ 8640062.478035999462008, 1450022.369855 ], [ 8640063.075200999155641, 1450022.369855 ], [ 8640063.075200999155641, 1450022.96702 ], [ 8640064.866692999377847, 1450022.96702 ], [ 8640064.866692999377847, 1450024.161348 ], [ 8640064.269529, 1450024.161348 ], [ 8640064.269529, 1450025.355677 ], [ 8640063.672365000471473, 1450025.355677 ], [ 8640063.672365000471473, 1450025.952841 ], [ 8640063.075200999155641, 1450025.952841 ], [ 8640063.075200999155641, 1450027.744334 ], [ 8640062.478035999462008, 1450027.744334 ], [ 8640062.478035999462008, 1450028.938663 ], [ 8640061.880872, 1450028.938663 ], [ 8640061.880872, 1450030.132991 ], [ 8640061.283708000555634, 1450030.132991 ], [ 8640061.283708000555634, 1450030.730155 ], [ 8640061.880872, 1450030.730155 ], [ 8640061.880872, 1450031.924484 ], [ 8640062.478035999462008, 1450031.924484 ], [ 8640062.478035999462008, 1450033.118813 ], [ 8640063.075200999155641, 1450033.118813 ], [ 8640063.075200999155641, 1450033.715977 ], [ 8640063.672365000471473, 1450033.715977 ], [ 8640063.672365000471473, 1450034.313141 ], [ 8640063.075200999155641, 1450034.313141 ], [ 8640063.075200999155641, 1450037.896127 ], [ 8640063.672365000471473, 1450037.896127 ], [ 8640063.672365000471473, 1450038.493291 ], [ 8640064.269529, 1450038.493291 ], [ 8640064.269529, 1450040.284784 ], [ 8640064.866692999377847, 1450040.284784 ], [ 8640064.866692999377847, 1450042.673441 ], [ 8640065.463857999071479, 1450042.673441 ], [ 8640065.463857999071479, 1450044.464934 ], [ 8640066.061022000387311, 1450044.464934 ], [ 8640066.061022000387311, 1450046.853591 ], [ 8640065.463857999071479, 1450046.853591 ], [ 8640065.463857999071479, 1450049.242248000111431 ], [ 8640066.061022000387311, 1450049.242248000111431 ], [ 8640066.061022000387311, 1450049.839413 ], [ 8640065.463857999071479, 1450049.839413 ], [ 8640065.463857999071479, 1450050.436577 ], [ 8640066.061022000387311, 1450050.436577 ], [ 8640066.061022000387311, 1450054.019562 ], [ 8640065.463857999071479, 1450054.019562 ], [ 8640065.463857999071479, 1450054.616727000102401 ], [ 8640064.866692999377847, 1450054.616727000102401 ], [ 8640064.866692999377847, 1450055.213891 ], [ 8640064.269529, 1450055.213891 ], [ 8640064.269529, 1450055.811055 ], [ 8640063.672365000471473, 1450055.811055 ], [ 8640063.672365000471473, 1450057.602548 ], [ 8640063.075200999155641, 1450057.602548 ], [ 8640063.075200999155641, 1450058.796877 ], [ 8640063.672365000471473, 1450058.796877 ], [ 8640063.672365000471473, 1450059.991205 ], [ 8640064.269529, 1450059.991205 ], [ 8640064.269529, 1450061.782698 ], [ 8640064.866692999377847, 1450061.782698 ], [ 8640064.866692999377847, 1450062.379862 ], [ 8640065.463857999071479, 1450062.379862 ], [ 8640065.463857999071479, 1450064.171355 ], [ 8640066.061022000387311, 1450064.171355 ], [ 8640066.061022000387311, 1450067.157177 ], [ 8640065.463857999071479, 1450067.157177 ], [ 8640065.463857999071479, 1450068.351505 ], [ 8640066.061022000387311, 1450068.351505 ], [ 8640066.061022000387311, 1450068.94867 ], [ 8640066.658185999840498, 1450068.94867 ], [ 8640066.658185999840498, 1450069.545834 ], [ 8640067.25535099953413, 1450069.545834 ], [ 8640067.25535099953413, 1450070.740162 ], [ 8640067.852515000849962, 1450070.740162 ], [ 8640067.852515000849962, 1450071.934491 ], [ 8640068.449679000303149, 1450071.934491 ], [ 8640068.449679000303149, 1450073.12882 ], [ 8640069.046842999756336, 1450073.12882 ], [ 8640069.046842999756336, 1450073.725984 ], [ 8640069.644007999449968, 1450073.725984 ], [ 8640069.644007999449968, 1450074.323148 ], [ 8640070.2411720007658, 1450074.323148 ], [ 8640070.2411720007658, 1450077.906134 ], [ 8640069.644007999449968, 1450077.906134 ], [ 8640069.644007999449968, 1450079.100461999885738 ], [ 8640069.046842999756336, 1450079.100461999885738 ], [ 8640069.046842999756336, 1450079.697627 ], [ 8640068.449679000303149, 1450079.697627 ], [ 8640068.449679000303149, 1450080.294791 ], [ 8640067.852515000849962, 1450080.294791 ], [ 8640067.852515000849962, 1450080.891955000115559 ], [ 8640067.25535099953413, 1450080.891955000115559 ], [ 8640067.25535099953413, 1450082.086284 ], [ 8640066.061022000387311, 1450082.086284 ], [ 8640066.061022000387311, 1450082.683448000112548 ], [ 8640065.463857999071479, 1450082.683448000112548 ], [ 8640065.463857999071479, 1450084.474941000109538 ], [ 8640067.25535099953413, 1450084.474941000109538 ], [ 8640067.25535099953413, 1450086.266434000106528 ], [ 8640067.852515000849962, 1450086.266434000106528 ], [ 8640067.852515000849962, 1450086.863598 ], [ 8640068.449679000303149, 1450086.863598 ], [ 8640068.449679000303149, 1450087.460762 ], [ 8640067.852515000849962, 1450087.460762 ], [ 8640067.852515000849962, 1450088.057927000103518 ], [ 8640067.25535099953413, 1450088.057927000103518 ], [ 8640067.25535099953413, 1450092.835241 ], [ 8640067.852515000849962, 1450092.835241 ], [ 8640067.852515000849962, 1450094.029569 ], [ 8640068.449679000303149, 1450094.029569 ], [ 8640068.449679000303149, 1450098.209719 ], [ 8640069.046842999756336, 1450098.209719 ], [ 8640069.046842999756336, 1450105.972855 ], [ 8640069.644007999449968, 1450105.972855 ], [ 8640069.644007999449968, 1450107.167184 ], [ 8640070.838336000218987, 1450107.167184 ], [ 8640070.838336000218987, 1450107.764348 ], [ 8640072.032664999365807, 1450107.764348 ], [ 8640072.032664999365807, 1450109.555841 ], [ 8640072.629829000681639, 1450109.555841 ], [ 8640072.629829000681639, 1450114.333154999883845 ], [ 8640072.032664999365807, 1450114.333154999883845 ], [ 8640072.032664999365807, 1450115.527484 ], [ 8640071.435501, 1450115.527484 ], [ 8640071.435501, 1450116.124648000113666 ], [ 8640070.2411720007658, 1450116.124648000113666 ], [ 8640070.2411720007658, 1450116.721812 ], [ 8640069.644007999449968, 1450116.721812 ], [ 8640069.644007999449968, 1450117.318977 ], [ 8640068.449679000303149, 1450117.318977 ], [ 8640068.449679000303149, 1450117.916141000110656 ], [ 8640067.852515000849962, 1450117.916141000110656 ], [ 8640067.852515000849962, 1450118.513305 ], [ 8640067.25535099953413, 1450118.513305 ], [ 8640067.25535099953413, 1450119.110469 ], [ 8640066.658185999840498, 1450119.110469 ], [ 8640066.658185999840498, 1450119.707634000107646 ], [ 8640065.463857999071479, 1450119.707634000107646 ], [ 8640065.463857999071479, 1450120.304798 ], [ 8640064.866692999377847, 1450120.304798 ], [ 8640064.866692999377847, 1450120.901962 ], [ 8640064.269529, 1450120.901962 ], [ 8640064.269529, 1450121.499127000104636 ], [ 8640063.672365000471473, 1450121.499127000104636 ], [ 8640063.672365000471473, 1450122.096291 ], [ 8640063.075200999155641, 1450122.096291 ], [ 8640063.075200999155641, 1450124.484948 ], [ 8640063.672365000471473, 1450124.484948 ], [ 8640063.672365000471473, 1450125.082112 ], [ 8640065.463857999071479, 1450125.082112 ], [ 8640065.463857999071479, 1450125.679277 ], [ 8640066.061022000387311, 1450125.679277 ], [ 8640066.061022000387311, 1450126.276441 ], [ 8640067.25535099953413, 1450126.276441 ], [ 8640067.25535099953413, 1450128.665098 ], [ 8640068.449679000303149, 1450128.665098 ], [ 8640068.449679000303149, 1450129.262262 ], [ 8640069.644007999449968, 1450129.262262 ], [ 8640069.644007999449968, 1450131.053755 ], [ 8640070.2411720007658, 1450131.053755 ], [ 8640070.2411720007658, 1450132.248084 ], [ 8640070.838336000218987, 1450132.248084 ], [ 8640070.838336000218987, 1450133.442412 ], [ 8640071.435501, 1450133.442412 ], [ 8640071.435501, 1450134.039576 ], [ 8640072.032664999365807, 1450134.039576 ], [ 8640072.032664999365807, 1450135.831069 ], [ 8640072.629829000681639, 1450135.831069 ], [ 8640072.629829000681639, 1450137.622562 ], [ 8640073.226993000134826, 1450137.622562 ], [ 8640073.226993000134826, 1450138.219726 ], [ 8640073.824157999828458, 1450138.219726 ], [ 8640073.824157999828458, 1450137.025398 ], [ 8640074.421321999281645, 1450137.025398 ], [ 8640074.421321999281645, 1450138.219726 ], [ 8640075.018486000597477, 1450138.219726 ], [ 8640075.018486000597477, 1450139.414055 ], [ 8640074.421321999281645, 1450139.414055 ], [ 8640074.421321999281645, 1450141.802712 ], [ 8640076.212814999744296, 1450141.802712 ], [ 8640076.212814999744296, 1450142.997041 ], [ 8640076.809978999197483, 1450142.997041 ], [ 8640076.809978999197483, 1450143.594205 ], [ 8640077.407143000513315, 1450143.594205 ], [ 8640077.407143000513315, 1450144.788534 ], [ 8640076.809978999197483, 1450144.788534 ], [ 8640076.809978999197483, 1450145.982861999887973 ], [ 8640076.212814999744296, 1450145.982861999887973 ], [ 8640076.212814999744296, 1450146.580026 ], [ 8640075.615651000291109, 1450146.580026 ], [ 8640075.615651000291109, 1450147.177191 ], [ 8640076.212814999744296, 1450147.177191 ], [ 8640076.212814999744296, 1450147.774354999884963 ], [ 8640075.615651000291109, 1450147.774354999884963 ], [ 8640075.615651000291109, 1450148.371519 ], [ 8640074.421321999281645, 1450148.371519 ], [ 8640074.421321999281645, 1450148.968684 ], [ 8640073.824157999828458, 1450148.968684 ], [ 8640073.824157999828458, 1450149.565848000114784 ], [ 8640072.032664999365807, 1450149.565848000114784 ], [ 8640072.032664999365807, 1450151.357341000111774 ], [ 8640071.435501, 1450151.357341000111774 ], [ 8640071.435501, 1450151.954505 ], [ 8640070.838336000218987, 1450151.954505 ], [ 8640070.838336000218987, 1450152.551669 ], [ 8640069.644007999449968, 1450152.551669 ], [ 8640069.644007999449968, 1450153.148834000108764 ], [ 8640072.032664999365807, 1450153.148834000108764 ], [ 8640072.032664999365807, 1450156.134655 ], [ 8640071.435501, 1450156.134655 ], [ 8640071.435501, 1450156.731819 ], [ 8640069.644007999449968, 1450156.731819 ], [ 8640069.644007999449968, 1450160.314805 ], [ 8640070.2411720007658, 1450160.314805 ], [ 8640070.2411720007658, 1450160.911969 ], [ 8640070.838336000218987, 1450160.911969 ], [ 8640070.838336000218987, 1450161.509134 ], [ 8640073.226993000134826, 1450161.509134 ], [ 8640073.226993000134826, 1450163.300626 ], [ 8640071.435501, 1450163.300626 ], [ 8640071.435501, 1450163.897791 ], [ 8640070.2411720007658, 1450163.897791 ], [ 8640070.2411720007658, 1450164.494955 ], [ 8640069.644007999449968, 1450164.494955 ], [ 8640069.644007999449968, 1450165.092119 ], [ 8640069.046842999756336, 1450165.092119 ], [ 8640069.046842999756336, 1450165.689283 ], [ 8640067.852515000849962, 1450165.689283 ], [ 8640067.852515000849962, 1450166.286448 ], [ 8640066.061022000387311, 1450166.286448 ], [ 8640066.061022000387311, 1450166.883612 ], [ 8640063.672365000471473, 1450166.883612 ], [ 8640063.672365000471473, 1450167.480776 ], [ 8640063.075200999155641, 1450167.480776 ], [ 8640063.075200999155641, 1450166.883612 ], [ 8640062.478035999462008, 1450166.883612 ], [ 8640062.478035999462008, 1450167.480776 ], [ 8640056.506393000483513, 1450167.480776 ], [ 8640056.506393000483513, 1450166.883612 ], [ 8640051.729079000651836, 1450166.883612 ], [ 8640051.729079000651836, 1450167.480776 ], [ 8640049.340422000735998, 1450167.480776 ], [ 8640049.340422000735998, 1450168.077941 ], [ 8640043.368778999894857, 1450168.077941 ], [ 8640043.368778999894857, 1450168.675105 ], [ 8640042.174450999125838, 1450168.675105 ], [ 8640042.174450999125838, 1450169.272269 ], [ 8640039.78579399921, 1450169.272269 ], [ 8640039.78579399921, 1450168.077941 ], [ 8640039.188628999516368, 1450168.077941 ], [ 8640039.188628999516368, 1450166.286448 ], [ 8640039.78579399921, 1450166.286448 ], [ 8640039.78579399921, 1450165.689283 ], [ 8640039.188628999516368, 1450165.689283 ], [ 8640039.188628999516368, 1450164.494955 ], [ 8640037.994301000609994, 1450164.494955 ], [ 8640037.994301000609994, 1450163.897791 ], [ 8640037.397136000916362, 1450163.897791 ], [ 8640037.397136000916362, 1450163.300626 ], [ 8640036.79997199960053, 1450163.300626 ], [ 8640036.79997199960053, 1450162.703462 ], [ 8640035.605644000694156, 1450162.703462 ], [ 8640035.605644000694156, 1450162.106298 ], [ 8640034.411314999684691, 1450162.106298 ], [ 8640034.411314999684691, 1450161.509134 ], [ 8640033.814151000231504, 1450161.509134 ], [ 8640033.814151000231504, 1450162.703462 ], [ 8640032.022657999768853, 1450162.703462 ], [ 8640032.022657999768853, 1450163.300626 ], [ 8640031.425494000315666, 1450163.300626 ], [ 8640031.425494000315666, 1450163.897791 ], [ 8640032.022657999768853, 1450163.897791 ], [ 8640032.022657999768853, 1450164.494955 ], [ 8640031.425494000315666, 1450164.494955 ], [ 8640031.425494000315666, 1450165.092119 ], [ 8640032.022657999768853, 1450165.092119 ], [ 8640032.022657999768853, 1450166.883612 ], [ 8640032.61982199922204, 1450166.883612 ], [ 8640032.61982199922204, 1450167.480776 ], [ 8640034.411314999684691, 1450167.480776 ], [ 8640034.411314999684691, 1450168.077941 ], [ 8640033.216986000537872, 1450168.077941 ], [ 8640033.216986000537872, 1450169.272269 ], [ 8640031.425494000315666, 1450169.272269 ], [ 8640031.425494000315666, 1450169.869433 ], [ 8640030.828329000622034, 1450169.869433 ], [ 8640030.828329000622034, 1450170.466598 ], [ 8640027.842507999390364, 1450170.466598 ], [ 8640027.842507999390364, 1450171.063762 ], [ 8640027.245344, 1450171.063762 ], [ 8640027.245344, 1450171.660926 ], [ 8640022.468028999865055, 1450171.660926 ], [ 8640022.468028999865055, 1450172.258091 ], [ 8640017.093551000580192, 1450172.258091 ], [ 8640017.093551000580192, 1450171.660926 ], [ 8640002.761608000844717, 1450171.660926 ], [ 8640002.761608000844717, 1450171.063762 ], [ 8640002.164443999528885, 1450171.063762 ], [ 8640002.164443999528885, 1450170.466598 ], [ 8639999.178622, 1450170.466598 ], [ 8639999.178622, 1450169.869433 ], [ 8639997.984293999150395, 1450169.869433 ], [ 8639997.984293999150395, 1450170.466598 ], [ 8639996.789965, 1450170.466598 ], [ 8639996.789965, 1450169.869433 ], [ 8639996.192801000550389, 1450169.869433 ], [ 8639996.192801000550389, 1450170.466598 ], [ 8639994.401308, 1450170.466598 ], [ 8639994.401308, 1450169.869433 ], [ 8639990.818321999162436, 1450169.869433 ], [ 8639990.818321999162436, 1450169.272269 ], [ 8639979.472201000899076, 1450169.272269 ], [ 8639979.472201000899076, 1450169.869433 ], [ 8639978.875036999583244, 1450169.869433 ], [ 8639978.875036999583244, 1450169.272269 ], [ 8639967.528914999216795, 1450169.272269 ], [ 8639967.528914999216795, 1450168.675105 ], [ 8639968.126080000773072, 1450168.675105 ], [ 8639968.126080000773072, 1450168.077941 ], [ 8639969.320407999679446, 1450168.077941 ], [ 8639969.320407999679446, 1450167.480776 ], [ 8639968.723244000226259, 1450167.480776 ], [ 8639968.723244000226259, 1450166.883612 ], [ 8639965.737422000616789, 1450166.883612 ], [ 8639965.737422000616789, 1450167.480776 ], [ 8639960.36294399946928, 1450167.480776 ], [ 8639960.36294399946928, 1450166.883612 ], [ 8639958.571451000869274, 1450166.883612 ], [ 8639958.571451000869274, 1450167.480776 ], [ 8639956.779958000406623, 1450167.480776 ], [ 8639956.779958000406623, 1450169.272269 ], [ 8639956.182793999090791, 1450169.272269 ], [ 8639956.182793999090791, 1450170.466598 ], [ 8639953.19697199948132, 1450170.466598 ], [ 8639953.19697199948132, 1450169.869433 ], [ 8639952.599808, 1450169.869433 ], [ 8639952.599808, 1450169.272269 ], [ 8639951.405479999259114, 1450169.272269 ], [ 8639951.405479999259114, 1450169.869433 ], [ 8639950.808314999565482, 1450169.869433 ], [ 8639950.808314999565482, 1450170.466598 ], [ 8639948.419657999649644, 1450170.466598 ], [ 8639948.419657999649644, 1450169.869433 ], [ 8639949.016821999102831, 1450169.869433 ], [ 8639949.016821999102831, 1450169.272269 ], [ 8639946.628164999186993, 1450169.272269 ], [ 8639946.628164999186993, 1450170.466598 ], [ 8639944.836672000586987, 1450170.466598 ], [ 8639944.836672000586987, 1450169.869433 ], [ 8639945.433837000280619, 1450169.869433 ], [ 8639945.433837000280619, 1450169.272269 ], [ 8639940.656522000208497, 1450169.272269 ], [ 8639940.656522000208497, 1450169.869433 ], [ 8639941.253687, 1450169.869433 ], [ 8639941.253687, 1450170.466598 ], [ 8639939.462193999439478, 1450170.466598 ], [ 8639939.462193999439478, 1450171.063762 ], [ 8639938.267865000292659, 1450171.063762 ], [ 8639938.267865000292659, 1450171.660926 ], [ 8639935.879208000376821, 1450171.660926 ], [ 8639935.879208000376821, 1450172.258091 ], [ 8639934.684879999607801, 1450172.258091 ], [ 8639934.684879999607801, 1450172.855255 ], [ 8639933.490551000460982, 1450172.855255 ], [ 8639933.490551000460982, 1450173.452419 ], [ 8639931.699058, 1450173.452419 ], [ 8639931.699058, 1450174.049582999898121 ], [ 8639922.741593999788165, 1450174.049582999898121 ], [ 8639922.741593999788165, 1450173.452419 ], [ 8639921.547265000641346, 1450173.452419 ], [ 8639921.547265000641346, 1450172.855255 ], [ 8639919.75577300041914, 1450172.855255 ], [ 8639919.75577300041914, 1450172.258091 ], [ 8639919.158608000725508, 1450172.258091 ], [ 8639919.158608000725508, 1450171.660926 ], [ 8639918.561443999409676, 1450171.660926 ], [ 8639918.561443999409676, 1450170.466598 ], [ 8639917.96428, 1450170.466598 ], [ 8639917.96428, 1450169.869433 ], [ 8639910.798308, 1450169.869433 ], [ 8639910.798308, 1450171.063762 ], [ 8639909.60397999919951, 1450171.063762 ], [ 8639909.60397999919951, 1450171.660926 ], [ 8639908.409651, 1450171.660926 ], [ 8639908.409651, 1450172.258091 ], [ 8639906.618157999590039, 1450172.258091 ], [ 8639906.618157999590039, 1450172.855255 ], [ 8639905.423830000683665, 1450172.855255 ], [ 8639905.423830000683665, 1450173.452419 ], [ 8639904.826664999127388, 1450173.452419 ], [ 8639904.826664999127388, 1450174.049582999898121 ], [ 8639901.840843999758363, 1450174.049582999898121 ], [ 8639901.840843999758363, 1450174.646748 ], [ 8639900.049350999295712, 1450174.646748 ], [ 8639900.049350999295712, 1450175.243912 ], [ 8639898.257858000695705, 1450175.243912 ], [ 8639898.257858000695705, 1450174.646748 ], [ 8639897.06353, 1450174.646748 ], [ 8639897.06353, 1450175.243912 ], [ 8639895.272036999464035, 1450175.243912 ], [ 8639895.272036999464035, 1450174.646748 ], [ 8639893.480544000864029, 1450174.646748 ], [ 8639893.480544000864029, 1450174.049582999898121 ], [ 8639892.883379999548197, 1450174.049582999898121 ], [ 8639892.883379999548197, 1450172.855255 ], [ 8639889.897558, 1450172.855255 ], [ 8639889.897558, 1450172.258091 ], [ 8639889.300394000485539, 1450172.258091 ], [ 8639889.300394000485539, 1450172.855255 ], [ 8639888.10606599971652, 1450172.855255 ], [ 8639888.10606599971652, 1450173.452419 ], [ 8639886.314572999253869, 1450173.452419 ], [ 8639886.314572999253869, 1450174.049582999898121 ], [ 8639885.717407999560237, 1450174.049582999898121 ], [ 8639885.717407999560237, 1450174.646748 ], [ 8639882.134423000738025, 1450174.646748 ], [ 8639882.134423000738025, 1450175.243912 ], [ 8639880.342930000275373, 1450175.243912 ], [ 8639880.342930000275373, 1450175.841075999895111 ], [ 8639879.745766000822186, 1450175.841075999895111 ], [ 8639879.745766000822186, 1450176.438241 ], [ 8639876.162779999896884, 1450176.438241 ], [ 8639876.162779999896884, 1450177.035405 ], [ 8639864.816657999530435, 1450177.035405 ], [ 8639864.816657999530435, 1450176.438241 ], [ 8639861.830837000161409, 1450176.438241 ], [ 8639861.830837000161409, 1450175.841075999895111 ], [ 8639861.233673000708222, 1450175.841075999895111 ], [ 8639861.233673000708222, 1450175.243912 ], [ 8639860.039343999698758, 1450175.243912 ], [ 8639860.039343999698758, 1450174.646748 ], [ 8639851.081879999488592, 1450174.646748 ], [ 8639851.081879999488592, 1450175.243912 ], [ 8639848.096059000119567, 1450175.243912 ], [ 8639848.096059000119567, 1450175.841075999895111 ], [ 8639846.304565999656916, 1450175.841075999895111 ], [ 8639846.304565999656916, 1450176.438241 ], [ 8639844.513072999194264, 1450176.438241 ], [ 8639844.513072999194264, 1450177.035405 ], [ 8639842.721580000594258, 1450177.035405 ], [ 8639842.721580000594258, 1450177.632568999892101 ], [ 8639839.138593999668956, 1450177.632568999892101 ], [ 8639839.138593999668956, 1450178.229733 ], [ 8639837.347100999206305, 1450178.229733 ], [ 8639837.347100999206305, 1450177.632568999892101 ], [ 8639834.361279999837279, 1450177.632568999892101 ], [ 8639834.361279999837279, 1450178.229733 ], [ 8639833.16695100069046, 1450178.229733 ], [ 8639833.16695100069046, 1450177.632568999892101 ], [ 8639831.375459000468254, 1450177.632568999892101 ], [ 8639831.375459000468254, 1450177.035405 ], [ 8639830.778294000774622, 1450177.035405 ], [ 8639830.778294000774622, 1450178.826898 ], [ 8639830.18112999945879, 1450178.826898 ] ], [ [ 8639947.22533000074327, 1450167.480776 ], [ 8639948.419657999649644, 1450167.480776 ], [ 8639948.419657999649644, 1450166.883612 ], [ 8639947.22533000074327, 1450166.883612 ], [ 8639947.22533000074327, 1450167.480776 ] ], [ [ 8639947.822494000196457, 1450159.120476 ], [ 8639949.613987000659108, 1450159.120476 ], [ 8639949.613987000659108, 1450156.731819 ], [ 8639948.419657999649644, 1450156.731819 ], [ 8639948.419657999649644, 1450156.134655 ], [ 8639946.031000999733806, 1450156.134655 ], [ 8639946.031000999733806, 1450156.731819 ], [ 8639944.836672000586987, 1450156.731819 ], [ 8639944.836672000586987, 1450157.328984 ], [ 8639945.433837000280619, 1450157.328984 ], [ 8639945.433837000280619, 1450157.926148 ], [ 8639946.628164999186993, 1450157.926148 ], [ 8639946.628164999186993, 1450158.523312 ], [ 8639947.22533000074327, 1450158.523312 ], [ 8639947.22533000074327, 1450157.926148 ], [ 8639947.822494000196457, 1450157.926148 ], [ 8639947.822494000196457, 1450159.120476 ] ], [ [ 8639994.401308, 1450150.163012 ], [ 8639994.998471999540925, 1450150.163012 ], [ 8639994.998471999540925, 1450149.565848000114784 ], [ 8639995.595636999234557, 1450149.565848000114784 ], [ 8639995.595636999234557, 1450148.371519 ], [ 8639993.804144000634551, 1450148.371519 ], [ 8639993.804144000634551, 1450148.968684 ], [ 8639994.401308, 1450148.968684 ], [ 8639994.401308, 1450150.163012 ] ], [ [ 8640030.828329000622034, 1450142.997041 ], [ 8640032.022657999768853, 1450142.997041 ], [ 8640032.022657999768853, 1450141.802712 ], [ 8640033.814151000231504, 1450141.802712 ], [ 8640033.814151000231504, 1450140.608384 ], [ 8640034.411314999684691, 1450140.608384 ], [ 8640034.411314999684691, 1450141.205548 ], [ 8640035.008478999137878, 1450141.205548 ], [ 8640035.008478999137878, 1450138.219726 ], [ 8640036.202808000147343, 1450138.219726 ], [ 8640036.202808000147343, 1450137.025398 ], [ 8640036.79997199960053, 1450137.025398 ], [ 8640036.79997199960053, 1450136.428234 ], [ 8640037.397136000916362, 1450136.428234 ], [ 8640037.397136000916362, 1450129.859426 ], [ 8640036.79997199960053, 1450129.859426 ], [ 8640036.79997199960053, 1450126.873605 ], [ 8640037.397136000916362, 1450126.873605 ], [ 8640037.397136000916362, 1450125.679277 ], [ 8640037.994301000609994, 1450125.679277 ], [ 8640037.994301000609994, 1450123.887784 ], [ 8640037.397136000916362, 1450123.887784 ], [ 8640037.397136000916362, 1450123.290619 ], [ 8640036.202808000147343, 1450123.290619 ], [ 8640036.202808000147343, 1450122.096291 ], [ 8640035.605644000694156, 1450122.096291 ], [ 8640035.605644000694156, 1450120.901962 ], [ 8640035.008478999137878, 1450120.901962 ], [ 8640035.008478999137878, 1450118.513305 ], [ 8640034.411314999684691, 1450118.513305 ], [ 8640034.411314999684691, 1450116.721812 ], [ 8640033.814151000231504, 1450116.721812 ], [ 8640033.814151000231504, 1450111.347334 ], [ 8640033.216986000537872, 1450111.347334 ], [ 8640033.216986000537872, 1450108.958677 ], [ 8640032.61982199922204, 1450108.958677 ], [ 8640032.61982199922204, 1450107.764348 ], [ 8640032.022657999768853, 1450107.764348 ], [ 8640032.022657999768853, 1450103.584198 ], [ 8640031.425494000315666, 1450103.584198 ], [ 8640031.425494000315666, 1450102.389869 ], [ 8640030.828329000622034, 1450102.389869 ], [ 8640030.828329000622034, 1450101.792705 ], [ 8640031.425494000315666, 1450101.792705 ], [ 8640031.425494000315666, 1450101.195541 ], [ 8640030.828329000622034, 1450101.195541 ], [ 8640030.828329000622034, 1450100.598377 ], [ 8640031.425494000315666, 1450100.598377 ], [ 8640031.425494000315666, 1450096.418227 ], [ 8640032.022657999768853, 1450096.418227 ], [ 8640032.022657999768853, 1450094.626734 ], [ 8640031.425494000315666, 1450094.626734 ], [ 8640031.425494000315666, 1450092.835241 ], [ 8640030.828329000622034, 1450092.835241 ], [ 8640030.828329000622034, 1450091.043748 ], [ 8640030.231164999306202, 1450091.043748 ], [ 8640030.231164999306202, 1450088.655091 ], [ 8640029.634000999853015, 1450088.655091 ], [ 8640029.634000999853015, 1450087.460762 ], [ 8640029.036836000159383, 1450087.460762 ], [ 8640029.036836000159383, 1450083.280612 ], [ 8640028.439672000706196, 1450083.280612 ], [ 8640028.439672000706196, 1450075.517476999899372 ], [ 8640029.036836000159383, 1450075.517476999899372 ], [ 8640029.036836000159383, 1450074.323148 ], [ 8640029.634000999853015, 1450074.323148 ], [ 8640029.634000999853015, 1450071.934491 ], [ 8640030.231164999306202, 1450071.934491 ], [ 8640030.231164999306202, 1450071.337327 ], [ 8640030.828329000622034, 1450071.337327 ], [ 8640030.828329000622034, 1450070.142998 ], [ 8640031.425494000315666, 1450070.142998 ], [ 8640031.425494000315666, 1450068.351505 ], [ 8640030.828329000622034, 1450068.351505 ], [ 8640030.828329000622034, 1450065.365684 ], [ 8640030.231164999306202, 1450065.365684 ], [ 8640030.231164999306202, 1450061.782698 ], [ 8640029.634000999853015, 1450061.782698 ], [ 8640029.634000999853015, 1450059.991205 ], [ 8640030.231164999306202, 1450059.991205 ], [ 8640030.231164999306202, 1450058.199712 ], [ 8640029.634000999853015, 1450058.199712 ], [ 8640029.634000999853015, 1450053.422398 ], [ 8640029.036836000159383, 1450053.422398 ], [ 8640029.036836000159383, 1450048.04792 ], [ 8640029.634000999853015, 1450048.04792 ], [ 8640029.634000999853015, 1450046.853591 ], [ 8640030.231164999306202, 1450046.853591 ], [ 8640030.231164999306202, 1450046.256427 ], [ 8640030.828329000622034, 1450046.256427 ], [ 8640030.828329000622034, 1450044.464934 ], [ 8640030.231164999306202, 1450044.464934 ], [ 8640030.231164999306202, 1450042.076276999898255 ], [ 8640029.634000999853015, 1450042.076276999898255 ], [ 8640029.634000999853015, 1450038.493291 ], [ 8640030.231164999306202, 1450038.493291 ], [ 8640030.231164999306202, 1450037.298963 ], [ 8640030.828329000622034, 1450037.298963 ], [ 8640030.828329000622034, 1450034.313141 ], [ 8640030.231164999306202, 1450034.313141 ], [ 8640030.231164999306202, 1450031.924484 ], [ 8640029.634000999853015, 1450031.924484 ], [ 8640029.634000999853015, 1450031.32732 ], [ 8640029.036836000159383, 1450031.32732 ], [ 8640029.036836000159383, 1450029.535827 ], [ 8640028.439672000706196, 1450029.535827 ], [ 8640028.439672000706196, 1450028.341498 ], [ 8640027.842507999390364, 1450028.341498 ], [ 8640027.842507999390364, 1450027.744334 ], [ 8640027.245344, 1450027.744334 ], [ 8640027.245344, 1450027.14717 ], [ 8640027.842507999390364, 1450027.14717 ], [ 8640027.842507999390364, 1450025.355677 ], [ 8640028.439672000706196, 1450025.355677 ], [ 8640028.439672000706196, 1450022.96702 ], [ 8640027.842507999390364, 1450022.96702 ], [ 8640027.842507999390364, 1450022.369855 ], [ 8640028.439672000706196, 1450022.369855 ], [ 8640028.439672000706196, 1450017.592541000107303 ], [ 8640029.036836000159383, 1450017.592541000107303 ], [ 8640029.036836000159383, 1450016.995377 ], [ 8640028.439672000706196, 1450016.995377 ], [ 8640028.439672000706196, 1450016.398213 ], [ 8640029.036836000159383, 1450016.398213 ], [ 8640029.036836000159383, 1450015.801048000110313 ], [ 8640028.439672000706196, 1450015.801048000110313 ], [ 8640028.439672000706196, 1450015.203884 ], [ 8640027.842507999390364, 1450015.203884 ], [ 8640027.842507999390364, 1450014.60672 ], [ 8640027.245344, 1450014.60672 ], [ 8640027.245344, 1450013.412391 ], [ 8640027.842507999390364, 1450013.412391 ], [ 8640027.842507999390364, 1450012.815227 ], [ 8640028.439672000706196, 1450012.815227 ], [ 8640028.439672000706196, 1450012.218062999891117 ], [ 8640025.453850999474525, 1450012.218062999891117 ], [ 8640025.453850999474525, 1450012.815227 ], [ 8640024.259522000327706, 1450012.815227 ], [ 8640024.259522000327706, 1450012.218062999891117 ], [ 8640020.079372, 1450012.218062999891117 ], [ 8640020.079372, 1450013.412391 ], [ 8640018.885043999180198, 1450013.412391 ], [ 8640018.885043999180198, 1450014.60672 ], [ 8640019.48220800049603, 1450014.60672 ], [ 8640019.48220800049603, 1450016.398213 ], [ 8640020.079372, 1450016.398213 ], [ 8640020.079372, 1450016.995377 ], [ 8640018.287878999486566, 1450016.995377 ], [ 8640018.287878999486566, 1450017.592541000107303 ], [ 8640018.885043999180198, 1450017.592541000107303 ], [ 8640018.885043999180198, 1450018.189705 ], [ 8640021.273700999096036, 1450018.189705 ], [ 8640021.273700999096036, 1450018.78687 ], [ 8640023.662358000874519, 1450018.78687 ], [ 8640023.662358000874519, 1450019.384034000104293 ], [ 8640024.259522000327706, 1450019.384034000104293 ], [ 8640024.259522000327706, 1450022.96702 ], [ 8640023.662358000874519, 1450022.96702 ], [ 8640023.662358000874519, 1450024.161348 ], [ 8640023.065193999558687, 1450024.161348 ], [ 8640023.065193999558687, 1450024.758513 ], [ 8640022.468028999865055, 1450024.758513 ], [ 8640022.468028999865055, 1450025.355677 ], [ 8640019.48220800049603, 1450025.355677 ], [ 8640019.48220800049603, 1450025.952841 ], [ 8640015.899221999570727, 1450025.952841 ], [ 8640015.899221999570727, 1450027.14717 ], [ 8640015.30205800011754, 1450027.14717 ], [ 8640015.30205800011754, 1450029.535827 ], [ 8640015.899221999570727, 1450029.535827 ], [ 8640015.899221999570727, 1450031.32732 ], [ 8640016.496386000886559, 1450031.32732 ], [ 8640016.496386000886559, 1450039.090455 ], [ 8640015.899221999570727, 1450039.090455 ], [ 8640015.899221999570727, 1450039.68762 ], [ 8640015.30205800011754, 1450039.68762 ], [ 8640015.30205800011754, 1450040.881948 ], [ 8640014.704894000664353, 1450040.881948 ], [ 8640014.704894000664353, 1450042.076276999898255 ], [ 8640015.30205800011754, 1450042.076276999898255 ], [ 8640015.30205800011754, 1450042.673441 ], [ 8640014.704894000664353, 1450042.673441 ], [ 8640014.704894000664353, 1450044.464934 ], [ 8640015.30205800011754, 1450044.464934 ], [ 8640015.30205800011754, 1450045.062098 ], [ 8640015.899221999570727, 1450045.062098 ], [ 8640015.899221999570727, 1450045.659262999892235 ], [ 8640016.496386000886559, 1450045.659262999892235 ], [ 8640016.496386000886559, 1450046.256427 ], [ 8640017.093551000580192, 1450046.256427 ], [ 8640017.093551000580192, 1450046.853591 ], [ 8640017.690715, 1450046.853591 ], [ 8640017.690715, 1450048.04792 ], [ 8640018.287878999486566, 1450048.04792 ], [ 8640018.287878999486566, 1450048.645084 ], [ 8640018.885043999180198, 1450048.645084 ], [ 8640018.885043999180198, 1450049.242248000111431 ], [ 8640019.48220800049603, 1450049.242248000111431 ], [ 8640019.48220800049603, 1450051.033741000108421 ], [ 8640020.079372, 1450051.033741000108421 ], [ 8640020.079372, 1450053.422398 ], [ 8640020.676535999402404, 1450053.422398 ], [ 8640020.676535999402404, 1450055.213891 ], [ 8640021.273700999096036, 1450055.213891 ], [ 8640021.273700999096036, 1450055.811055 ], [ 8640021.870865000411868, 1450055.811055 ], [ 8640021.870865000411868, 1450058.796877 ], [ 8640022.468028999865055, 1450058.796877 ], [ 8640022.468028999865055, 1450061.782698 ], [ 8640021.870865000411868, 1450061.782698 ], [ 8640021.870865000411868, 1450065.365684 ], [ 8640021.273700999096036, 1450065.365684 ], [ 8640021.273700999096036, 1450066.560012 ], [ 8640020.676535999402404, 1450066.560012 ], [ 8640020.676535999402404, 1450067.754341 ], [ 8640019.48220800049603, 1450067.754341 ], [ 8640019.48220800049603, 1450068.351505 ], [ 8640018.287878999486566, 1450068.351505 ], [ 8640018.287878999486566, 1450068.94867 ], [ 8640017.093551000580192, 1450068.94867 ], [ 8640017.093551000580192, 1450069.545834 ], [ 8640015.899221999570727, 1450069.545834 ], [ 8640015.899221999570727, 1450070.142998 ], [ 8640015.30205800011754, 1450070.142998 ], [ 8640015.30205800011754, 1450070.740162 ], [ 8640014.704894000664353, 1450070.740162 ], [ 8640014.704894000664353, 1450071.934491 ], [ 8640015.899221999570727, 1450071.934491 ], [ 8640015.899221999570727, 1450073.12882 ], [ 8640017.093551000580192, 1450073.12882 ], [ 8640017.093551000580192, 1450074.323148 ], [ 8640017.690715, 1450074.323148 ], [ 8640017.690715, 1450074.920312 ], [ 8640018.287878999486566, 1450074.920312 ], [ 8640018.287878999486566, 1450075.517476999899372 ], [ 8640019.48220800049603, 1450075.517476999899372 ], [ 8640019.48220800049603, 1450076.114641 ], [ 8640020.079372, 1450076.114641 ], [ 8640020.079372, 1450076.711805 ], [ 8640020.676535999402404, 1450076.711805 ], [ 8640020.676535999402404, 1450077.308969999896362 ], [ 8640021.273700999096036, 1450077.308969999896362 ], [ 8640021.273700999096036, 1450077.906134 ], [ 8640021.870865000411868, 1450077.906134 ], [ 8640021.870865000411868, 1450082.683448000112548 ], [ 8640021.273700999096036, 1450082.683448000112548 ], [ 8640021.273700999096036, 1450084.474941000109538 ], [ 8640021.870865000411868, 1450084.474941000109538 ], [ 8640021.870865000411868, 1450089.252255 ], [ 8640021.273700999096036, 1450089.252255 ], [ 8640021.273700999096036, 1450093.432405 ], [ 8640021.870865000411868, 1450093.432405 ], [ 8640021.870865000411868, 1450094.029569 ], [ 8640021.273700999096036, 1450094.029569 ], [ 8640021.273700999096036, 1450094.626734 ], [ 8640021.870865000411868, 1450094.626734 ], [ 8640021.870865000411868, 1450095.223898 ], [ 8640022.468028999865055, 1450095.223898 ], [ 8640022.468028999865055, 1450096.418227 ], [ 8640023.065193999558687, 1450096.418227 ], [ 8640023.065193999558687, 1450101.792705 ], [ 8640023.662358000874519, 1450101.792705 ], [ 8640023.662358000874519, 1450104.778527 ], [ 8640024.259522000327706, 1450104.778527 ], [ 8640024.259522000327706, 1450107.764348 ], [ 8640024.856685999780893, 1450107.764348 ], [ 8640024.856685999780893, 1450113.138827 ], [ 8640025.453850999474525, 1450113.138827 ], [ 8640025.453850999474525, 1450115.527484 ], [ 8640026.051015000790358, 1450115.527484 ], [ 8640026.051015000790358, 1450123.290619 ], [ 8640025.453850999474525, 1450123.290619 ], [ 8640025.453850999474525, 1450125.082112 ], [ 8640026.648179000243545, 1450125.082112 ], [ 8640026.648179000243545, 1450125.679277 ], [ 8640027.245344, 1450125.679277 ], [ 8640027.245344, 1450126.276441 ], [ 8640027.842507999390364, 1450126.276441 ], [ 8640027.842507999390364, 1450128.067934 ], [ 8640028.439672000706196, 1450128.067934 ], [ 8640028.439672000706196, 1450129.859426 ], [ 8640027.842507999390364, 1450129.859426 ], [ 8640027.842507999390364, 1450131.053755 ], [ 8640028.439672000706196, 1450131.053755 ], [ 8640028.439672000706196, 1450134.039576 ], [ 8640029.036836000159383, 1450134.039576 ], [ 8640029.036836000159383, 1450137.025398 ], [ 8640029.634000999853015, 1450137.025398 ], [ 8640029.634000999853015, 1450140.608384 ], [ 8640030.231164999306202, 1450140.608384 ], [ 8640030.231164999306202, 1450141.802712 ], [ 8640030.828329000622034, 1450141.802712 ], [ 8640030.828329000622034, 1450142.997041 ] ], [ [ 8639963.348765000700951, 1450134.039576 ], [ 8639965.140257999300957, 1450134.039576 ], [ 8639965.140257999300957, 1450133.442412 ], [ 8639965.737422000616789, 1450133.442412 ], [ 8639965.737422000616789, 1450132.845248 ], [ 8639964.54309399984777, 1450132.845248 ], [ 8639964.54309399984777, 1450132.248084 ], [ 8639965.140257999300957, 1450132.248084 ], [ 8639965.140257999300957, 1450131.650919 ], [ 8639965.737422000616789, 1450131.650919 ], [ 8639965.737422000616789, 1450131.053755 ], [ 8639966.931750999763608, 1450131.053755 ], [ 8639966.931750999763608, 1450130.456591 ], [ 8639974.694886999204755, 1450130.456591 ], [ 8639974.694886999204755, 1450131.053755 ], [ 8639975.889215, 1450131.053755 ], [ 8639975.889215, 1450131.650919 ], [ 8639979.472201000899076, 1450131.650919 ], [ 8639979.472201000899076, 1450132.248084 ], [ 8639984.249515000730753, 1450132.248084 ], [ 8639984.249515000730753, 1450131.650919 ], [ 8639985.443843999877572, 1450131.650919 ], [ 8639985.443843999877572, 1450131.053755 ], [ 8639986.041007999330759, 1450131.053755 ], [ 8639986.041007999330759, 1450132.248084 ], [ 8639990.221157999709249, 1450132.248084 ], [ 8639990.221157999709249, 1450132.845248 ], [ 8639991.415487000718713, 1450132.845248 ], [ 8639991.415487000718713, 1450133.442412 ], [ 8639994.998471999540925, 1450133.442412 ], [ 8639994.998471999540925, 1450132.845248 ], [ 8639997.387128999456763, 1450132.845248 ], [ 8639997.387128999456763, 1450131.650919 ], [ 8639997.984293999150395, 1450131.650919 ], [ 8639997.984293999150395, 1450128.665098 ], [ 8639998.581458000466228, 1450128.665098 ], [ 8639998.581458000466228, 1450126.276441 ], [ 8639997.984293999150395, 1450126.276441 ], [ 8639997.984293999150395, 1450125.082112 ], [ 8639997.387128999456763, 1450125.082112 ], [ 8639997.387128999456763, 1450122.693455 ], [ 8639996.789965, 1450122.693455 ], [ 8639996.789965, 1450122.096291 ], [ 8639996.192801000550389, 1450122.096291 ], [ 8639996.192801000550389, 1450121.499127000104636 ], [ 8639995.595636999234557, 1450121.499127000104636 ], [ 8639995.595636999234557, 1450120.304798 ], [ 8639994.998471999540925, 1450120.304798 ], [ 8639994.998471999540925, 1450119.707634000107646 ], [ 8639993.804144000634551, 1450119.707634000107646 ], [ 8639993.804144000634551, 1450120.304798 ], [ 8639992.609814999625087, 1450120.304798 ], [ 8639992.609814999625087, 1450121.499127000104636 ], [ 8639992.0126510001719, 1450121.499127000104636 ], [ 8639992.0126510001719, 1450122.096291 ], [ 8639991.415487000718713, 1450122.096291 ], [ 8639991.415487000718713, 1450123.290619 ], [ 8639990.221157999709249, 1450123.290619 ], [ 8639990.221157999709249, 1450123.887784 ], [ 8639989.623994000256062, 1450123.887784 ], [ 8639989.623994000256062, 1450125.082112 ], [ 8639988.429664999246597, 1450125.082112 ], [ 8639988.429664999246597, 1450125.679277 ], [ 8639987.83250099979341, 1450125.679277 ], [ 8639987.83250099979341, 1450126.276441 ], [ 8639985.443843999877572, 1450126.276441 ], [ 8639985.443843999877572, 1450126.873605 ], [ 8639984.249515000730753, 1450126.873605 ], [ 8639984.249515000730753, 1450126.276441 ], [ 8639981.860858000814915, 1450126.276441 ], [ 8639981.860858000814915, 1450126.873605 ], [ 8639980.069365000352263, 1450126.873605 ], [ 8639980.069365000352263, 1450126.276441 ], [ 8639979.472201000899076, 1450126.276441 ], [ 8639979.472201000899076, 1450125.679277 ], [ 8639975.292051000520587, 1450125.679277 ], [ 8639975.292051000520587, 1450125.082112 ], [ 8639971.709064999595284, 1450125.082112 ], [ 8639971.709064999595284, 1450123.290619 ], [ 8639971.111901000142097, 1450123.290619 ], [ 8639971.111901000142097, 1450122.693455 ], [ 8639970.51473700068891, 1450122.693455 ], [ 8639970.51473700068891, 1450122.096291 ], [ 8639969.917571999132633, 1450122.096291 ], [ 8639969.917571999132633, 1450121.499127000104636 ], [ 8639968.723244000226259, 1450121.499127000104636 ], [ 8639968.723244000226259, 1450120.901962 ], [ 8639968.126080000773072, 1450120.901962 ], [ 8639968.126080000773072, 1450120.304798 ], [ 8639966.931750999763608, 1450120.304798 ], [ 8639966.931750999763608, 1450119.707634000107646 ], [ 8639965.140257999300957, 1450119.707634000107646 ], [ 8639965.140257999300957, 1450119.110469 ], [ 8639962.751600999385118, 1450119.110469 ], [ 8639962.751600999385118, 1450118.513305 ], [ 8639960.36294399946928, 1450118.513305 ], [ 8639960.36294399946928, 1450117.916141000110656 ], [ 8639959.76578, 1450117.916141000110656 ], [ 8639959.76578, 1450117.318977 ], [ 8639959.168615000322461, 1450117.318977 ], [ 8639959.168615000322461, 1450116.721812 ], [ 8639958.571451000869274, 1450116.721812 ], [ 8639958.571451000869274, 1450117.318977 ], [ 8639956.779958000406623, 1450117.318977 ], [ 8639956.779958000406623, 1450118.513305 ], [ 8639956.182793999090791, 1450118.513305 ], [ 8639956.182793999090791, 1450117.916141000110656 ], [ 8639955.585629999637604, 1450117.916141000110656 ], [ 8639955.585629999637604, 1450118.513305 ], [ 8639954.988465, 1450118.513305 ], [ 8639954.988465, 1450119.110469 ], [ 8639954.391301000490785, 1450119.110469 ], [ 8639954.391301000490785, 1450120.304798 ], [ 8639954.988465, 1450120.304798 ], [ 8639954.988465, 1450122.693455 ], [ 8639954.391301000490785, 1450122.693455 ], [ 8639954.391301000490785, 1450125.082112 ], [ 8639954.988465, 1450125.082112 ], [ 8639954.988465, 1450125.679277 ], [ 8639954.391301000490785, 1450125.679277 ], [ 8639954.391301000490785, 1450126.873605 ], [ 8639953.794136999174953, 1450126.873605 ], [ 8639953.794136999174953, 1450127.470769 ], [ 8639953.19697199948132, 1450127.470769 ], [ 8639953.19697199948132, 1450128.067934 ], [ 8639951.405479999259114, 1450128.067934 ], [ 8639951.405479999259114, 1450128.665098 ], [ 8639950.211151000112295, 1450128.665098 ], [ 8639950.211151000112295, 1450129.262262 ], [ 8639949.613987000659108, 1450129.262262 ], [ 8639949.613987000659108, 1450129.859426 ], [ 8639949.016821999102831, 1450129.859426 ], [ 8639949.016821999102831, 1450131.650919 ], [ 8639950.808314999565482, 1450131.650919 ], [ 8639950.808314999565482, 1450132.248084 ], [ 8639956.182793999090791, 1450132.248084 ], [ 8639956.182793999090791, 1450132.845248 ], [ 8639959.168615000322461, 1450132.845248 ], [ 8639959.168615000322461, 1450132.248084 ], [ 8639960.36294399946928, 1450132.248084 ], [ 8639960.36294399946928, 1450132.845248 ], [ 8639963.348765000700951, 1450132.845248 ], [ 8639963.348765000700951, 1450134.039576 ] ], [ [ 8639889.897558, 1450110.750168999889866 ], [ 8639891.091886999085546, 1450110.750168999889866 ], [ 8639891.091886999085546, 1450108.958677 ], [ 8639889.897558, 1450108.958677 ], [ 8639889.897558, 1450110.750168999889866 ] ], [ [ 8639993.206978999078274, 1450108.361512 ], [ 8639993.804144000634551, 1450108.361512 ], [ 8639993.804144000634551, 1450107.764348 ], [ 8639994.998471999540925, 1450107.764348 ], [ 8639994.998471999540925, 1450106.570019 ], [ 8639995.595636999234557, 1450106.570019 ], [ 8639995.595636999234557, 1450105.375691 ], [ 8639996.192801000550389, 1450105.375691 ], [ 8639996.192801000550389, 1450104.181362 ], [ 8639996.789965, 1450104.181362 ], [ 8639996.789965, 1450101.195541 ], [ 8639996.192801000550389, 1450101.195541 ], [ 8639996.192801000550389, 1450100.598377 ], [ 8639996.789965, 1450100.598377 ], [ 8639996.789965, 1450099.404048 ], [ 8639996.192801000550389, 1450099.404048 ], [ 8639996.192801000550389, 1450097.612555 ], [ 8639996.789965, 1450097.612555 ], [ 8639996.789965, 1450097.015391 ], [ 8639996.192801000550389, 1450097.015391 ], [ 8639996.192801000550389, 1450091.640912 ], [ 8639996.789965, 1450091.640912 ], [ 8639996.789965, 1450090.446584 ], [ 8639997.387128999456763, 1450090.446584 ], [ 8639997.387128999456763, 1450089.849419 ], [ 8639997.984293999150395, 1450089.849419 ], [ 8639997.984293999150395, 1450087.460762 ], [ 8639997.387128999456763, 1450087.460762 ], [ 8639997.387128999456763, 1450086.863598 ], [ 8639996.789965, 1450086.863598 ], [ 8639996.789965, 1450086.266434000106528 ], [ 8639996.192801000550389, 1450086.266434000106528 ], [ 8639996.192801000550389, 1450085.66927 ], [ 8639995.595636999234557, 1450085.66927 ], [ 8639995.595636999234557, 1450085.072105 ], [ 8639994.998471999540925, 1450085.072105 ], [ 8639994.998471999540925, 1450084.474941000109538 ], [ 8639994.401308, 1450084.474941000109538 ], [ 8639994.401308, 1450082.683448000112548 ], [ 8639993.804144000634551, 1450082.683448000112548 ], [ 8639993.804144000634551, 1450080.294791 ], [ 8639993.206978999078274, 1450080.294791 ], [ 8639993.206978999078274, 1450079.100461999885738 ], [ 8639992.609814999625087, 1450079.100461999885738 ], [ 8639992.609814999625087, 1450077.308969999896362 ], [ 8639992.0126510001719, 1450077.308969999896362 ], [ 8639992.0126510001719, 1450074.920312 ], [ 8639992.609814999625087, 1450074.920312 ], [ 8639992.609814999625087, 1450073.12882 ], [ 8639993.206978999078274, 1450073.12882 ], [ 8639993.206978999078274, 1450070.740162 ], [ 8639992.609814999625087, 1450070.740162 ], [ 8639992.609814999625087, 1450068.94867 ], [ 8639993.804144000634551, 1450068.94867 ], [ 8639993.804144000634551, 1450068.351505 ], [ 8639994.998471999540925, 1450068.351505 ], [ 8639994.998471999540925, 1450067.754341 ], [ 8639995.595636999234557, 1450067.754341 ], [ 8639995.595636999234557, 1450067.157177 ], [ 8639996.789965, 1450067.157177 ], [ 8639996.789965, 1450065.962848 ], [ 8639997.387128999456763, 1450065.962848 ], [ 8639997.387128999456763, 1450065.365684 ], [ 8639997.984293999150395, 1450065.365684 ], [ 8639997.984293999150395, 1450062.977027 ], [ 8639996.789965, 1450062.977027 ], [ 8639996.789965, 1450061.782698 ], [ 8639996.192801000550389, 1450061.782698 ], [ 8639996.192801000550389, 1450061.185534 ], [ 8639995.595636999234557, 1450061.185534 ], [ 8639995.595636999234557, 1450060.58837 ], [ 8639994.998471999540925, 1450060.58837 ], [ 8639994.998471999540925, 1450059.991205 ], [ 8639994.401308, 1450059.991205 ], [ 8639994.401308, 1450059.394041 ], [ 8639993.804144000634551, 1450059.394041 ], [ 8639993.804144000634551, 1450058.796877 ], [ 8639993.206978999078274, 1450058.796877 ], [ 8639993.206978999078274, 1450058.199712 ], [ 8639992.609814999625087, 1450058.199712 ], [ 8639992.609814999625087, 1450057.005384 ], [ 8639992.0126510001719, 1450057.005384 ], [ 8639992.0126510001719, 1450055.811055 ], [ 8639991.415487000718713, 1450055.811055 ], [ 8639991.415487000718713, 1450055.213891 ], [ 8639990.818321999162436, 1450055.213891 ], [ 8639990.818321999162436, 1450052.825234000105411 ], [ 8639989.623994000256062, 1450052.825234000105411 ], [ 8639989.623994000256062, 1450052.22807 ], [ 8639987.83250099979341, 1450052.22807 ], [ 8639987.83250099979341, 1450052.825234000105411 ], [ 8639986.638172000646591, 1450052.825234000105411 ], [ 8639986.638172000646591, 1450054.019562 ], [ 8639986.041007999330759, 1450054.019562 ], [ 8639986.041007999330759, 1450054.616727000102401 ], [ 8639985.443843999877572, 1450054.616727000102401 ], [ 8639985.443843999877572, 1450055.213891 ], [ 8639984.249515000730753, 1450055.213891 ], [ 8639984.249515000730753, 1450057.602548 ], [ 8639983.652350999414921, 1450057.602548 ], [ 8639983.652350999414921, 1450059.394041 ], [ 8639984.249515000730753, 1450059.394041 ], [ 8639984.249515000730753, 1450061.185534 ], [ 8639984.84667900018394, 1450061.185534 ], [ 8639984.84667900018394, 1450062.379862 ], [ 8639985.443843999877572, 1450062.379862 ], [ 8639985.443843999877572, 1450062.977027 ], [ 8639986.041007999330759, 1450062.977027 ], [ 8639986.041007999330759, 1450063.574191 ], [ 8639986.638172000646591, 1450063.574191 ], [ 8639986.638172000646591, 1450064.76852 ], [ 8639987.235337000340223, 1450064.76852 ], [ 8639987.235337000340223, 1450065.365684 ], [ 8639987.83250099979341, 1450065.365684 ], [ 8639987.83250099979341, 1450065.962848 ], [ 8639988.429664999246597, 1450065.962848 ], [ 8639988.429664999246597, 1450067.157177 ], [ 8639989.026829000562429, 1450067.157177 ], [ 8639989.026829000562429, 1450068.351505 ], [ 8639989.623994000256062, 1450068.351505 ], [ 8639989.623994000256062, 1450069.545834 ], [ 8639990.221157999709249, 1450069.545834 ], [ 8639990.221157999709249, 1450073.12882 ], [ 8639990.818321999162436, 1450073.12882 ], [ 8639990.818321999162436, 1450073.725984 ], [ 8639990.221157999709249, 1450073.725984 ], [ 8639990.221157999709249, 1450074.323148 ], [ 8639989.623994000256062, 1450074.323148 ], [ 8639989.623994000256062, 1450075.517476999899372 ], [ 8639990.221157999709249, 1450075.517476999899372 ], [ 8639990.221157999709249, 1450076.711805 ], [ 8639989.623994000256062, 1450076.711805 ], [ 8639989.623994000256062, 1450078.503298 ], [ 8639989.026829000562429, 1450078.503298 ], [ 8639989.026829000562429, 1450079.697627 ], [ 8639988.429664999246597, 1450079.697627 ], [ 8639988.429664999246597, 1450080.294791 ], [ 8639989.026829000562429, 1450080.294791 ], [ 8639989.026829000562429, 1450080.891955000115559 ], [ 8639988.429664999246597, 1450080.891955000115559 ], [ 8639988.429664999246597, 1450082.086284 ], [ 8639989.026829000562429, 1450082.086284 ], [ 8639989.026829000562429, 1450090.446584 ], [ 8639989.623994000256062, 1450090.446584 ], [ 8639989.623994000256062, 1450091.043748 ], [ 8639989.026829000562429, 1450091.043748 ], [ 8639989.026829000562429, 1450095.821062 ], [ 8639989.623994000256062, 1450095.821062 ], [ 8639989.623994000256062, 1450097.015391 ], [ 8639990.221157999709249, 1450097.015391 ], [ 8639990.221157999709249, 1450098.209719 ], [ 8639990.818321999162436, 1450098.209719 ], [ 8639990.818321999162436, 1450100.598377 ], [ 8639990.221157999709249, 1450100.598377 ], [ 8639990.221157999709249, 1450102.389869 ], [ 8639990.818321999162436, 1450102.389869 ], [ 8639990.818321999162436, 1450103.584198 ], [ 8639991.415487000718713, 1450103.584198 ], [ 8639991.415487000718713, 1450105.972855 ], [ 8639992.0126510001719, 1450105.972855 ], [ 8639992.0126510001719, 1450107.167184 ], [ 8639993.206978999078274, 1450107.167184 ], [ 8639993.206978999078274, 1450108.361512 ] ], [ [ 8639889.897558, 1450106.570019 ], [ 8639891.091886999085546, 1450106.570019 ], [ 8639891.091886999085546, 1450105.375691 ], [ 8639890.494722999632359, 1450105.375691 ], [ 8639890.494722999632359, 1450105.972855 ], [ 8639889.897558, 1450105.972855 ], [ 8639889.897558, 1450106.570019 ] ], [ [ 8639848.096059000119567, 1450105.972855 ], [ 8639849.290387000888586, 1450105.972855 ], [ 8639849.290387000888586, 1450104.778527 ], [ 8639848.096059000119567, 1450104.778527 ], [ 8639848.096059000119567, 1450105.972855 ] ], [ [ 8639925.130250999704003, 1450103.584198 ], [ 8639926.324580000713468, 1450103.584198 ], [ 8639926.324580000713468, 1450100.598377 ], [ 8639926.921744000166655, 1450100.598377 ], [ 8639926.921744000166655, 1450100.001212 ], [ 8639927.518907999619842, 1450100.001212 ], [ 8639927.518907999619842, 1450098.806884 ], [ 8639928.116072999313474, 1450098.806884 ], [ 8639928.116072999313474, 1450097.015391 ], [ 8639927.518907999619842, 1450097.015391 ], [ 8639927.518907999619842, 1450095.223898 ], [ 8639928.713237000629306, 1450095.223898 ], [ 8639928.713237000629306, 1450092.238077 ], [ 8639929.310401, 1450092.238077 ], [ 8639929.310401, 1450090.446584 ], [ 8639929.90756499953568, 1450090.446584 ], [ 8639929.90756499953568, 1450086.863598 ], [ 8639931.101894000545144, 1450086.863598 ], [ 8639931.101894000545144, 1450086.266434000106528 ], [ 8639929.90756499953568, 1450086.266434000106528 ], [ 8639929.90756499953568, 1450085.66927 ], [ 8639929.310401, 1450085.66927 ], [ 8639929.310401, 1450085.072105 ], [ 8639928.713237000629306, 1450085.072105 ], [ 8639928.713237000629306, 1450082.086284 ], [ 8639928.116072999313474, 1450082.086284 ], [ 8639928.116072999313474, 1450077.308969999896362 ], [ 8639927.518907999619842, 1450077.308969999896362 ], [ 8639927.518907999619842, 1450073.725984 ], [ 8639926.921744000166655, 1450073.725984 ], [ 8639926.921744000166655, 1450071.934491 ], [ 8639926.324580000713468, 1450071.934491 ], [ 8639926.324580000713468, 1450068.351505 ], [ 8639925.72741499915719, 1450068.351505 ], [ 8639925.72741499915719, 1450067.754341 ], [ 8639926.324580000713468, 1450067.754341 ], [ 8639926.324580000713468, 1450065.365684 ], [ 8639925.72741499915719, 1450065.365684 ], [ 8639925.72741499915719, 1450062.379862 ], [ 8639925.130250999704003, 1450062.379862 ], [ 8639925.130250999704003, 1450057.602548 ], [ 8639925.72741499915719, 1450057.602548 ], [ 8639925.72741499915719, 1450055.811055 ], [ 8639925.130250999704003, 1450055.811055 ], [ 8639925.130250999704003, 1450055.213891 ], [ 8639924.533087000250816, 1450055.213891 ], [ 8639924.533087000250816, 1450054.019562 ], [ 8639923.935923000797629, 1450054.019562 ], [ 8639923.935923000797629, 1450052.22807 ], [ 8639924.533087000250816, 1450052.22807 ], [ 8639924.533087000250816, 1450051.630905 ], [ 8639923.935923000797629, 1450051.630905 ], [ 8639923.935923000797629, 1450049.839413 ], [ 8639923.338757999241352, 1450049.839413 ], [ 8639923.338757999241352, 1450047.450755000114441 ], [ 8639923.935923000797629, 1450047.450755000114441 ], [ 8639923.935923000797629, 1450046.256427 ], [ 8639923.338757999241352, 1450046.256427 ], [ 8639923.338757999241352, 1450045.659262999892235 ], [ 8639922.741593999788165, 1450045.659262999892235 ], [ 8639922.741593999788165, 1450045.062098 ], [ 8639922.144430000334978, 1450045.062098 ], [ 8639922.144430000334978, 1450044.464934 ], [ 8639920.950100999325514, 1450044.464934 ], [ 8639920.950100999325514, 1450045.659262999892235 ], [ 8639920.352936999872327, 1450045.659262999892235 ], [ 8639920.352936999872327, 1450046.256427 ], [ 8639919.75577300041914, 1450046.256427 ], [ 8639919.75577300041914, 1450046.853591 ], [ 8639919.158608000725508, 1450046.853591 ], [ 8639919.158608000725508, 1450050.436577 ], [ 8639918.561443999409676, 1450050.436577 ], [ 8639918.561443999409676, 1450052.825234000105411 ], [ 8639917.96428, 1450052.825234000105411 ], [ 8639917.96428, 1450055.213891 ], [ 8639918.561443999409676, 1450055.213891 ], [ 8639918.561443999409676, 1450059.991205 ], [ 8639917.96428, 1450059.991205 ], [ 8639917.96428, 1450063.574191 ], [ 8639918.561443999409676, 1450063.574191 ], [ 8639918.561443999409676, 1450064.76852 ], [ 8639919.158608000725508, 1450064.76852 ], [ 8639919.158608000725508, 1450070.740162 ], [ 8639920.352936999872327, 1450070.740162 ], [ 8639920.352936999872327, 1450071.934491 ], [ 8639920.950100999325514, 1450071.934491 ], [ 8639920.950100999325514, 1450073.725984 ], [ 8639921.547265000641346, 1450073.725984 ], [ 8639921.547265000641346, 1450075.517476999899372 ], [ 8639920.950100999325514, 1450075.517476999899372 ], [ 8639920.950100999325514, 1450080.294791 ], [ 8639920.352936999872327, 1450080.294791 ], [ 8639920.352936999872327, 1450080.891955000115559 ], [ 8639920.950100999325514, 1450080.891955000115559 ], [ 8639920.950100999325514, 1450082.086284 ], [ 8639920.352936999872327, 1450082.086284 ], [ 8639920.352936999872327, 1450085.072105 ], [ 8639919.75577300041914, 1450085.072105 ], [ 8639919.75577300041914, 1450086.863598 ], [ 8639919.158608000725508, 1450086.863598 ], [ 8639919.158608000725508, 1450089.252255 ], [ 8639918.561443999409676, 1450089.252255 ], [ 8639918.561443999409676, 1450089.849419 ], [ 8639917.96428, 1450089.849419 ], [ 8639917.96428, 1450090.446584 ], [ 8639916.769951000809669, 1450090.446584 ], [ 8639916.769951000809669, 1450091.043748 ], [ 8639916.172786999493837, 1450091.043748 ], [ 8639916.172786999493837, 1450091.640912 ], [ 8639915.575623, 1450091.640912 ], [ 8639915.575623, 1450093.432405 ], [ 8639916.172786999493837, 1450093.432405 ], [ 8639916.172786999493837, 1450094.029569 ], [ 8639916.769951000809669, 1450094.029569 ], [ 8639916.769951000809669, 1450094.626734 ], [ 8639917.96428, 1450094.626734 ], [ 8639917.96428, 1450094.029569 ], [ 8639919.158608000725508, 1450094.029569 ], [ 8639919.158608000725508, 1450095.223898 ], [ 8639919.75577300041914, 1450095.223898 ], [ 8639919.75577300041914, 1450095.821062 ], [ 8639920.352936999872327, 1450095.821062 ], [ 8639920.352936999872327, 1450096.418227 ], [ 8639921.547265000641346, 1450096.418227 ], [ 8639921.547265000641346, 1450097.015391 ], [ 8639922.144430000334978, 1450097.015391 ], [ 8639922.144430000334978, 1450097.612555 ], [ 8639923.935923000797629, 1450097.612555 ], [ 8639923.935923000797629, 1450098.806884 ], [ 8639923.338757999241352, 1450098.806884 ], [ 8639923.338757999241352, 1450099.404048 ], [ 8639923.935923000797629, 1450099.404048 ], [ 8639923.935923000797629, 1450101.195541 ], [ 8639924.533087000250816, 1450101.195541 ], [ 8639924.533087000250816, 1450102.389869 ], [ 8639925.130250999704003, 1450102.389869 ], [ 8639925.130250999704003, 1450103.584198 ] ], [ [ 8639954.988465, 1450102.987034 ], [ 8639955.585629999637604, 1450102.987034 ], [ 8639955.585629999637604, 1450102.389869 ], [ 8639954.988465, 1450102.389869 ], [ 8639954.988465, 1450102.987034 ] ], [ [ 8639955.585629999637604, 1450101.195541 ], [ 8639956.182793999090791, 1450101.195541 ], [ 8639956.182793999090791, 1450100.598377 ], [ 8639956.779958000406623, 1450100.598377 ], [ 8639956.779958000406623, 1450100.001212 ], [ 8639957.37712199985981, 1450100.001212 ], [ 8639957.37712199985981, 1450100.598377 ], [ 8639957.974286999553442, 1450100.598377 ], [ 8639957.974286999553442, 1450100.001212 ], [ 8639958.571451000869274, 1450100.001212 ], [ 8639958.571451000869274, 1450098.806884 ], [ 8639957.974286999553442, 1450098.806884 ], [ 8639957.974286999553442, 1450098.209719 ], [ 8639957.37712199985981, 1450098.209719 ], [ 8639957.37712199985981, 1450097.015391 ], [ 8639955.585629999637604, 1450097.015391 ], [ 8639955.585629999637604, 1450097.612555 ], [ 8639954.988465, 1450097.612555 ], [ 8639954.988465, 1450098.209719 ], [ 8639954.391301000490785, 1450098.209719 ], [ 8639954.391301000490785, 1450098.806884 ], [ 8639954.988465, 1450098.806884 ], [ 8639954.988465, 1450100.001212 ], [ 8639955.585629999637604, 1450100.001212 ], [ 8639955.585629999637604, 1450101.195541 ] ], [ [ 8639886.911737000569701, 1450089.252255 ], [ 8639888.10606599971652, 1450089.252255 ], [ 8639888.10606599971652, 1450088.655091 ], [ 8639889.897558, 1450088.655091 ], [ 8639889.897558, 1450088.057927000103518 ], [ 8639890.494722999632359, 1450088.057927000103518 ], [ 8639890.494722999632359, 1450087.460762 ], [ 8639891.091886999085546, 1450087.460762 ], [ 8639891.091886999085546, 1450085.66927 ], [ 8639892.286216, 1450085.66927 ], [ 8639892.286216, 1450085.072105 ], [ 8639892.883379999548197, 1450085.072105 ], [ 8639892.883379999548197, 1450079.100461999885738 ], [ 8639892.286216, 1450079.100461999885738 ], [ 8639892.286216, 1450077.308969999896362 ], [ 8639891.689051000401378, 1450077.308969999896362 ], [ 8639891.689051000401378, 1450076.114641 ], [ 8639891.091886999085546, 1450076.114641 ], [ 8639891.091886999085546, 1450074.920312 ], [ 8639890.494722999632359, 1450074.920312 ], [ 8639890.494722999632359, 1450072.531655 ], [ 8639891.091886999085546, 1450072.531655 ], [ 8639891.091886999085546, 1450071.337327 ], [ 8639891.689051000401378, 1450071.337327 ], [ 8639891.689051000401378, 1450070.740162 ], [ 8639890.494722999632359, 1450070.740162 ], [ 8639890.494722999632359, 1450071.337327 ], [ 8639889.300394000485539, 1450071.337327 ], [ 8639889.300394000485539, 1450070.740162 ], [ 8639888.10606599971652, 1450070.740162 ], [ 8639888.10606599971652, 1450069.545834 ], [ 8639887.508901, 1450069.545834 ], [ 8639887.508901, 1450067.754341 ], [ 8639888.703229999169707, 1450067.754341 ], [ 8639888.703229999169707, 1450067.157177 ], [ 8639889.300394000485539, 1450067.157177 ], [ 8639889.300394000485539, 1450065.365684 ], [ 8639888.703229999169707, 1450065.365684 ], [ 8639888.703229999169707, 1450064.171355 ], [ 8639888.10606599971652, 1450064.171355 ], [ 8639888.10606599971652, 1450063.574191 ], [ 8639887.508901, 1450063.574191 ], [ 8639887.508901, 1450061.782698 ], [ 8639888.10606599971652, 1450061.782698 ], [ 8639888.10606599971652, 1450061.185534 ], [ 8639887.508901, 1450061.185534 ], [ 8639887.508901, 1450059.991205 ], [ 8639888.10606599971652, 1450059.991205 ], [ 8639888.10606599971652, 1450057.005384 ], [ 8639887.508901, 1450057.005384 ], [ 8639887.508901, 1450051.630905 ], [ 8639886.911737000569701, 1450051.630905 ], [ 8639886.911737000569701, 1450049.839413 ], [ 8639886.314572999253869, 1450049.839413 ], [ 8639886.314572999253869, 1450046.256427 ], [ 8639886.911737000569701, 1450046.256427 ], [ 8639886.911737000569701, 1450042.673441 ], [ 8639887.508901, 1450042.673441 ], [ 8639887.508901, 1450041.479113 ], [ 8639888.703229999169707, 1450041.479113 ], [ 8639888.703229999169707, 1450040.284784 ], [ 8639888.10606599971652, 1450040.284784 ], [ 8639888.10606599971652, 1450037.298963 ], [ 8639888.703229999169707, 1450037.298963 ], [ 8639888.703229999169707, 1450033.118813 ], [ 8639889.300394000485539, 1450033.118813 ], [ 8639889.300394000485539, 1450028.938663 ], [ 8639888.703229999169707, 1450028.938663 ], [ 8639888.703229999169707, 1450027.14717 ], [ 8639888.10606599971652, 1450027.14717 ], [ 8639888.10606599971652, 1450026.550005 ], [ 8639887.508901, 1450026.550005 ], [ 8639887.508901, 1450024.758513 ], [ 8639886.911737000569701, 1450024.758513 ], [ 8639886.911737000569701, 1450024.161348 ], [ 8639886.314572999253869, 1450024.161348 ], [ 8639886.314572999253869, 1450022.96702 ], [ 8639885.717407999560237, 1450022.96702 ], [ 8639885.717407999560237, 1450021.175527000101283 ], [ 8639885.12024400010705, 1450021.175527000101283 ], [ 8639885.12024400010705, 1450016.398213 ], [ 8639885.717407999560237, 1450016.398213 ], [ 8639885.717407999560237, 1450015.801048000110313 ], [ 8639884.523080000653863, 1450015.801048000110313 ], [ 8639884.523080000653863, 1450014.009555000113323 ], [ 8639883.925915999338031, 1450014.009555000113323 ], [ 8639883.925915999338031, 1450013.412391 ], [ 8639884.523080000653863, 1450013.412391 ], [ 8639884.523080000653863, 1450012.815227 ], [ 8639885.717407999560237, 1450012.815227 ], [ 8639885.717407999560237, 1450012.218062999891117 ], [ 8639880.342930000275373, 1450012.218062999891117 ], [ 8639880.342930000275373, 1450014.009555000113323 ], [ 8639879.745766000822186, 1450014.009555000113323 ], [ 8639879.745766000822186, 1450015.801048000110313 ], [ 8639880.94009399972856, 1450015.801048000110313 ], [ 8639880.94009399972856, 1450016.398213 ], [ 8639883.328750999644399, 1450016.398213 ], [ 8639883.328750999644399, 1450016.995377 ], [ 8639882.731587000191212, 1450016.995377 ], [ 8639882.731587000191212, 1450018.189705 ], [ 8639882.134423000738025, 1450018.189705 ], [ 8639882.134423000738025, 1450019.384034000104293 ], [ 8639881.537257999181747, 1450019.384034000104293 ], [ 8639881.537257999181747, 1450023.564184 ], [ 8639880.94009399972856, 1450023.564184 ], [ 8639880.94009399972856, 1450024.161348 ], [ 8639881.537257999181747, 1450024.161348 ], [ 8639881.537257999181747, 1450025.952841 ], [ 8639882.134423000738025, 1450025.952841 ], [ 8639882.134423000738025, 1450028.341498 ], [ 8639881.537257999181747, 1450028.341498 ], [ 8639881.537257999181747, 1450028.938663 ], [ 8639880.94009399972856, 1450028.938663 ], [ 8639880.94009399972856, 1450043.867769999895245 ], [ 8639880.342930000275373, 1450043.867769999895245 ], [ 8639880.342930000275373, 1450046.256427 ], [ 8639879.745766000822186, 1450046.256427 ], [ 8639879.745766000822186, 1450046.853591 ], [ 8639879.148600999265909, 1450046.853591 ], [ 8639879.148600999265909, 1450048.04792 ], [ 8639878.551436999812722, 1450048.04792 ], [ 8639878.551436999812722, 1450051.033741000108421 ], [ 8639879.148600999265909, 1450051.033741000108421 ], [ 8639879.148600999265909, 1450054.019562 ], [ 8639882.134423000738025, 1450054.019562 ], [ 8639882.134423000738025, 1450055.811055 ], [ 8639881.537257999181747, 1450055.811055 ], [ 8639881.537257999181747, 1450056.40822 ], [ 8639880.94009399972856, 1450056.40822 ], [ 8639880.94009399972856, 1450057.005384 ], [ 8639879.745766000822186, 1450057.005384 ], [ 8639879.745766000822186, 1450061.185534 ], [ 8639880.342930000275373, 1450061.185534 ], [ 8639880.342930000275373, 1450063.574191 ], [ 8639879.745766000822186, 1450063.574191 ], [ 8639879.745766000822186, 1450064.171355 ], [ 8639880.342930000275373, 1450064.171355 ], [ 8639880.342930000275373, 1450065.962848 ], [ 8639880.94009399972856, 1450065.962848 ], [ 8639880.94009399972856, 1450066.560012 ], [ 8639881.537257999181747, 1450066.560012 ], [ 8639881.537257999181747, 1450067.157177 ], [ 8639880.94009399972856, 1450067.157177 ], [ 8639880.94009399972856, 1450067.754341 ], [ 8639880.342930000275373, 1450067.754341 ], [ 8639880.342930000275373, 1450068.94867 ], [ 8639879.745766000822186, 1450068.94867 ], [ 8639879.745766000822186, 1450069.545834 ], [ 8639880.342930000275373, 1450069.545834 ], [ 8639880.342930000275373, 1450070.740162 ], [ 8639880.94009399972856, 1450070.740162 ], [ 8639880.94009399972856, 1450071.337327 ], [ 8639882.134423000738025, 1450071.337327 ], [ 8639882.134423000738025, 1450072.531655 ], [ 8639882.731587000191212, 1450072.531655 ], [ 8639882.731587000191212, 1450073.12882 ], [ 8639883.328750999644399, 1450073.12882 ], [ 8639883.328750999644399, 1450074.920312 ], [ 8639884.523080000653863, 1450074.920312 ], [ 8639884.523080000653863, 1450077.906134 ], [ 8639883.328750999644399, 1450077.906134 ], [ 8639883.328750999644399, 1450078.503298 ], [ 8639882.134423000738025, 1450078.503298 ], [ 8639882.134423000738025, 1450079.100461999885738 ], [ 8639881.537257999181747, 1450079.100461999885738 ], [ 8639881.537257999181747, 1450080.891955000115559 ], [ 8639880.94009399972856, 1450080.891955000115559 ], [ 8639880.94009399972856, 1450082.086284 ], [ 8639879.148600999265909, 1450082.086284 ], [ 8639879.148600999265909, 1450083.280612 ], [ 8639879.745766000822186, 1450083.280612 ], [ 8639879.745766000822186, 1450085.66927 ], [ 8639883.328750999644399, 1450085.66927 ], [ 8639883.328750999644399, 1450086.266434000106528 ], [ 8639883.925915999338031, 1450086.266434000106528 ], [ 8639883.925915999338031, 1450086.863598 ], [ 8639884.523080000653863, 1450086.863598 ], [ 8639884.523080000653863, 1450087.460762 ], [ 8639885.12024400010705, 1450087.460762 ], [ 8639885.12024400010705, 1450088.057927000103518 ], [ 8639885.717407999560237, 1450088.057927000103518 ], [ 8639885.717407999560237, 1450088.655091 ], [ 8639886.911737000569701, 1450088.655091 ], [ 8639886.911737000569701, 1450089.252255 ] ], [ [ 8639956.182793999090791, 1450076.114641 ], [ 8639957.37712199985981, 1450076.114641 ], [ 8639957.37712199985981, 1450075.517476999899372 ], [ 8639957.974286999553442, 1450075.517476999899372 ], [ 8639957.974286999553442, 1450073.725984 ], [ 8639958.571451000869274, 1450073.725984 ], [ 8639958.571451000869274, 1450072.531655 ], [ 8639959.168615000322461, 1450072.531655 ], [ 8639959.168615000322461, 1450071.934491 ], [ 8639959.76578, 1450071.934491 ], [ 8639959.76578, 1450070.142998 ], [ 8639960.36294399946928, 1450070.142998 ], [ 8639960.36294399946928, 1450069.545834 ], [ 8639959.76578, 1450069.545834 ], [ 8639959.76578, 1450068.351505 ], [ 8639959.168615000322461, 1450068.351505 ], [ 8639959.168615000322461, 1450067.157177 ], [ 8639958.571451000869274, 1450067.157177 ], [ 8639958.571451000869274, 1450066.560012 ], [ 8639957.974286999553442, 1450066.560012 ], [ 8639957.974286999553442, 1450065.962848 ], [ 8639957.37712199985981, 1450065.962848 ], [ 8639957.37712199985981, 1450064.76852 ], [ 8639956.779958000406623, 1450064.76852 ], [ 8639956.779958000406623, 1450063.574191 ], [ 8639956.182793999090791, 1450063.574191 ], [ 8639956.182793999090791, 1450062.977027 ], [ 8639956.779958000406623, 1450062.977027 ], [ 8639956.779958000406623, 1450061.782698 ], [ 8639956.182793999090791, 1450061.782698 ], [ 8639956.182793999090791, 1450061.185534 ], [ 8639956.779958000406623, 1450061.185534 ], [ 8639956.779958000406623, 1450059.991205 ], [ 8639956.182793999090791, 1450059.991205 ], [ 8639956.182793999090791, 1450057.602548 ], [ 8639956.779958000406623, 1450057.602548 ], [ 8639956.779958000406623, 1450055.811055 ], [ 8639957.37712199985981, 1450055.811055 ], [ 8639957.37712199985981, 1450054.616727000102401 ], [ 8639956.779958000406623, 1450054.616727000102401 ], [ 8639956.779958000406623, 1450054.019562 ], [ 8639957.37712199985981, 1450054.019562 ], [ 8639957.37712199985981, 1450053.422398 ], [ 8639956.779958000406623, 1450053.422398 ], [ 8639956.779958000406623, 1450052.22807 ], [ 8639957.37712199985981, 1450052.22807 ], [ 8639957.37712199985981, 1450050.436577 ], [ 8639956.779958000406623, 1450050.436577 ], [ 8639956.779958000406623, 1450049.839413 ], [ 8639956.182793999090791, 1450049.839413 ], [ 8639956.182793999090791, 1450049.242248000111431 ], [ 8639955.585629999637604, 1450049.242248000111431 ], [ 8639955.585629999637604, 1450049.839413 ], [ 8639954.391301000490785, 1450049.839413 ], [ 8639954.391301000490785, 1450054.019562 ], [ 8639953.794136999174953, 1450054.019562 ], [ 8639953.794136999174953, 1450055.811055 ], [ 8639954.391301000490785, 1450055.811055 ], [ 8639954.391301000490785, 1450057.005384 ], [ 8639954.988465, 1450057.005384 ], [ 8639954.988465, 1450059.991205 ], [ 8639954.391301000490785, 1450059.991205 ], [ 8639954.391301000490785, 1450064.76852 ], [ 8639953.794136999174953, 1450064.76852 ], [ 8639953.794136999174953, 1450066.560012 ], [ 8639953.19697199948132, 1450066.560012 ], [ 8639953.19697199948132, 1450068.351505 ], [ 8639952.599808, 1450068.351505 ], [ 8639952.599808, 1450071.934491 ], [ 8639953.19697199948132, 1450071.934491 ], [ 8639953.19697199948132, 1450072.531655 ], [ 8639953.794136999174953, 1450072.531655 ], [ 8639953.794136999174953, 1450073.12882 ], [ 8639954.391301000490785, 1450073.12882 ], [ 8639954.391301000490785, 1450074.323148 ], [ 8639954.988465, 1450074.323148 ], [ 8639954.988465, 1450075.517476999899372 ], [ 8639956.182793999090791, 1450075.517476999899372 ], [ 8639956.182793999090791, 1450076.114641 ] ], [ [ 8639988.429664999246597, 1450046.853591 ], [ 8639989.026829000562429, 1450046.853591 ], [ 8639989.026829000562429, 1450046.256427 ], [ 8639988.429664999246597, 1450046.256427 ], [ 8639988.429664999246597, 1450046.853591 ] ], [ [ 8639989.623994000256062, 1450046.256427 ], [ 8639990.221157999709249, 1450046.256427 ], [ 8639990.221157999709249, 1450045.062098 ], [ 8639989.623994000256062, 1450045.062098 ], [ 8639989.623994000256062, 1450044.464934 ], [ 8639990.221157999709249, 1450044.464934 ], [ 8639990.221157999709249, 1450043.867769999895245 ], [ 8639990.818321999162436, 1450043.867769999895245 ], [ 8639990.818321999162436, 1450043.270605 ], [ 8639991.415487000718713, 1450043.270605 ], [ 8639991.415487000718713, 1450042.673441 ], [ 8639992.0126510001719, 1450042.673441 ], [ 8639992.0126510001719, 1450041.479113 ], [ 8639992.609814999625087, 1450041.479113 ], [ 8639992.609814999625087, 1450040.881948 ], [ 8639993.206978999078274, 1450040.881948 ], [ 8639993.206978999078274, 1450040.284784 ], [ 8639990.818321999162436, 1450040.284784 ], [ 8639990.818321999162436, 1450039.68762 ], [ 8639989.026829000562429, 1450039.68762 ], [ 8639989.026829000562429, 1450038.493291 ], [ 8639988.429664999246597, 1450038.493291 ], [ 8639988.429664999246597, 1450037.896127 ], [ 8639987.235337000340223, 1450037.896127 ], [ 8639987.235337000340223, 1450038.493291 ], [ 8639986.638172000646591, 1450038.493291 ], [ 8639986.638172000646591, 1450039.090455 ], [ 8639986.041007999330759, 1450039.090455 ], [ 8639986.041007999330759, 1450040.284784 ], [ 8639986.638172000646591, 1450040.284784 ], [ 8639986.638172000646591, 1450040.881948 ], [ 8639987.235337000340223, 1450040.881948 ], [ 8639987.235337000340223, 1450041.479113 ], [ 8639986.638172000646591, 1450041.479113 ], [ 8639986.638172000646591, 1450042.076276999898255 ], [ 8639987.235337000340223, 1450042.076276999898255 ], [ 8639987.235337000340223, 1450043.270605 ], [ 8639988.429664999246597, 1450043.270605 ], [ 8639988.429664999246597, 1450043.867769999895245 ], [ 8639989.026829000562429, 1450043.867769999895245 ], [ 8639989.026829000562429, 1450045.659262999892235 ], [ 8639989.623994000256062, 1450045.659262999892235 ], [ 8639989.623994000256062, 1450046.256427 ] ], [ [ 8639986.638172000646591, 1450045.659262999892235 ], [ 8639987.83250099979341, 1450045.659262999892235 ], [ 8639987.83250099979341, 1450045.062098 ], [ 8639987.235337000340223, 1450045.062098 ], [ 8639987.235337000340223, 1450044.464934 ], [ 8639986.638172000646591, 1450044.464934 ], [ 8639986.638172000646591, 1450045.659262999892235 ] ], [ [ 8639986.041007999330759, 1450044.464934 ], [ 8639986.638172000646591, 1450044.464934 ], [ 8639986.638172000646591, 1450043.867769999895245 ], [ 8639986.041007999330759, 1450043.867769999895245 ], [ 8639986.041007999330759, 1450044.464934 ] ], [ [ 8640012.316237000748515, 1450043.270605 ], [ 8640012.913401000201702, 1450043.270605 ], [ 8640012.913401000201702, 1450042.673441 ], [ 8640012.316237000748515, 1450042.673441 ], [ 8640012.316237000748515, 1450043.270605 ] ], [ [ 8639987.83250099979341, 1450036.104634 ], [ 8639989.026829000562429, 1450036.104634 ], [ 8639989.026829000562429, 1450034.910305 ], [ 8639989.623994000256062, 1450034.910305 ], [ 8639989.623994000256062, 1450034.313141 ], [ 8639989.026829000562429, 1450034.313141 ], [ 8639989.026829000562429, 1450033.715977 ], [ 8639989.623994000256062, 1450033.715977 ], [ 8639989.623994000256062, 1450033.118813 ], [ 8639990.221157999709249, 1450033.118813 ], [ 8639990.221157999709249, 1450032.521648 ], [ 8639989.026829000562429, 1450032.521648 ], [ 8639989.026829000562429, 1450030.730155 ], [ 8639988.429664999246597, 1450030.730155 ], [ 8639988.429664999246597, 1450029.535827 ], [ 8639987.83250099979341, 1450029.535827 ], [ 8639987.83250099979341, 1450028.341498 ], [ 8639987.235337000340223, 1450028.341498 ], [ 8639987.235337000340223, 1450027.14717 ], [ 8639988.429664999246597, 1450027.14717 ], [ 8639988.429664999246597, 1450025.952841 ], [ 8639989.026829000562429, 1450025.952841 ], [ 8639989.026829000562429, 1450025.355677 ], [ 8639989.623994000256062, 1450025.355677 ], [ 8639989.623994000256062, 1450024.161348 ], [ 8639989.026829000562429, 1450024.161348 ], [ 8639989.026829000562429, 1450022.96702 ], [ 8639988.429664999246597, 1450022.96702 ], [ 8639988.429664999246597, 1450021.772691 ], [ 8639987.83250099979341, 1450021.772691 ], [ 8639987.83250099979341, 1450020.578363 ], [ 8639987.235337000340223, 1450020.578363 ], [ 8639987.235337000340223, 1450019.981198 ], [ 8639986.638172000646591, 1450019.981198 ], [ 8639986.638172000646591, 1450019.384034000104293 ], [ 8639986.041007999330759, 1450019.384034000104293 ], [ 8639986.041007999330759, 1450018.78687 ], [ 8639985.443843999877572, 1450018.78687 ], [ 8639985.443843999877572, 1450018.189705 ], [ 8639984.84667900018394, 1450018.189705 ], [ 8639984.84667900018394, 1450017.592541000107303 ], [ 8639985.443843999877572, 1450017.592541000107303 ], [ 8639985.443843999877572, 1450016.995377 ], [ 8639986.041007999330759, 1450016.995377 ], [ 8639986.041007999330759, 1450016.398213 ], [ 8639986.638172000646591, 1450016.398213 ], [ 8639986.638172000646591, 1450014.60672 ], [ 8639985.443843999877572, 1450014.60672 ], [ 8639985.443843999877572, 1450015.203884 ], [ 8639984.84667900018394, 1450015.203884 ], [ 8639984.84667900018394, 1450015.801048000110313 ], [ 8639983.652350999414921, 1450015.801048000110313 ], [ 8639983.652350999414921, 1450016.398213 ], [ 8639983.055187, 1450016.398213 ], [ 8639983.055187, 1450017.592541000107303 ], [ 8639983.652350999414921, 1450017.592541000107303 ], [ 8639983.652350999414921, 1450018.78687 ], [ 8639984.249515000730753, 1450018.78687 ], [ 8639984.249515000730753, 1450019.384034000104293 ], [ 8639984.84667900018394, 1450019.384034000104293 ], [ 8639984.84667900018394, 1450019.981198 ], [ 8639984.249515000730753, 1450019.981198 ], [ 8639984.249515000730753, 1450021.175527000101283 ], [ 8639984.84667900018394, 1450021.175527000101283 ], [ 8639984.84667900018394, 1450022.369855 ], [ 8639985.443843999877572, 1450022.369855 ], [ 8639985.443843999877572, 1450022.96702 ], [ 8639986.041007999330759, 1450022.96702 ], [ 8639986.041007999330759, 1450024.161348 ], [ 8639984.84667900018394, 1450024.161348 ], [ 8639984.84667900018394, 1450025.355677 ], [ 8639986.638172000646591, 1450025.355677 ], [ 8639986.638172000646591, 1450025.952841 ], [ 8639986.041007999330759, 1450025.952841 ], [ 8639986.041007999330759, 1450026.550005 ], [ 8639984.84667900018394, 1450026.550005 ], [ 8639984.84667900018394, 1450027.744334 ], [ 8639984.249515000730753, 1450027.744334 ], [ 8639984.249515000730753, 1450028.341498 ], [ 8639984.84667900018394, 1450028.341498 ], [ 8639984.84667900018394, 1450028.938663 ], [ 8639983.652350999414921, 1450028.938663 ], [ 8639983.652350999414921, 1450028.341498 ], [ 8639983.055187, 1450028.341498 ], [ 8639983.055187, 1450028.938663 ], [ 8639982.458022000268102, 1450028.938663 ], [ 8639982.458022000268102, 1450030.132991 ], [ 8639981.860858000814915, 1450030.132991 ], [ 8639981.860858000814915, 1450030.730155 ], [ 8639980.66652899980545, 1450030.730155 ], [ 8639980.66652899980545, 1450031.32732 ], [ 8639979.472201000899076, 1450031.32732 ], [ 8639979.472201000899076, 1450032.521648 ], [ 8639980.069365000352263, 1450032.521648 ], [ 8639980.069365000352263, 1450033.118813 ], [ 8639980.66652899980545, 1450033.118813 ], [ 8639980.66652899980545, 1450032.521648 ], [ 8639981.263693999499083, 1450032.521648 ], [ 8639981.263693999499083, 1450031.924484 ], [ 8639981.860858000814915, 1450031.924484 ], [ 8639981.860858000814915, 1450031.32732 ], [ 8639983.055187, 1450031.32732 ], [ 8639983.055187, 1450031.924484 ], [ 8639983.652350999414921, 1450031.924484 ], [ 8639983.652350999414921, 1450033.118813 ], [ 8639983.055187, 1450033.118813 ], [ 8639983.055187, 1450033.715977 ], [ 8639983.652350999414921, 1450033.715977 ], [ 8639983.652350999414921, 1450034.313141 ], [ 8639984.249515000730753, 1450034.313141 ], [ 8639984.249515000730753, 1450034.910305 ], [ 8639987.235337000340223, 1450034.910305 ], [ 8639987.235337000340223, 1450035.50747 ], [ 8639987.83250099979341, 1450035.50747 ], [ 8639987.83250099979341, 1450036.104634 ] ], [ [ 8639919.158608000725508, 1450027.14717 ], [ 8639920.950100999325514, 1450027.14717 ], [ 8639920.950100999325514, 1450026.550005 ], [ 8639921.547265000641346, 1450026.550005 ], [ 8639921.547265000641346, 1450025.952841 ], [ 8639922.144430000334978, 1450025.952841 ], [ 8639922.144430000334978, 1450025.355677 ], [ 8639921.547265000641346, 1450025.355677 ], [ 8639921.547265000641346, 1450023.564184 ], [ 8639920.950100999325514, 1450023.564184 ], [ 8639920.950100999325514, 1450022.96702 ], [ 8639919.75577300041914, 1450022.96702 ], [ 8639919.75577300041914, 1450022.369855 ], [ 8639918.561443999409676, 1450022.369855 ], [ 8639918.561443999409676, 1450018.78687 ], [ 8639919.158608000725508, 1450018.78687 ], [ 8639919.158608000725508, 1450015.801048000110313 ], [ 8639918.561443999409676, 1450015.801048000110313 ], [ 8639918.561443999409676, 1450015.203884 ], [ 8639919.75577300041914, 1450015.203884 ], [ 8639919.75577300041914, 1450014.60672 ], [ 8639919.158608000725508, 1450014.60672 ], [ 8639919.158608000725508, 1450014.009555000113323 ], [ 8639917.96428, 1450014.009555000113323 ], [ 8639917.96428, 1450013.412391 ], [ 8639915.575623, 1450013.412391 ], [ 8639915.575623, 1450014.009555000113323 ], [ 8639914.978458000347018, 1450014.009555000113323 ], [ 8639914.978458000347018, 1450014.60672 ], [ 8639913.186964999884367, 1450014.60672 ], [ 8639913.186964999884367, 1450015.203884 ], [ 8639912.58980100043118, 1450015.203884 ], [ 8639912.58980100043118, 1450016.995377 ], [ 8639911.992636999115348, 1450016.995377 ], [ 8639911.992636999115348, 1450018.189705 ], [ 8639912.58980100043118, 1450018.189705 ], [ 8639912.58980100043118, 1450020.578363 ], [ 8639913.784129999577999, 1450020.578363 ], [ 8639913.784129999577999, 1450021.175527000101283 ], [ 8639914.381294000893831, 1450021.175527000101283 ], [ 8639914.381294000893831, 1450021.772691 ], [ 8639915.575623, 1450021.772691 ], [ 8639915.575623, 1450023.564184 ], [ 8639916.172786999493837, 1450023.564184 ], [ 8639916.172786999493837, 1450024.758513 ], [ 8639916.769951000809669, 1450024.758513 ], [ 8639916.769951000809669, 1450025.952841 ], [ 8639917.96428, 1450025.952841 ], [ 8639917.96428, 1450026.550005 ], [ 8639918.561443999409676, 1450026.550005 ], [ 8639918.561443999409676, 1450025.952841 ], [ 8639919.158608000725508, 1450025.952841 ], [ 8639919.158608000725508, 1450027.14717 ] ], [ [ 8639848.096059000119567, 1450021.772691 ], [ 8639848.693222999572754, 1450021.772691 ], [ 8639848.693222999572754, 1450021.175527000101283 ], [ 8639848.096059000119567, 1450021.175527000101283 ], [ 8639848.096059000119567, 1450021.772691 ] ], [ [ 8639848.096059000119567, 1450019.384034000104293 ], [ 8639848.693222999572754, 1450019.384034000104293 ], [ 8639848.693222999572754, 1450018.78687 ], [ 8639848.096059000119567, 1450018.78687 ], [ 8639848.096059000119567, 1450019.384034000104293 ] ], [ [ 8639907.215322999283671, 1450016.995377 ], [ 8639907.812487000599504, 1450016.995377 ], [ 8639907.812487000599504, 1450016.398213 ], [ 8639907.215322999283671, 1450016.398213 ], [ 8639907.215322999283671, 1450016.995377 ] ], [ [ 8639909.006814999505877, 1450016.995377 ], [ 8639909.60397999919951, 1450016.995377 ], [ 8639909.60397999919951, 1450016.398213 ], [ 8639909.006814999505877, 1450016.398213 ], [ 8639909.006814999505877, 1450016.995377 ] ], [ [ 8639907.812487000599504, 1450016.398213 ], [ 8639908.409651, 1450016.398213 ], [ 8639908.409651, 1450015.801048000110313 ], [ 8639907.812487000599504, 1450015.801048000110313 ], [ 8639907.812487000599504, 1450016.398213 ] ], [ [ 8640015.30205800011754, 1450016.398213 ], [ 8640016.496386000886559, 1450016.398213 ], [ 8640016.496386000886559, 1450015.801048000110313 ], [ 8640017.093551000580192, 1450015.801048000110313 ], [ 8640017.093551000580192, 1450015.203884 ], [ 8640016.496386000886559, 1450015.203884 ], [ 8640016.496386000886559, 1450014.009555000113323 ], [ 8640014.704894000664353, 1450014.009555000113323 ], [ 8640014.704894000664353, 1450015.203884 ], [ 8640015.30205800011754, 1450015.203884 ], [ 8640015.30205800011754, 1450016.398213 ] ], [ [ 8639982.458022000268102, 1450015.801048000110313 ], [ 8639983.055187, 1450015.801048000110313 ], [ 8639983.055187, 1450015.203884 ], [ 8639982.458022000268102, 1450015.203884 ], [ 8639982.458022000268102, 1450015.801048000110313 ] ], [ [ 8639917.367115000262856, 1450012.815227 ], [ 8639917.96428, 1450012.815227 ], [ 8639917.96428, 1450012.218062999891117 ], [ 8639917.367115000262856, 1450012.218062999891117 ], [ 8639917.367115000262856, 1450012.815227 ] ], [ [ 8639978.277871999889612, 1450012.815227 ], [ 8639978.875036999583244, 1450012.815227 ], [ 8639978.875036999583244, 1450012.218062999891117 ], [ 8639978.277871999889612, 1450012.218062999891117 ], [ 8639978.277871999889612, 1450012.815227 ] ], [ [ 8640014.704894000664353, 1450012.815227 ], [ 8640015.30205800011754, 1450012.815227 ], [ 8640015.30205800011754, 1450012.218062999891117 ], [ 8640014.704894000664353, 1450012.218062999891117 ], [ 8640014.704894000664353, 1450012.815227 ] ], [ [ 8639880.94009399972856, 1450011.620898 ], [ 8639884.523080000653863, 1450011.620898 ], [ 8639884.523080000653863, 1450011.023734 ], [ 8639880.94009399972856, 1450011.023734 ], [ 8639880.94009399972856, 1450011.620898 ] ], [ [ 8639978.277871999889612, 1450011.620898 ], [ 8639979.472201000899076, 1450011.620898 ], [ 8639979.472201000899076, 1450011.023734 ], [ 8639978.277871999889612, 1450011.023734 ], [ 8639978.277871999889612, 1450011.620898 ] ], [ [ 8640026.648179000243545, 1450011.620898 ], [ 8640027.842507999390364, 1450011.620898 ], [ 8640027.842507999390364, 1450011.023734 ], [ 8640026.648179000243545, 1450011.023734 ], [ 8640026.648179000243545, 1450011.620898 ] ] ] } },
{ "type": "Feature", "properties": { "feature_id": 28, "area_m2": 0.7132102837399702, "perimeter_m": 3.5829860023222864, "quality_flag": "tiny_review", "review_required": true, "review_status": "pending" }, "geometry": { "type": "Polygon", "coordinates": [ [ [ 8640109.05684999935329, 1450011.023734 ], [ 8640109.05684999935329, 1450010.426569999894127 ], [ 8640110.251179000362754, 1450010.426569999894127 ], [ 8640110.251179000362754, 1450011.023734 ], [ 8640109.05684999935329, 1450011.023734 ] ] ] } },
{ "type": "Feature", "properties": { "feature_id": 29, "area_m2": 11.411366915308092, "perimeter_m": 31.052539996802807, "quality_flag": "normal_review", "review_required": true, "review_status": "pending" }, "geometry": { "type": "Polygon", "coordinates": [ [ [ 8640112.042672000825405, 1450012.218062999891117 ], [ 8640112.042672000825405, 1450011.620898 ], [ 8640113.236999999731779, 1450011.620898 ], [ 8640113.236999999731779, 1450011.023734 ], [ 8640111.445507999509573, 1450011.023734 ], [ 8640111.445507999509573, 1450010.426569999894127 ], [ 8640121.000135999172926, 1450010.426569999894127 ], [ 8640121.000135999172926, 1450011.023734 ], [ 8640117.417150000110269, 1450011.023734 ], [ 8640117.417150000110269, 1450011.620898 ], [ 8640118.611478999257088, 1450011.620898 ], [ 8640118.611478999257088, 1450012.218062999891117 ], [ 8640112.042672000825405, 1450012.218062999891117 ] ], [ [ 8640113.834164999425411, 1450011.620898 ], [ 8640115.02849300019443, 1450011.620898 ], [ 8640115.02849300019443, 1450011.023734 ], [ 8640113.834164999425411, 1450011.023734 ], [ 8640113.834164999425411, 1450011.620898 ] ] ] } },
{ "type": "Feature", "properties": { "feature_id": 30, "area_m2": 48.141694404393974, "perimeter_m": 35.829857998993248, "quality_flag": "normal_review", "review_required": true, "review_status": "pending" }, "geometry": { "type": "Polygon", "coordinates": [ [ [ 8640134.137749999761581, 1450020.578363 ], [ 8640134.137749999761581, 1450019.981198 ], [ 8640132.943422000855207, 1450019.981198 ], [ 8640132.943422000855207, 1450019.384034000104293 ], [ 8640131.749092999845743, 1450019.384034000104293 ], [ 8640131.749092999845743, 1450018.189705 ], [ 8640131.151929000392556, 1450018.189705 ], [ 8640131.151929000392556, 1450017.592541000107303 ], [ 8640131.749092999845743, 1450017.592541000107303 ], [ 8640131.749092999845743, 1450016.995377 ], [ 8640131.151929000392556, 1450016.995377 ], [ 8640131.151929000392556, 1450015.801048000110313 ], [ 8640130.554764999076724, 1450015.801048000110313 ], [ 8640130.554764999076724, 1450014.009555000113323 ], [ 8640129.957599999383092, 1450014.009555000113323 ], [ 8640129.957599999383092, 1450013.412391 ], [ 8640130.554764999076724, 1450013.412391 ], [ 8640130.554764999076724, 1450011.023734 ], [ 8640129.360436, 1450011.023734 ], [ 8640129.360436, 1450010.426569999894127 ], [ 8640135.929243000224233, 1450010.426569999894127 ], [ 8640135.929243000224233, 1450019.981198 ], [ 8640134.734914999455214, 1450019.981198 ], [ 8640134.734914999455214, 1450020.578363 ], [ 8640134.137749999761581, 1450020.578363 ] ] ] } }
]
}
