{
  "type": "FeatureCollection",
  "name": "cadastraai_detected_regions",
  "metadata": {
    "source": "AI binary segmentation mask (.npy)",
    "mask_shape": [
      512,
      512
    ],
    "mask_dtype": "uint8",
    "mask_values": [
      0,
      1
    ],
    "coordinate_space": "pixel",
    "crs": null,
    "note": "Coordinates are pixel coordinates because the source .npy mask contains no CRS/georeferencing. Do not interpret them as latitude/longitude."
  },
  "features": [
    {
      "type": "Feature",
      "properties": {
        "feature_id": 1,
        "feature_type": "detected_region",
        "area_pixel2": 1.0,
        "review_status": "pending",
        "confidence": null
      },
      "geometry": {
        "type": "Polygon",
        "coordinates": [
          [
            [
              0.0,
              0.0
            ],
            [
              0.0,
              1.0
            ],
            [
              1.0,
              1.0
            ],
            [
              1.0,
              0.0
            ],
            [
              0.0,
              0.0
            ]
          ]
        ]
      }
    },
    {
      "type": "Feature",
      "properties": {
        "feature_id": 2,
        "feature_type": "detected_region",
        "area_pixel2": 1.0,
        "review_status": "pending",
        "confidence": null
      },
      "geometry": {
        "type": "Polygon",
        "coordinates": [
          [
            [
              511.0,
              0.0
            ],
            [
              511.0,
              1.0
            ],
            [
              512.0,
              1.0
            ],
            [
              512.0,
              0.0
            ],
            [
              511.0,
              0.0
            ]
          ]
        ]
      }
    },
    {
      "type": "Feature",
      "properties": {
        "feature_id": 3,
        "feature_type": "detected_region",
        "area_pixel2": 1616.0,
        "review_status": "pending",
        "confidence": null
      },
      "geometry": {
        "type": "Polygon",
        "coordinates": [
          [
            [
              308.0,
              0.0
            ],
            [
              308.0,
              1.0
            ],
            [
              315.0,
              1.0
            ],
            [
              315.0,
              2.0
            ],
            [
              317.0,
              2.0
            ],
            [
              317.0,
              3.0
            ],
            [
              318.0,
              3.0
            ],
            [
              318.0,
              2.0
            ],
            [
              323.0,
              2.0
            ],
            [
              323.0,
              3.0
            ],
            [
              321.0,
              3.0
            ],
            [
              321.0,
              4.0
            ],
            [
              317.0,
              4.0
            ],
            [
              317.0,
              5.0
            ],
            [
              316.0,
              5.0
            ],
            [
              316.0,
              8.0
            ],
            [
              315.0,
              8.0
            ],
            [
              315.0,
              14.0
            ],
            [
              314.0,
              14.0
            ],
            [
              314.0,
              24.0
            ],
            [
              315.0,
              24.0
            ],
            [
              315.0,
              26.0
            ],
            [
              316.0,
              26.0
            ],
            [
              316.0,
              28.0
            ],
            [
              317.0,
              28.0
            ],
            [
              317.0,
              29.0
            ],
            [
              318.0,
              29.0
            ],
            [
              318.0,
              35.0
            ],
            [
              319.0,
              35.0
            ],
            [
              319.0,
              36.0
            ],
            [
              320.0,
              36.0
            ],
            [
              320.0,
              37.0
            ],
            [
              321.0,
              37.0
            ],
            [
              321.0,
              40.0
            ],
            [
              324.0,
              40.0
            ],
            [
              324.0,
              42.0
            ],
            [
              322.0,
              42.0
            ],
            [
              322.0,
              41.0
            ],
            [
              321.0,
              41.0
            ],
            [
              321.0,
              42.0
            ],
            [
              318.0,
              42.0
            ],
            [
              318.0,
              45.0
            ],
            [
              321.0,
              45.0
            ],
            [
              321.0,
              46.0
            ],
            [
              322.0,
              46.0
            ],
            [
              322.0,
              45.0
            ],
            [
              324.0,
              45.0
            ],
            [
              324.0,
              44.0
            ],
            [
              325.0,
              44.0
            ],
            [
              325.0,
              42.0
            ],
            [
              326.0,
              42.0
            ],
            [
              326.0,
              41.0
            ],
            [
              330.0,
              41.0
            ],
            [
              330.0,
              40.0
            ],
            [
              337.0,
              40.0
            ],
            [
              337.0,
              39.0
            ],
            [
              341.0,
              39.0
            ],
            [
              341.0,
              38.0
            ],
            [
              342.0,
              38.0
            ],
            [
              342.0,
              37.0
            ],
            [
              343.0,
              37.0
            ],
            [
              343.0,
              36.0
            ],
            [
              345.0,
              36.0
            ],
            [
              345.0,
              35.0
            ],
            [
              346.0,
              35.0
            ],
            [
              346.0,
              34.0
            ],
            [
              347.0,
              34.0
            ],
            [
              347.0,
              33.0
            ],
            [
              348.0,
              33.0
            ],
            [
              348.0,
              30.0
            ],
            [
              349.0,
              30.0
            ],
            [
              349.0,
              28.0
            ],
            [
              350.0,
              28.0
            ],
            [
              350.0,
              27.0
            ],
            [
              351.0,
              27.0
            ],
            [
              351.0,
              26.0
            ],
            [
              353.0,
              26.0
            ],
            [
              353.0,
              25.0
            ],
            [
              354.0,
              25.0
            ],
            [
              354.0,
              24.0
            ],
            [
              355.0,
              24.0
            ],
            [
              355.0,
              22.0
            ],
            [
              354.0,
              22.0
            ],
            [
              354.0,
              19.0
            ],
            [
              356.0,
              19.0
            ],
            [
              356.0,
              18.0
            ],
            [
              358.0,
              18.0
            ],
            [
              358.0,
              17.0
            ],
            [
              359.0,
              17.0
            ],
            [
              359.0,
              16.0
            ],
            [
              361.0,
              16.0
            ],
            [
              361.0,
              15.0
            ],
            [
              362.0,
              15.0
            ],
            [
              362.0,
              14.0
            ],
            [
              363.0,
              14.0
            ],
            [
              363.0,
              12.0
            ],
            [
              364.0,
              12.0
            ],
            [
              364.0,
              11.0
            ],
            [
              365.0,
              11.0
            ],
            [
              365.0,
              8.0
            ],
            [
              366.0,
              8.0
            ],
            [
              366.0,
              2.0
            ],
            [
              367.0,
              2.0
            ],
            [
              367.0,
              1.0
            ],
            [
              369.0,
              1.0
            ],
            [
              369.0,
              0.0
            ],
            [
              308.0,
              0.0
            ]
          ]
        ]
      }
    },
    {
      "type": "Feature",
      "properties": {
        "feature_id": 4,
        "feature_type": "detected_region",
        "area_pixel2": 3821.0,
        "review_status": "pending",
        "confidence": null
      },
      "geometry": {
        "type": "Polygon",
        "coordinates": [
          [
            [
              408.0,
              0.0
            ],
            [
              408.0,
              1.0
            ],
            [
              413.0,
              1.0
            ],
            [
              413.0,
              2.0
            ],
            [
              415.0,
              2.0
            ],
            [
              415.0,
              8.0
            ],
            [
              414.0,
              8.0
            ],
            [
              414.0,
              10.0
            ],
            [
              413.0,
              10.0
            ],
            [
              413.0,
              11.0
            ],
            [
              411.0,
              11.0
            ],
            [
              411.0,
              13.0
            ],
            [
              410.0,
              13.0
            ],
            [
              410.0,
              14.0
            ],
            [
              409.0,
              14.0
            ],
            [
              409.0,
              26.0
            ],
            [
              408.0,
              26.0
            ],
            [
              408.0,
              29.0
            ],
            [
              409.0,
              29.0
            ],
            [
              409.0,
              32.0
            ],
            [
              410.0,
              32.0
            ],
            [
              410.0,
              36.0
            ],
            [
              411.0,
              36.0
            ],
            [
              411.0,
              39.0
            ],
            [
              412.0,
              39.0
            ],
            [
              412.0,
              40.0
            ],
            [
              413.0,
              40.0
            ],
            [
              413.0,
              41.0
            ],
            [
              414.0,
              41.0
            ],
            [
              414.0,
              42.0
            ],
            [
              416.0,
              42.0
            ],
            [
              416.0,
              43.0
            ],
            [
              423.0,
              43.0
            ],
            [
              423.0,
              44.0
            ],
            [
              429.0,
              44.0
            ],
            [
              429.0,
              45.0
            ],
            [
              434.0,
              45.0
            ],
            [
              434.0,
              46.0
            ],
            [
              440.0,
              46.0
            ],
            [
              440.0,
              47.0
            ],
            [
              448.0,
              47.0
            ],
            [
              448.0,
              46.0
            ],
            [
              454.0,
              46.0
            ],
            [
              454.0,
              45.0
            ],
            [
              468.0,
              45.0
            ],
            [
              468.0,
              46.0
            ],
            [
              469.0,
              46.0
            ],
            [
              469.0,
              47.0
            ],
            [
              471.0,
              47.0
            ],
            [
              471.0,
              48.0
            ],
            [
              477.0,
              48.0
            ],
            [
              477.0,
              47.0
            ],
            [
              479.0,
              47.0
            ],
            [
              479.0,
              46.0
            ],
            [
              481.0,
              46.0
            ],
            [
              481.0,
              45.0
            ],
            [
              482.0,
              45.0
            ],
            [
              482.0,
              44.0
            ],
            [
              484.0,
              44.0
            ],
            [
              484.0,
              43.0
            ],
            [
              485.0,
              43.0
            ],
            [
              485.0,
              42.0
            ],
            [
              486.0,
              42.0
            ],
            [
              486.0,
              41.0
            ],
            [
              487.0,
              41.0
            ],
            [
              487.0,
              39.0
            ],
            [
              488.0,
              39.0
            ],
            [
              488.0,
              38.0
            ],
            [
              489.0,
              38.0
            ],
            [
              489.0,
              35.0
            ],
            [
              490.0,
              35.0
            ],
            [
              490.0,
              32.0
            ],
            [
              491.0,
              32.0
            ],
            [
              491.0,
              31.0
            ],
            [
              492.0,
              31.0
            ],
            [
              492.0,
              29.0
            ],
            [
              493.0,
              29.0
            ],
            [
              493.0,
              28.0
            ],
            [
              495.0,
              28.0
            ],
            [
              495.0,
              27.0
            ],
            [
              496.0,
              27.0
            ],
            [
              496.0,
              26.0
            ],
            [
              497.0,
              26.0
            ],
            [
              497.0,
              24.0
            ],
            [
              498.0,
              24.0
            ],
            [
              498.0,
              22.0
            ],
            [
              499.0,
              22.0
            ],
            [
              499.0,
              20.0
            ],
            [
              500.0,
              20.0
            ],
            [
              500.0,
              16.0
            ],
            [
              501.0,
              16.0
            ],
            [
              501.0,
              14.0
            ],
            [
              500.0,
              14.0
            ],
            [
              500.0,
              5.0
            ],
            [
              501.0,
              5.0
            ],
            [
              501.0,
              4.0
            ],
            [
              500.0,
              4.0
            ],
            [
              500.0,
              2.0
            ],
            [
              499.0,
              2.0
            ],
            [
              499.0,
              1.0
            ],
            [
              502.0,
              1.0
            ],
            [
              502.0,
              0.0
            ],
            [
              408.0,
              0.0
            ]
          ]
        ]
      }
    },
    {
      "type": "Feature",
      "properties": {
        "feature_id": 5,
        "feature_type": "detected_region",
        "area_pixel2": 25.0,
        "review_status": "pending",
        "confidence": null
      },
      "geometry": {
        "type": "Polygon",
        "coordinates": [
          [
            [
              377.0,
              102.0
            ],
            [
              377.0,
              103.0
            ],
            [
              375.0,
              103.0
            ],
            [
              375.0,
              106.0
            ],
            [
              376.0,
              106.0
            ],
            [
              376.0,
              107.0
            ],
            [
              380.0,
              107.0
            ],
            [
              380.0,
              106.0
            ],
            [
              381.0,
              106.0
            ],
            [
              381.0,
              105.0
            ],
            [
              382.0,
              105.0
            ],
            [
              382.0,
              103.0
            ],
            [
              378.0,
              103.0
            ],
            [
              378.0,
              102.0
            ],
            [
              377.0,
              102.0
            ]
          ]
        ]
      }
    },
    {
      "type": "Feature",
      "properties": {
        "feature_id": 6,
        "feature_type": "detected_region",
        "area_pixel2": 1.0,
        "review_status": "pending",
        "confidence": null
      },
      "geometry": {
        "type": "Polygon",
        "coordinates": [
          [
            [
              381.0,
              111.0
            ],
            [
              381.0,
              112.0
            ],
            [
              382.0,
              112.0
            ],
            [
              382.0,
              111.0
            ],
            [
              381.0,
              111.0
            ]
          ]
        ]
      }
    },
    {
      "type": "Feature",
      "properties": {
        "feature_id": 7,
        "feature_type": "detected_region",
        "area_pixel2": 77.0,
        "review_status": "pending",
        "confidence": null
      },
      "geometry": {
        "type": "Polygon",
        "coordinates": [
          [
            [
              266.0,
              189.0
            ],
            [
              266.0,
              190.0
            ],
            [
              264.0,
              190.0
            ],
            [
              264.0,
              191.0
            ],
            [
              263.0,
              191.0
            ],
            [
              263.0,
              192.0
            ],
            [
              262.0,
              192.0
            ],
            [
              262.0,
              193.0
            ],
            [
              263.0,
              193.0
            ],
            [
              263.0,
              194.0
            ],
            [
              271.0,
              194.0
            ],
            [
              271.0,
              193.0
            ],
            [
              277.0,
              193.0
            ],
            [
              277.0,
              194.0
            ],
            [
              280.0,
              194.0
            ],
            [
              280.0,
              195.0
            ],
            [
              281.0,
              195.0
            ],
            [
              281.0,
              194.0
            ],
            [
              283.0,
              194.0
            ],
            [
              283.0,
              193.0
            ],
            [
              285.0,
              193.0
            ],
            [
              285.0,
              194.0
            ],
            [
              286.0,
              194.0
            ],
            [
              286.0,
              193.0
            ],
            [
              287.0,
              193.0
            ],
            [
              287.0,
              192.0
            ],
            [
              282.0,
              192.0
            ],
            [
              282.0,
              191.0
            ],
            [
              275.0,
              191.0
            ],
            [
              275.0,
              190.0
            ],
            [
              272.0,
              190.0
            ],
            [
              272.0,
              189.0
            ],
            [
              266.0,
              189.0
            ]
          ]
        ]
      }
    },
    {
      "type": "Feature",
      "properties": {
        "feature_id": 8,
        "feature_type": "detected_region",
        "area_pixel2": 2590.0,
        "review_status": "pending",
        "confidence": null
      },
      "geometry": {
        "type": "Polygon",
        "coordinates": [
          [
            [
              238.0,
              157.0
            ],
            [
              238.0,
              158.0
            ],
            [
              236.0,
              158.0
            ],
            [
              236.0,
              159.0
            ],
            [
              234.0,
              159.0
            ],
            [
              234.0,
              160.0
            ],
            [
              233.0,
              160.0
            ],
            [
              233.0,
              161.0
            ],
            [
              232.0,
              161.0
            ],
            [
              232.0,
              163.0
            ],
            [
              231.0,
              163.0
            ],
            [
              231.0,
              166.0
            ],
            [
              230.0,
              166.0
            ],
            [
              230.0,
              167.0
            ],
            [
              231.0,
              167.0
            ],
            [
              231.0,
              170.0
            ],
            [
              233.0,
              170.0
            ],
            [
              233.0,
              171.0
            ],
            [
              234.0,
              171.0
            ],
            [
              234.0,
              173.0
            ],
            [
              236.0,
              173.0
            ],
            [
              236.0,
              174.0
            ],
            [
              237.0,
              174.0
            ],
            [
              237.0,
              175.0
            ],
            [
              238.0,
              175.0
            ],
            [
              238.0,
              176.0
            ],
            [
              239.0,
              176.0
            ],
            [
              239.0,
              177.0
            ],
            [
              241.0,
              177.0
            ],
            [
              241.0,
              178.0
            ],
            [
              244.0,
              178.0
            ],
            [
              244.0,
              177.0
            ],
            [
              249.0,
              177.0
            ],
            [
              249.0,
              178.0
            ],
            [
              250.0,
              178.0
            ],
            [
              250.0,
              179.0
            ],
            [
              254.0,
              179.0
            ],
            [
              254.0,
              180.0
            ],
            [
              258.0,
              180.0
            ],
            [
              258.0,
              181.0
            ],
            [
              261.0,
              181.0
            ],
            [
              261.0,
              182.0
            ],
            [
              265.0,
              182.0
            ],
            [
              265.0,
              183.0
            ],
            [
              271.0,
              183.0
            ],
            [
              271.0,
              184.0
            ],
            [
              277.0,
              184.0
            ],
            [
              277.0,
              185.0
            ],
            [
              280.0,
              185.0
            ],
            [
              280.0,
              186.0
            ],
            [
              283.0,
              186.0
            ],
            [
              283.0,
              187.0
            ],
            [
              284.0,
              187.0
            ],
            [
              284.0,
              188.0
            ],
            [
              285.0,
              188.0
            ],
            [
              285.0,
              189.0
            ],
            [
              286.0,
              189.0
            ],
            [
              286.0,
              191.0
            ],
            [
              287.0,
              191.0
            ],
            [
              287.0,
              192.0
            ],
            [
              289.0,
              192.0
            ],
            [
              289.0,
              193.0
            ],
            [
              290.0,
              193.0
            ],
            [
              290.0,
              194.0
            ],
            [
              292.0,
              194.0
            ],
            [
              292.0,
              193.0
            ],
            [
              295.0,
              193.0
            ],
            [
              295.0,
              194.0
            ],
            [
              296.0,
              194.0
            ],
            [
              296.0,
              197.0
            ],
            [
              297.0,
              197.0
            ],
            [
              297.0,
              198.0
            ],
            [
              298.0,
              198.0
            ],
            [
              298.0,
              197.0
            ],
            [
              300.0,
              197.0
            ],
            [
              300.0,
              195.0
            ],
            [
              301.0,
              195.0
            ],
            [
              301.0,
              193.0
            ],
            [
              302.0,
              193.0
            ],
            [
              302.0,
              192.0
            ],
            [
              311.0,
              192.0
            ],
            [
              311.0,
              191.0
            ],
            [
              315.0,
              191.0
            ],
            [
              315.0,
              190.0
            ],
            [
              320.0,
              190.0
            ],
            [
              320.0,
              189.0
            ],
            [
              324.0,
              189.0
            ],
            [
              324.0,
              188.0
            ],
            [
              326.0,
              188.0
            ],
            [
              326.0,
              189.0
            ],
            [
              330.0,
              189.0
            ],
            [
              330.0,
              188.0
            ],
            [
              332.0,
              188.0
            ],
            [
              332.0,
              187.0
            ],
            [
              334.0,
              187.0
            ],
            [
              334.0,
              186.0
            ],
            [
              336.0,
              186.0
            ],
            [
              336.0,
              185.0
            ],
            [
              337.0,
              185.0
            ],
            [
              337.0,
              183.0
            ],
            [
              338.0,
              183.0
            ],
            [
              338.0,
              181.0
            ],
            [
              337.0,
              181.0
            ],
            [
              337.0,
              179.0
            ],
            [
              338.0,
              179.0
            ],
            [
              338.0,
              177.0
            ],
            [
              339.0,
              177.0
            ],
            [
              339.0,
              174.0
            ],
            [
              338.0,
              174.0
            ],
            [
              338.0,
              173.0
            ],
            [
              337.0,
              173.0
            ],
            [
              337.0,
              171.0
            ],
            [
              336.0,
              171.0
            ],
            [
              336.0,
              170.0
            ],
            [
              335.0,
              170.0
            ],
            [
              335.0,
              169.0
            ],
            [
              334.0,
              169.0
            ],
            [
              334.0,
              168.0
            ],
            [
              331.0,
              168.0
            ],
            [
              331.0,
              167.0
            ],
            [
              327.0,
              167.0
            ],
            [
              327.0,
              166.0
            ],
            [
              325.0,
              166.0
            ],
            [
              325.0,
              165.0
            ],
            [
              323.0,
              165.0
            ],
            [
              323.0,
              164.0
            ],
            [
              315.0,
              164.0
            ],
            [
              315.0,
              163.0
            ],
            [
              309.0,
              163.0
            ],
            [
              309.0,
              162.0
            ],
            [
              306.0,
              162.0
            ],
            [
              306.0,
              161.0
            ],
            [
              303.0,
              161.0
            ],
            [
              303.0,
              160.0
            ],
            [
              302.0,
              160.0
            ],
            [
              302.0,
              159.0
            ],
            [
              281.0,
              159.0
            ],
            [
              281.0,
              158.0
            ],
            [
              267.0,
              158.0
            ],
            [
              267.0,
              159.0
            ],
            [
              258.0,
              159.0
            ],
            [
              258.0,
              158.0
            ],
            [
              255.0,
              158.0
            ],
            [
              255.0,
              159.0
            ],
            [
              254.0,
              159.0
            ],
            [
              254.0,
              160.0
            ],
            [
              253.0,
              160.0
            ],
            [
              253.0,
              162.0
            ],
            [
              252.0,
              162.0
            ],
            [
              252.0,
              163.0
            ],
            [
              251.0,
              163.0
            ],
            [
              251.0,
              164.0
            ],
            [
              243.0,
              164.0
            ],
            [
              243.0,
              162.0
            ],
            [
              242.0,
              162.0
            ],
            [
              242.0,
              158.0
            ],
            [
              241.0,
              158.0
            ],
            [
              241.0,
              157.0
            ],
            [
              238.0,
              157.0
            ]
          ]
        ]
      }
    },
    {
      "type": "Feature",
      "properties": {
        "feature_id": 9,
        "feature_type": "detected_region",
        "area_pixel2": 1.0,
        "review_status": "pending",
        "confidence": null
      },
      "geometry": {
        "type": "Polygon",
        "coordinates": [
          [
            [
              289.0,
              197.0
            ],
            [
              289.0,
              198.0
            ],
            [
              290.0,
              198.0
            ],
            [
              290.0,
              197.0
            ],
            [
              289.0,
              197.0
            ]
          ]
        ]
      }
    },
    {
      "type": "Feature",
      "properties": {
        "feature_id": 10,
        "feature_type": "detected_region",
        "area_pixel2": 6.0,
        "review_status": "pending",
        "confidence": null
      },
      "geometry": {
        "type": "Polygon",
        "coordinates": [
          [
            [
              270.0,
              201.0
            ],
            [
              270.0,
              202.0
            ],
            [
              271.0,
              202.0
            ],
            [
              271.0,
              203.0
            ],
            [
              273.0,
              203.0
            ],
            [
              273.0,
              202.0
            ],
            [
              274.0,
              202.0
            ],
            [
              274.0,
              201.0
            ],
            [
              270.0,
              201.0
            ]
          ]
        ]
      }
    },
    {
      "type": "Feature",
      "properties": {
        "feature_id": 11,
        "feature_type": "detected_region",
        "area_pixel2": 159.0,
        "review_status": "pending",
        "confidence": null
      },
      "geometry": {
        "type": "Polygon",
        "coordinates": [
          [
            [
              511.0,
              183.0
            ],
            [
              511.0,
              187.0
            ],
            [
              509.0,
              187.0
            ],
            [
              509.0,
              188.0
            ],
            [
              508.0,
              188.0
            ],
            [
              508.0,
              187.0
            ],
            [
              506.0,
              187.0
            ],
            [
              506.0,
              188.0
            ],
            [
              505.0,
              188.0
            ],
            [
              505.0,
              189.0
            ],
            [
              504.0,
              189.0
            ],
            [
              504.0,
              192.0
            ],
            [
              503.0,
              192.0
            ],
            [
              503.0,
              193.0
            ],
            [
              504.0,
              193.0
            ],
            [
              504.0,
              202.0
            ],
            [
              505.0,
              202.0
            ],
            [
              505.0,
              203.0
            ],
            [
              506.0,
              203.0
            ],
            [
              506.0,
              205.0
            ],
            [
              507.0,
              205.0
            ],
            [
              507.0,
              206.0
            ],
            [
              510.0,
              206.0
            ],
            [
              510.0,
              208.0
            ],
            [
              511.0,
              208.0
            ],
            [
              511.0,
              218.0
            ],
            [
              512.0,
              218.0
            ],
            [
              512.0,
              183.0
            ],
            [
              511.0,
              183.0
            ]
          ]
        ]
      }
    },
    {
      "type": "Feature",
      "properties": {
        "feature_id": 12,
        "feature_type": "detected_region",
        "area_pixel2": 1.0,
        "review_status": "pending",
        "confidence": null
      },
      "geometry": {
        "type": "Polygon",
        "coordinates": [
          [
            [
              265.0,
              229.0
            ],
            [
              265.0,
              230.0
            ],
            [
              266.0,
              230.0
            ],
            [
              266.0,
              229.0
            ],
            [
              265.0,
              229.0
            ]
          ]
        ]
      }
    },
    {
      "type": "Feature",
      "properties": {
        "feature_id": 13,
        "feature_type": "detected_region",
        "area_pixel2": 2474.0,
        "review_status": "pending",
        "confidence": null
      },
      "geometry": {
        "type": "Polygon",
        "coordinates": [
          [
            [
              207.0,
              188.0
            ],
            [
              207.0,
              189.0
            ],
            [
              205.0,
              189.0
            ],
            [
              205.0,
              190.0
            ],
            [
              204.0,
              190.0
            ],
            [
              204.0,
              192.0
            ],
            [
              203.0,
              192.0
            ],
            [
              203.0,
              196.0
            ],
            [
              202.0,
              196.0
            ],
            [
              202.0,
              198.0
            ],
            [
              200.0,
              198.0
            ],
            [
              200.0,
              199.0
            ],
            [
              199.0,
              199.0
            ],
            [
              199.0,
              203.0
            ],
            [
              201.0,
              203.0
            ],
            [
              201.0,
              204.0
            ],
            [
              199.0,
              204.0
            ],
            [
              199.0,
              205.0
            ],
            [
              198.0,
              205.0
            ],
            [
              198.0,
              206.0
            ],
            [
              197.0,
              206.0
            ],
            [
              197.0,
              208.0
            ],
            [
              198.0,
              208.0
            ],
            [
              198.0,
              209.0
            ],
            [
              199.0,
              209.0
            ],
            [
              199.0,
              210.0
            ],
            [
              200.0,
              210.0
            ],
            [
              200.0,
              214.0
            ],
            [
              198.0,
              214.0
            ],
            [
              198.0,
              215.0
            ],
            [
              196.0,
              215.0
            ],
            [
              196.0,
              216.0
            ],
            [
              195.0,
              216.0
            ],
            [
              195.0,
              218.0
            ],
            [
              197.0,
              218.0
            ],
            [
              197.0,
              222.0
            ],
            [
              196.0,
              222.0
            ],
            [
              196.0,
              224.0
            ],
            [
              197.0,
              224.0
            ],
            [
              197.0,
              225.0
            ],
            [
              198.0,
              225.0
            ],
            [
              198.0,
              226.0
            ],
            [
              199.0,
              226.0
            ],
            [
              199.0,
              230.0
            ],
            [
              200.0,
              230.0
            ],
            [
              200.0,
              231.0
            ],
            [
              204.0,
              231.0
            ],
            [
              204.0,
              230.0
            ],
            [
              205.0,
              230.0
            ],
            [
              205.0,
              231.0
            ],
            [
              206.0,
              231.0
            ],
            [
              206.0,
              232.0
            ],
            [
              207.0,
              232.0
            ],
            [
              207.0,
              233.0
            ],
            [
              211.0,
              233.0
            ],
            [
              211.0,
              234.0
            ],
            [
              212.0,
              234.0
            ],
            [
              212.0,
              235.0
            ],
            [
              214.0,
              235.0
            ],
            [
              214.0,
              236.0
            ],
            [
              215.0,
              236.0
            ],
            [
              215.0,
              237.0
            ],
            [
              217.0,
              237.0
            ],
            [
              217.0,
              238.0
            ],
            [
              218.0,
              238.0
            ],
            [
              218.0,
              239.0
            ],
            [
              219.0,
              239.0
            ],
            [
              219.0,
              240.0
            ],
            [
              221.0,
              240.0
            ],
            [
              221.0,
              241.0
            ],
            [
              225.0,
              241.0
            ],
            [
              225.0,
              242.0
            ],
            [
              226.0,
              242.0
            ],
            [
              226.0,
              243.0
            ],
            [
              227.0,
              243.0
            ],
            [
              227.0,
              244.0
            ],
            [
              230.0,
              244.0
            ],
            [
              230.0,
              245.0
            ],
            [
              231.0,
              245.0
            ],
            [
              231.0,
              248.0
            ],
            [
              230.0,
              248.0
            ],
            [
              230.0,
              251.0
            ],
            [
              231.0,
              251.0
            ],
            [
              231.0,
              253.0
            ],
            [
              232.0,
              253.0
            ],
            [
              232.0,
              254.0
            ],
            [
              236.0,
              254.0
            ],
            [
              236.0,
              253.0
            ],
            [
              237.0,
              253.0
            ],
            [
              237.0,
              251.0
            ],
            [
              238.0,
              251.0
            ],
            [
              238.0,
              250.0
            ],
            [
              239.0,
              250.0
            ],
            [
              239.0,
              249.0
            ],
            [
              241.0,
              249.0
            ],
            [
              241.0,
              248.0
            ],
            [
              243.0,
              248.0
            ],
            [
              243.0,
              247.0
            ],
            [
              244.0,
              247.0
            ],
            [
              244.0,
              246.0
            ],
            [
              245.0,
              246.0
            ],
            [
              245.0,
              244.0
            ],
            [
              246.0,
              244.0
            ],
            [
              246.0,
              242.0
            ],
            [
              247.0,
              242.0
            ],
            [
              247.0,
              241.0
            ],
            [
              248.0,
              241.0
            ],
            [
              248.0,
              240.0
            ],
            [
              249.0,
              240.0
            ],
            [
              249.0,
              239.0
            ],
            [
              250.0,
              239.0
            ],
            [
              250.0,
              237.0
            ],
            [
              249.0,
              237.0
            ],
            [
              249.0,
              236.0
            ],
            [
              248.0,
              236.0
            ],
            [
              248.0,
              233.0
            ],
            [
              247.0,
              233.0
            ],
            [
              247.0,
              230.0
            ],
            [
              246.0,
              230.0
            ],
            [
              246.0,
              229.0
            ],
            [
              245.0,
              229.0
            ],
            [
              245.0,
              224.0
            ],
            [
              246.0,
              224.0
            ],
            [
              246.0,
              221.0
            ],
            [
              247.0,
              221.0
            ],
            [
              247.0,
              219.0
            ],
            [
              248.0,
              219.0
            ],
            [
              248.0,
              218.0
            ],
            [
              249.0,
              218.0
            ],
            [
              249.0,
              216.0
            ],
            [
              250.0,
              216.0
            ],
            [
              250.0,
              214.0
            ],
            [
              251.0,
              214.0
            ],
            [
              251.0,
              210.0
            ],
            [
              252.0,
              210.0
            ],
            [
              252.0,
              208.0
            ],
            [
              253.0,
              208.0
            ],
            [
              253.0,
              206.0
            ],
            [
              254.0,
              206.0
            ],
            [
              254.0,
              201.0
            ],
            [
              253.0,
              201.0
            ],
            [
              253.0,
              199.0
            ],
            [
              252.0,
              199.0
            ],
            [
              252.0,
              198.0
            ],
            [
              251.0,
              198.0
            ],
            [
              251.0,
              197.0
            ],
            [
              250.0,
              197.0
            ],
            [
              250.0,
              196.0
            ],
            [
              245.0,
              196.0
            ],
            [
              245.0,
              195.0
            ],
            [
              236.0,
              195.0
            ],
            [
              236.0,
              194.0
            ],
            [
              232.0,
              194.0
            ],
            [
              232.0,
              193.0
            ],
            [
              224.0,
              193.0
            ],
            [
              224.0,
              192.0
            ],
            [
              222.0,
              192.0
            ],
            [
              222.0,
              191.0
            ],
            [
              221.0,
              191.0
            ],
            [
              221.0,
              190.0
            ],
            [
              218.0,
              190.0
            ],
            [
              218.0,
              189.0
            ],
            [
              211.0,
              189.0
            ],
            [
              211.0,
              188.0
            ],
            [
              207.0,
              188.0
            ]
          ]
        ]
      }
    },
    {
      "type": "Feature",
      "properties": {
        "feature_id": 14,
        "feature_type": "detected_region",
        "area_pixel2": 1.0,
        "review_status": "pending",
        "confidence": null
      },
      "geometry": {
        "type": "Polygon",
        "coordinates": [
          [
            [
              258.0,
              347.0
            ],
            [
              258.0,
              348.0
            ],
            [
              259.0,
              348.0
            ],
            [
              259.0,
              347.0
            ],
            [
              258.0,
              347.0
            ]
          ]
        ]
      }
    },
    {
      "type": "Feature",
      "properties": {
        "feature_id": 15,
        "feature_type": "detected_region",
        "area_pixel2": 1.0,
        "review_status": "pending",
        "confidence": null
      },
      "geometry": {
        "type": "Polygon",
        "coordinates": [
          [
            [
              453.0,
              348.0
            ],
            [
              453.0,
              349.0
            ],
            [
              454.0,
              349.0
            ],
            [
              454.0,
              348.0
            ],
            [
              453.0,
              348.0
            ]
          ]
        ]
      }
    },
    {
      "type": "Feature",
      "properties": {
        "feature_id": 16,
        "feature_type": "detected_region",
        "area_pixel2": 3.0,
        "review_status": "pending",
        "confidence": null
      },
      "geometry": {
        "type": "Polygon",
        "coordinates": [
          [
            [
              449.0,
              348.0
            ],
            [
              449.0,
              350.0
            ],
            [
              450.0,
              350.0
            ],
            [
              450.0,
              349.0
            ],
            [
              451.0,
              349.0
            ],
            [
              451.0,
              348.0
            ],
            [
              449.0,
              348.0
            ]
          ]
        ]
      }
    },
    {
      "type": "Feature",
      "properties": {
        "feature_id": 17,
        "feature_type": "detected_region",
        "area_pixel2": 1888.0,
        "review_status": "pending",
        "confidence": null
      },
      "geometry": {
        "type": "Polygon",
        "coordinates": [
          [
            [
              284.0,
              312.0
            ],
            [
              284.0,
              313.0
            ],
            [
              279.0,
              313.0
            ],
            [
              279.0,
              314.0
            ],
            [
              278.0,
              314.0
            ],
            [
              278.0,
              315.0
            ],
            [
              277.0,
              315.0
            ],
            [
              277.0,
              318.0
            ],
            [
              276.0,
              318.0
            ],
            [
              276.0,
              319.0
            ],
            [
              277.0,
              319.0
            ],
            [
              277.0,
              323.0
            ],
            [
              276.0,
              323.0
            ],
            [
              276.0,
              327.0
            ],
            [
              277.0,
              327.0
            ],
            [
              277.0,
              331.0
            ],
            [
              278.0,
              331.0
            ],
            [
              278.0,
              333.0
            ],
            [
              279.0,
              333.0
            ],
            [
              279.0,
              334.0
            ],
            [
              280.0,
              334.0
            ],
            [
              280.0,
              336.0
            ],
            [
              283.0,
              336.0
            ],
            [
              283.0,
              337.0
            ],
            [
              284.0,
              337.0
            ],
            [
              284.0,
              338.0
            ],
            [
              286.0,
              338.0
            ],
            [
              286.0,
              339.0
            ],
            [
              288.0,
              339.0
            ],
            [
              288.0,
              340.0
            ],
            [
              290.0,
              340.0
            ],
            [
              290.0,
              341.0
            ],
            [
              293.0,
              341.0
            ],
            [
              293.0,
              342.0
            ],
            [
              299.0,
              342.0
            ],
            [
              299.0,
              341.0
            ],
            [
              303.0,
              341.0
            ],
            [
              303.0,
              340.0
            ],
            [
              305.0,
              340.0
            ],
            [
              305.0,
              339.0
            ],
            [
              309.0,
              339.0
            ],
            [
              309.0,
              338.0
            ],
            [
              318.0,
              338.0
            ],
            [
              318.0,
              339.0
            ],
            [
              319.0,
              339.0
            ],
            [
              319.0,
              340.0
            ],
            [
              322.0,
              340.0
            ],
            [
              322.0,
              341.0
            ],
            [
              325.0,
              341.0
            ],
            [
              325.0,
              342.0
            ],
            [
              327.0,
              342.0
            ],
            [
              327.0,
              343.0
            ],
            [
              328.0,
              343.0
            ],
            [
              328.0,
              344.0
            ],
            [
              330.0,
              344.0
            ],
            [
              330.0,
              345.0
            ],
            [
              331.0,
              345.0
            ],
            [
              331.0,
              346.0
            ],
            [
              332.0,
              346.0
            ],
            [
              332.0,
              351.0
            ],
            [
              335.0,
              351.0
            ],
            [
              335.0,
              352.0
            ],
            [
              341.0,
              352.0
            ],
            [
              341.0,
              351.0
            ],
            [
              343.0,
              351.0
            ],
            [
              343.0,
              350.0
            ],
            [
              344.0,
              350.0
            ],
            [
              344.0,
              349.0
            ],
            [
              345.0,
              349.0
            ],
            [
              345.0,
              344.0
            ],
            [
              346.0,
              344.0
            ],
            [
              346.0,
              340.0
            ],
            [
              347.0,
              340.0
            ],
            [
              347.0,
              338.0
            ],
            [
              348.0,
              338.0
            ],
            [
              348.0,
              336.0
            ],
            [
              349.0,
              336.0
            ],
            [
              349.0,
              333.0
            ],
            [
              350.0,
              333.0
            ],
            [
              350.0,
              331.0
            ],
            [
              349.0,
              331.0
            ],
            [
              349.0,
              330.0
            ],
            [
              348.0,
              330.0
            ],
            [
              348.0,
              327.0
            ],
            [
              349.0,
              327.0
            ],
            [
              349.0,
              324.0
            ],
            [
              348.0,
              324.0
            ],
            [
              348.0,
              322.0
            ],
            [
              347.0,
              322.0
            ],
            [
              347.0,
              321.0
            ],
            [
              346.0,
              321.0
            ],
            [
              346.0,
              320.0
            ],
            [
              343.0,
              320.0
            ],
            [
              343.0,
              319.0
            ],
            [
              340.0,
              319.0
            ],
            [
              340.0,
              318.0
            ],
            [
              337.0,
              318.0
            ],
            [
              337.0,
              317.0
            ],
            [
              330.0,
              317.0
            ],
            [
              330.0,
              316.0
            ],
            [
              310.0,
              316.0
            ],
            [
              310.0,
              315.0
            ],
            [
              300.0,
              315.0
            ],
            [
              300.0,
              314.0
            ],
            [
              297.0,
              314.0
            ],
            [
              297.0,
              313.0
            ],
            [
              294.0,
              313.0
            ],
            [
              294.0,
              312.0
            ],
            [
              284.0,
              312.0
            ]
          ]
        ]
      }
    },
    {
      "type": "Feature",
      "properties": {
        "feature_id": 18,
        "feature_type": "detected_region",
        "area_pixel2": 238.0,
        "review_status": "pending",
        "confidence": null
      },
      "geometry": {
        "type": "Polygon",
        "coordinates": [
          [
            [
              243.0,
              333.0
            ],
            [
              243.0,
              334.0
            ],
            [
              240.0,
              334.0
            ],
            [
              240.0,
              338.0
            ],
            [
              241.0,
              338.0
            ],
            [
              241.0,
              339.0
            ],
            [
              242.0,
              339.0
            ],
            [
              242.0,
              341.0
            ],
            [
              241.0,
              341.0
            ],
            [
              241.0,
              344.0
            ],
            [
              242.0,
              344.0
            ],
            [
              242.0,
              345.0
            ],
            [
              243.0,
              345.0
            ],
            [
              243.0,
              346.0
            ],
            [
              244.0,
              346.0
            ],
            [
              244.0,
              347.0
            ],
            [
              245.0,
              347.0
            ],
            [
              245.0,
              351.0
            ],
            [
              247.0,
              351.0
            ],
            [
              247.0,
              352.0
            ],
            [
              251.0,
              352.0
            ],
            [
              251.0,
              351.0
            ],
            [
              252.0,
              351.0
            ],
            [
              252.0,
              350.0
            ],
            [
              253.0,
              350.0
            ],
            [
              253.0,
              349.0
            ],
            [
              254.0,
              349.0
            ],
            [
              254.0,
              350.0
            ],
            [
              257.0,
              350.0
            ],
            [
              257.0,
              349.0
            ],
            [
              255.0,
              349.0
            ],
            [
              255.0,
              348.0
            ],
            [
              257.0,
              348.0
            ],
            [
              257.0,
              346.0
            ],
            [
              258.0,
              346.0
            ],
            [
              258.0,
              344.0
            ],
            [
              257.0,
              344.0
            ],
            [
              257.0,
              338.0
            ],
            [
              258.0,
              338.0
            ],
            [
              258.0,
              336.0
            ],
            [
              256.0,
              336.0
            ],
            [
              256.0,
              337.0
            ],
            [
              253.0,
              337.0
            ],
            [
              253.0,
              336.0
            ],
            [
              251.0,
              336.0
            ],
            [
              251.0,
              335.0
            ],
            [
              249.0,
              335.0
            ],
            [
              249.0,
              334.0
            ],
            [
              246.0,
              334.0
            ],
            [
              246.0,
              333.0
            ],
            [
              243.0,
              333.0
            ]
          ]
        ]
      }
    },
    {
      "type": "Feature",
      "properties": {
        "feature_id": 19,
        "feature_type": "detected_region",
        "area_pixel2": 24.0,
        "review_status": "pending",
        "confidence": null
      },
      "geometry": {
        "type": "Polygon",
        "coordinates": [
          [
            [
              454.0,
              351.0
            ],
            [
              454.0,
              354.0
            ],
            [
              453.0,
              354.0
            ],
            [
              453.0,
              357.0
            ],
            [
              454.0,
              357.0
            ],
            [
              454.0,
              359.0
            ],
            [
              455.0,
              359.0
            ],
            [
              455.0,
              358.0
            ],
            [
              457.0,
              358.0
            ],
            [
              457.0,
              352.0
            ],
            [
              456.0,
              352.0
            ],
            [
              456.0,
              351.0
            ],
            [
              454.0,
              351.0
            ]
          ]
        ]
      }
    },
    {
      "type": "Feature",
      "properties": {
        "feature_id": 20,
        "feature_type": "detected_region",
        "area_pixel2": 7.0,
        "review_status": "pending",
        "confidence": null
      },
      "geometry": {
        "type": "Polygon",
        "coordinates": [
          [
            [
              444.0,
              377.0
            ],
            [
              444.0,
              378.0
            ],
            [
              446.0,
              378.0
            ],
            [
              446.0,
              379.0
            ],
            [
              447.0,
              379.0
            ],
            [
              447.0,
              380.0
            ],
            [
              448.0,
              380.0
            ],
            [
              448.0,
              379.0
            ],
            [
              449.0,
              379.0
            ],
            [
              449.0,
              378.0
            ],
            [
              447.0,
              378.0
            ],
            [
              447.0,
              377.0
            ],
            [
              444.0,
              377.0
            ]
          ]
        ]
      }
    },
    {
      "type": "Feature",
      "properties": {
        "feature_id": 21,
        "feature_type": "detected_region",
        "area_pixel2": 2.0,
        "review_status": "pending",
        "confidence": null
      },
      "geometry": {
        "type": "Polygon",
        "coordinates": [
          [
            [
              456.0,
              380.0
            ],
            [
              456.0,
              381.0
            ],
            [
              458.0,
              381.0
            ],
            [
              458.0,
              380.0
            ],
            [
              456.0,
              380.0
            ]
          ]
        ]
      }
    },
    {
      "type": "Feature",
      "properties": {
        "feature_id": 22,
        "feature_type": "detected_region",
        "area_pixel2": 8.0,
        "review_status": "pending",
        "confidence": null
      },
      "geometry": {
        "type": "Polygon",
        "coordinates": [
          [
            [
              460.0,
              380.0
            ],
            [
              460.0,
              381.0
            ],
            [
              458.0,
              381.0
            ],
            [
              458.0,
              382.0
            ],
            [
              459.0,
              382.0
            ],
            [
              459.0,
              384.0
            ],
            [
              461.0,
              384.0
            ],
            [
              461.0,
              380.0
            ],
            [
              460.0,
              380.0
            ]
          ]
        ]
      }
    },
    {
      "type": "Feature",
      "properties": {
        "feature_id": 23,
        "feature_type": "detected_region",
        "area_pixel2": 1.0,
        "review_status": "pending",
        "confidence": null
      },
      "geometry": {
        "type": "Polygon",
        "coordinates": [
          [
            [
              0.0,
              511.0
            ],
            [
              0.0,
              512.0
            ],
            [
              1.0,
              512.0
            ],
            [
              1.0,
              511.0
            ],
            [
              0.0,
              511.0
            ]
          ]
        ]
      }
    },
    {
      "type": "Feature",
      "properties": {
        "feature_id": 24,
        "feature_type": "detected_region",
        "area_pixel2": 47564.0,
        "review_status": "pending",
        "confidence": null
      },
      "geometry": {
        "type": "Polygon",
        "coordinates": [
          [
            [
              335.0,
              192.0
            ],
            [
              335.0,
              193.0
            ],
            [
              334.0,
              193.0
            ],
            [
              334.0,
              195.0
            ],
            [
              333.0,
              195.0
            ],
            [
              333.0,
              197.0
            ],
            [
              332.0,
              197.0
            ],
            [
              332.0,
              198.0
            ],
            [
              331.0,
              198.0
            ],
            [
              331.0,
              199.0
            ],
            [
              330.0,
              199.0
            ],
            [
              330.0,
              200.0
            ],
            [
              319.0,
              200.0
            ],
            [
              319.0,
              201.0
            ],
            [
              318.0,
              201.0
            ],
            [
              318.0,
              202.0
            ],
            [
              317.0,
              202.0
            ],
            [
              317.0,
              203.0
            ],
            [
              314.0,
              203.0
            ],
            [
              314.0,
              202.0
            ],
            [
              309.0,
              202.0
            ],
            [
              309.0,
              203.0
            ],
            [
              306.0,
              203.0
            ],
            [
              306.0,
              204.0
            ],
            [
              302.0,
              204.0
            ],
            [
              302.0,
              206.0
            ],
            [
              301.0,
              206.0
            ],
            [
              301.0,
              208.0
            ],
            [
              300.0,
              208.0
            ],
            [
              300.0,
              209.0
            ],
            [
              299.0,
              209.0
            ],
            [
              299.0,
              210.0
            ],
            [
              298.0,
              210.0
            ],
            [
              298.0,
              213.0
            ],
            [
              297.0,
              213.0
            ],
            [
              297.0,
              214.0
            ],
            [
              298.0,
              214.0
            ],
            [
              298.0,
              215.0
            ],
            [
              291.0,
              215.0
            ],
            [
              291.0,
              216.0
            ],
            [
              285.0,
              216.0
            ],
            [
              285.0,
              218.0
            ],
            [
              284.0,
              218.0
            ],
            [
              284.0,
              222.0
            ],
            [
              285.0,
              222.0
            ],
            [
              285.0,
              224.0
            ],
            [
              284.0,
              224.0
            ],
            [
              284.0,
              225.0
            ],
            [
              283.0,
              225.0
            ],
            [
              283.0,
              226.0
            ],
            [
              281.0,
              226.0
            ],
            [
              281.0,
              229.0
            ],
            [
              282.0,
              229.0
            ],
            [
              282.0,
              230.0
            ],
            [
              283.0,
              230.0
            ],
            [
              283.0,
              232.0
            ],
            [
              284.0,
              232.0
            ],
            [
              284.0,
              233.0
            ],
            [
              286.0,
              233.0
            ],
            [
              286.0,
              234.0
            ],
            [
              284.0,
              234.0
            ],
            [
              284.0,
              235.0
            ],
            [
              283.0,
              235.0
            ],
            [
              283.0,
              236.0
            ],
            [
              284.0,
              236.0
            ],
            [
              284.0,
              238.0
            ],
            [
              283.0,
              238.0
            ],
            [
              283.0,
              239.0
            ],
            [
              280.0,
              239.0
            ],
            [
              280.0,
              238.0
            ],
            [
              279.0,
              238.0
            ],
            [
              279.0,
              237.0
            ],
            [
              278.0,
              237.0
            ],
            [
              278.0,
              236.0
            ],
            [
              274.0,
              236.0
            ],
            [
              274.0,
              237.0
            ],
            [
              273.0,
              237.0
            ],
            [
              273.0,
              238.0
            ],
            [
              272.0,
              238.0
            ],
            [
              272.0,
              240.0
            ],
            [
              270.0,
              240.0
            ],
            [
              270.0,
              239.0
            ],
            [
              267.0,
              239.0
            ],
            [
              267.0,
              237.0
            ],
            [
              266.0,
              237.0
            ],
            [
              266.0,
              234.0
            ],
            [
              265.0,
              234.0
            ],
            [
              265.0,
              230.0
            ],
            [
              264.0,
              230.0
            ],
            [
              264.0,
              234.0
            ],
            [
              263.0,
              234.0
            ],
            [
              263.0,
              236.0
            ],
            [
              264.0,
              236.0
            ],
            [
              264.0,
              238.0
            ],
            [
              263.0,
              238.0
            ],
            [
              263.0,
              239.0
            ],
            [
              260.0,
              239.0
            ],
            [
              260.0,
              241.0
            ],
            [
              262.0,
              241.0
            ],
            [
              262.0,
              242.0
            ],
            [
              263.0,
              242.0
            ],
            [
              263.0,
              244.0
            ],
            [
              262.0,
              244.0
            ],
            [
              262.0,
              246.0
            ],
            [
              263.0,
              246.0
            ],
            [
              263.0,
              248.0
            ],
            [
              264.0,
              248.0
            ],
            [
              264.0,
              249.0
            ],
            [
              265.0,
              249.0
            ],
            [
              265.0,
              250.0
            ],
            [
              267.0,
              250.0
            ],
            [
              267.0,
              251.0
            ],
            [
              268.0,
              251.0
            ],
            [
              268.0,
              253.0
            ],
            [
              269.0,
              253.0
            ],
            [
              269.0,
              254.0
            ],
            [
              271.0,
              254.0
            ],
            [
              271.0,
              255.0
            ],
            [
              273.0,
              255.0
            ],
            [
              273.0,
              256.0
            ],
            [
              275.0,
              256.0
            ],
            [
              275.0,
              255.0
            ],
            [
              278.0,
              255.0
            ],
            [
              278.0,
              254.0
            ],
            [
              279.0,
              254.0
            ],
            [
              279.0,
              253.0
            ],
            [
              280.0,
              253.0
            ],
            [
              280.0,
              252.0
            ],
            [
              281.0,
              252.0
            ],
            [
              281.0,
              250.0
            ],
            [
              282.0,
              250.0
            ],
            [
              282.0,
              249.0
            ],
            [
              283.0,
              249.0
            ],
            [
              283.0,
              250.0
            ],
            [
              284.0,
              250.0
            ],
            [
              284.0,
              252.0
            ],
            [
              285.0,
              252.0
            ],
            [
              285.0,
              254.0
            ],
            [
              286.0,
              254.0
            ],
            [
              286.0,
              255.0
            ],
            [
              287.0,
              255.0
            ],
            [
              287.0,
              256.0
            ],
            [
              288.0,
              256.0
            ],
            [
              288.0,
              257.0
            ],
            [
              289.0,
              257.0
            ],
            [
              289.0,
              258.0
            ],
            [
              291.0,
              258.0
            ],
            [
              291.0,
              261.0
            ],
            [
              292.0,
              261.0
            ],
            [
              292.0,
              263.0
            ],
            [
              293.0,
              263.0
            ],
            [
              293.0,
              264.0
            ],
            [
              294.0,
              264.0
            ],
            [
              294.0,
              268.0
            ],
            [
              293.0,
              268.0
            ],
            [
              293.0,
              270.0
            ],
            [
              292.0,
              270.0
            ],
            [
              292.0,
              272.0
            ],
            [
              287.0,
              272.0
            ],
            [
              287.0,
              271.0
            ],
            [
              285.0,
              271.0
            ],
            [
              285.0,
              270.0
            ],
            [
              281.0,
              270.0
            ],
            [
              281.0,
              269.0
            ],
            [
              277.0,
              269.0
            ],
            [
              277.0,
              268.0
            ],
            [
              273.0,
              268.0
            ],
            [
              273.0,
              267.0
            ],
            [
              269.0,
              267.0
            ],
            [
              269.0,
              266.0
            ],
            [
              267.0,
              266.0
            ],
            [
              267.0,
              265.0
            ],
            [
              257.0,
              265.0
            ],
            [
              257.0,
              264.0
            ],
            [
              253.0,
              264.0
            ],
            [
              253.0,
              263.0
            ],
            [
              248.0,
              263.0
            ],
            [
              248.0,
              262.0
            ],
            [
              238.0,
              262.0
            ],
            [
              238.0,
              261.0
            ],
            [
              235.0,
              261.0
            ],
            [
              235.0,
              258.0
            ],
            [
              225.0,
              258.0
            ],
            [
              225.0,
              257.0
            ],
            [
              218.0,
              257.0
            ],
            [
              218.0,
              256.0
            ],
            [
              212.0,
              256.0
            ],
            [
              212.0,
              255.0
            ],
            [
              204.0,
              255.0
            ],
            [
              204.0,
              256.0
            ],
            [
              202.0,
              256.0
            ],
            [
              202.0,
              257.0
            ],
            [
              201.0,
              257.0
            ],
            [
              201.0,
              258.0
            ],
            [
              200.0,
              258.0
            ],
            [
              200.0,
              259.0
            ],
            [
              199.0,
              259.0
            ],
            [
              199.0,
              261.0
            ],
            [
              198.0,
              261.0
            ],
            [
              198.0,
              263.0
            ],
            [
              197.0,
              263.0
            ],
            [
              197.0,
              266.0
            ],
            [
              196.0,
              266.0
            ],
            [
              196.0,
              269.0
            ],
            [
              195.0,
              269.0
            ],
            [
              195.0,
              273.0
            ],
            [
              194.0,
              273.0
            ],
            [
              194.0,
              274.0
            ],
            [
              193.0,
              274.0
            ],
            [
              193.0,
              275.0
            ],
            [
              192.0,
              275.0
            ],
            [
              192.0,
              278.0
            ],
            [
              191.0,
              278.0
            ],
            [
              191.0,
              281.0
            ],
            [
              190.0,
              281.0
            ],
            [
              190.0,
              283.0
            ],
            [
              189.0,
              283.0
            ],
            [
              189.0,
              284.0
            ],
            [
              188.0,
              284.0
            ],
            [
              188.0,
              286.0
            ],
            [
              187.0,
              286.0
            ],
            [
              187.0,
              288.0
            ],
            [
              186.0,
              288.0
            ],
            [
              186.0,
              290.0
            ],
            [
              185.0,
              290.0
            ],
            [
              185.0,
              291.0
            ],
            [
              184.0,
              291.0
            ],
            [
              184.0,
              292.0
            ],
            [
              183.0,
              292.0
            ],
            [
              183.0,
              295.0
            ],
            [
              182.0,
              295.0
            ],
            [
              182.0,
              297.0
            ],
            [
              181.0,
              297.0
            ],
            [
              181.0,
              300.0
            ],
            [
              180.0,
              300.0
            ],
            [
              180.0,
              305.0
            ],
            [
              181.0,
              305.0
            ],
            [
              181.0,
              307.0
            ],
            [
              182.0,
              307.0
            ],
            [
              182.0,
              310.0
            ],
            [
              183.0,
              310.0
            ],
            [
              183.0,
              311.0
            ],
            [
              184.0,
              311.0
            ],
            [
              184.0,
              312.0
            ],
            [
              185.0,
              312.0
            ],
            [
              185.0,
              313.0
            ],
            [
              187.0,
              313.0
            ],
            [
              187.0,
              314.0
            ],
            [
              189.0,
              314.0
            ],
            [
              189.0,
              313.0
            ],
            [
              194.0,
              313.0
            ],
            [
              194.0,
              312.0
            ],
            [
              199.0,
              312.0
            ],
            [
              199.0,
              313.0
            ],
            [
              223.0,
              313.0
            ],
            [
              223.0,
              312.0
            ],
            [
              225.0,
              312.0
            ],
            [
              225.0,
              311.0
            ],
            [
              229.0,
              311.0
            ],
            [
              229.0,
              310.0
            ],
            [
              234.0,
              310.0
            ],
            [
              234.0,
              311.0
            ],
            [
              235.0,
              311.0
            ],
            [
              235.0,
              310.0
            ],
            [
              236.0,
              310.0
            ],
            [
              236.0,
              307.0
            ],
            [
              239.0,
              307.0
            ],
            [
              239.0,
              308.0
            ],
            [
              240.0,
              308.0
            ],
            [
              240.0,
              310.0
            ],
            [
              238.0,
              310.0
            ],
            [
              238.0,
              311.0
            ],
            [
              241.0,
              311.0
            ],
            [
              241.0,
              316.0
            ],
            [
              242.0,
              316.0
            ],
            [
              242.0,
              318.0
            ],
            [
              244.0,
              318.0
            ],
            [
              244.0,
              319.0
            ],
            [
              245.0,
              319.0
            ],
            [
              245.0,
              320.0
            ],
            [
              249.0,
              320.0
            ],
            [
              249.0,
              321.0
            ],
            [
              252.0,
              321.0
            ],
            [
              252.0,
              322.0
            ],
            [
              254.0,
              322.0
            ],
            [
              254.0,
              324.0
            ],
            [
              255.0,
              324.0
            ],
            [
              255.0,
              325.0
            ],
            [
              257.0,
              325.0
            ],
            [
              257.0,
              324.0
            ],
            [
              258.0,
              324.0
            ],
            [
              258.0,
              320.0
            ],
            [
              259.0,
              320.0
            ],
            [
              259.0,
              317.0
            ],
            [
              258.0,
              317.0
            ],
            [
              258.0,
              314.0
            ],
            [
              257.0,
              314.0
            ],
            [
              257.0,
              313.0
            ],
            [
              256.0,
              313.0
            ],
            [
              256.0,
              311.0
            ],
            [
              255.0,
              311.0
            ],
            [
              255.0,
              310.0
            ],
            [
              254.0,
              310.0
            ],
            [
              254.0,
              309.0
            ],
            [
              253.0,
              309.0
            ],
            [
              253.0,
              307.0
            ],
            [
              252.0,
              307.0
            ],
            [
              252.0,
              306.0
            ],
            [
              242.0,
              306.0
            ],
            [
              242.0,
              304.0
            ],
            [
              240.0,
              304.0
            ],
            [
              240.0,
              303.0
            ],
            [
              241.0,
              303.0
            ],
            [
              241.0,
              302.0
            ],
            [
              242.0,
              302.0
            ],
            [
              242.0,
              301.0
            ],
            [
              243.0,
              301.0
            ],
            [
              243.0,
              299.0
            ],
            [
              244.0,
              299.0
            ],
            [
              244.0,
              298.0
            ],
            [
              247.0,
              298.0
            ],
            [
              247.0,
              297.0
            ],
            [
              248.0,
              297.0
            ],
            [
              248.0,
              296.0
            ],
            [
              249.0,
              296.0
            ],
            [
              249.0,
              297.0
            ],
            [
              250.0,
              297.0
            ],
            [
              250.0,
              303.0
            ],
            [
              254.0,
              303.0
            ],
            [
              254.0,
              302.0
            ],
            [
              259.0,
              302.0
            ],
            [
              259.0,
              303.0
            ],
            [
              260.0,
              303.0
            ],
            [
              260.0,
              304.0
            ],
            [
              261.0,
              304.0
            ],
            [
              261.0,
              302.0
            ],
            [
              262.0,
              302.0
            ],
            [
              262.0,
              301.0
            ],
            [
              263.0,
              301.0
            ],
            [
              263.0,
              300.0
            ],
            [
              265.0,
              300.0
            ],
            [
              265.0,
              299.0
            ],
            [
              269.0,
              299.0
            ],
            [
              269.0,
              298.0
            ],
            [
              270.0,
              298.0
            ],
            [
              270.0,
              297.0
            ],
            [
              272.0,
              297.0
            ],
            [
              272.0,
              296.0
            ],
            [
              273.0,
              296.0
            ],
            [
              273.0,
              295.0
            ],
            [
              274.0,
              295.0
            ],
            [
              274.0,
              294.0
            ],
            [
              275.0,
              294.0
            ],
            [
              275.0,
              293.0
            ],
            [
              276.0,
              293.0
            ],
            [
              276.0,
              292.0
            ],
            [
              277.0,
              292.0
            ],
            [
              277.0,
              291.0
            ],
            [
              278.0,
              291.0
            ],
            [
              278.0,
              289.0
            ],
            [
              279.0,
              289.0
            ],
            [
              279.0,
              288.0
            ],
            [
              281.0,
              288.0
            ],
            [
              281.0,
              287.0
            ],
            [
              289.0,
              287.0
            ],
            [
              289.0,
              286.0
            ],
            [
              290.0,
              286.0
            ],
            [
              290.0,
              285.0
            ],
            [
              291.0,
              285.0
            ],
            [
              291.0,
              284.0
            ],
            [
              292.0,
              284.0
            ],
            [
              292.0,
              281.0
            ],
            [
              291.0,
              281.0
            ],
            [
              291.0,
              279.0
            ],
            [
              292.0,
              279.0
            ],
            [
              292.0,
              277.0
            ],
            [
              293.0,
              277.0
            ],
            [
              293.0,
              275.0
            ],
            [
              294.0,
              275.0
            ],
            [
              294.0,
              274.0
            ],
            [
              295.0,
              274.0
            ],
            [
              295.0,
              273.0
            ],
            [
              298.0,
              273.0
            ],
            [
              298.0,
              272.0
            ],
            [
              305.0,
              272.0
            ],
            [
              305.0,
              275.0
            ],
            [
              306.0,
              275.0
            ],
            [
              306.0,
              276.0
            ],
            [
              307.0,
              276.0
            ],
            [
              307.0,
              277.0
            ],
            [
              310.0,
              277.0
            ],
            [
              310.0,
              278.0
            ],
            [
              311.0,
              278.0
            ],
            [
              311.0,
              279.0
            ],
            [
              312.0,
              279.0
            ],
            [
              312.0,
              280.0
            ],
            [
              314.0,
              280.0
            ],
            [
              314.0,
              281.0
            ],
            [
              318.0,
              281.0
            ],
            [
              318.0,
              282.0
            ],
            [
              319.0,
              282.0
            ],
            [
              319.0,
              283.0
            ],
            [
              320.0,
              283.0
            ],
            [
              320.0,
              284.0
            ],
            [
              319.0,
              284.0
            ],
            [
              319.0,
              285.0
            ],
            [
              316.0,
              285.0
            ],
            [
              316.0,
              286.0
            ],
            [
              313.0,
              286.0
            ],
            [
              313.0,
              285.0
            ],
            [
              311.0,
              285.0
            ],
            [
              311.0,
              284.0
            ],
            [
              306.0,
              284.0
            ],
            [
              306.0,
              285.0
            ],
            [
              304.0,
              285.0
            ],
            [
              304.0,
              286.0
            ],
            [
              302.0,
              286.0
            ],
            [
              302.0,
              287.0
            ],
            [
              300.0,
              287.0
            ],
            [
              300.0,
              288.0
            ],
            [
              298.0,
              288.0
            ],
            [
              298.0,
              290.0
            ],
            [
              299.0,
              290.0
            ],
            [
              299.0,
              292.0
            ],
            [
              301.0,
              292.0
            ],
            [
              301.0,
              293.0
            ],
            [
              305.0,
              293.0
            ],
            [
              305.0,
              296.0
            ],
            [
              304.0,
              296.0
            ],
            [
              304.0,
              299.0
            ],
            [
              305.0,
              299.0
            ],
            [
              305.0,
              300.0
            ],
            [
              306.0,
              300.0
            ],
            [
              306.0,
              301.0
            ],
            [
              308.0,
              301.0
            ],
            [
              308.0,
              302.0
            ],
            [
              309.0,
              302.0
            ],
            [
              309.0,
              301.0
            ],
            [
              310.0,
              301.0
            ],
            [
              310.0,
              300.0
            ],
            [
              312.0,
              300.0
            ],
            [
              312.0,
              302.0
            ],
            [
              314.0,
              302.0
            ],
            [
              314.0,
              303.0
            ],
            [
              317.0,
              303.0
            ],
            [
              317.0,
              302.0
            ],
            [
              319.0,
              302.0
            ],
            [
              319.0,
              300.0
            ],
            [
              321.0,
              300.0
            ],
            [
              321.0,
              299.0
            ],
            [
              322.0,
              299.0
            ],
            [
              322.0,
              300.0
            ],
            [
              323.0,
              300.0
            ],
            [
              323.0,
              301.0
            ],
            [
              326.0,
              301.0
            ],
            [
              326.0,
              302.0
            ],
            [
              329.0,
              302.0
            ],
            [
              329.0,
              303.0
            ],
            [
              332.0,
              303.0
            ],
            [
              332.0,
              304.0
            ],
            [
              334.0,
              304.0
            ],
            [
              334.0,
              303.0
            ],
            [
              335.0,
              303.0
            ],
            [
              335.0,
              302.0
            ],
            [
              336.0,
              302.0
            ],
            [
              336.0,
              298.0
            ],
            [
              337.0,
              298.0
            ],
            [
              337.0,
              297.0
            ],
            [
              339.0,
              297.0
            ],
            [
              339.0,
              296.0
            ],
            [
              340.0,
              296.0
            ],
            [
              340.0,
              297.0
            ],
            [
              342.0,
              297.0
            ],
            [
              342.0,
              299.0
            ],
            [
              344.0,
              299.0
            ],
            [
              344.0,
              300.0
            ],
            [
              345.0,
              300.0
            ],
            [
              345.0,
              299.0
            ],
            [
              346.0,
              299.0
            ],
            [
              346.0,
              298.0
            ],
            [
              347.0,
              298.0
            ],
            [
              347.0,
              297.0
            ],
            [
              348.0,
              297.0
            ],
            [
              348.0,
              296.0
            ],
            [
              350.0,
              296.0
            ],
            [
              350.0,
              295.0
            ],
            [
              351.0,
              295.0
            ],
            [
              351.0,
              294.0
            ],
            [
              352.0,
              294.0
            ],
            [
              352.0,
              293.0
            ],
            [
              359.0,
              293.0
            ],
            [
              359.0,
              294.0
            ],
            [
              361.0,
              294.0
            ],
            [
              361.0,
              295.0
            ],
            [
              363.0,
              295.0
            ],
            [
              363.0,
              296.0
            ],
            [
              367.0,
              296.0
            ],
            [
              367.0,
              297.0
            ],
            [
              368.0,
              297.0
            ],
            [
              368.0,
              298.0
            ],
            [
              372.0,
              298.0
            ],
            [
              372.0,
              297.0
            ],
            [
              376.0,
              297.0
            ],
            [
              376.0,
              298.0
            ],
            [
              380.0,
              298.0
            ],
            [
              380.0,
              299.0
            ],
            [
              382.0,
              299.0
            ],
            [
              382.0,
              300.0
            ],
            [
              383.0,
              300.0
            ],
            [
              383.0,
              301.0
            ],
            [
              385.0,
              301.0
            ],
            [
              385.0,
              302.0
            ],
            [
              388.0,
              302.0
            ],
            [
              388.0,
              303.0
            ],
            [
              390.0,
              303.0
            ],
            [
              390.0,
              304.0
            ],
            [
              392.0,
              304.0
            ],
            [
              392.0,
              305.0
            ],
            [
              395.0,
              305.0
            ],
            [
              395.0,
              306.0
            ],
            [
              396.0,
              306.0
            ],
            [
              396.0,
              307.0
            ],
            [
              398.0,
              307.0
            ],
            [
              398.0,
              309.0
            ],
            [
              399.0,
              309.0
            ],
            [
              399.0,
              310.0
            ],
            [
              401.0,
              310.0
            ],
            [
              401.0,
              311.0
            ],
            [
              397.0,
              311.0
            ],
            [
              397.0,
              312.0
            ],
            [
              394.0,
              312.0
            ],
            [
              394.0,
              313.0
            ],
            [
              392.0,
              313.0
            ],
            [
              392.0,
              314.0
            ],
            [
              390.0,
              314.0
            ],
            [
              390.0,
              315.0
            ],
            [
              389.0,
              315.0
            ],
            [
              389.0,
              316.0
            ],
            [
              385.0,
              316.0
            ],
            [
              385.0,
              317.0
            ],
            [
              383.0,
              317.0
            ],
            [
              383.0,
              318.0
            ],
            [
              381.0,
              318.0
            ],
            [
              381.0,
              319.0
            ],
            [
              380.0,
              319.0
            ],
            [
              380.0,
              320.0
            ],
            [
              378.0,
              320.0
            ],
            [
              378.0,
              323.0
            ],
            [
              377.0,
              323.0
            ],
            [
              377.0,
              325.0
            ],
            [
              376.0,
              325.0
            ],
            [
              376.0,
              326.0
            ],
            [
              369.0,
              326.0
            ],
            [
              369.0,
              327.0
            ],
            [
              367.0,
              327.0
            ],
            [
              367.0,
              328.0
            ],
            [
              365.0,
              328.0
            ],
            [
              365.0,
              329.0
            ],
            [
              361.0,
              329.0
            ],
            [
              361.0,
              330.0
            ],
            [
              360.0,
              330.0
            ],
            [
              360.0,
              333.0
            ],
            [
              359.0,
              333.0
            ],
            [
              359.0,
              339.0
            ],
            [
              358.0,
              339.0
            ],
            [
              358.0,
              342.0
            ],
            [
              357.0,
              342.0
            ],
            [
              357.0,
              350.0
            ],
            [
              356.0,
              350.0
            ],
            [
              356.0,
              360.0
            ],
            [
              357.0,
              360.0
            ],
            [
              357.0,
              361.0
            ],
            [
              358.0,
              361.0
            ],
            [
              358.0,
              362.0
            ],
            [
              360.0,
              362.0
            ],
            [
              360.0,
              363.0
            ],
            [
              363.0,
              363.0
            ],
            [
              363.0,
              364.0
            ],
            [
              364.0,
              364.0
            ],
            [
              364.0,
              366.0
            ],
            [
              368.0,
              366.0
            ],
            [
              368.0,
              367.0
            ],
            [
              369.0,
              367.0
            ],
            [
              369.0,
              368.0
            ],
            [
              371.0,
              368.0
            ],
            [
              371.0,
              369.0
            ],
            [
              372.0,
              369.0
            ],
            [
              372.0,
              370.0
            ],
            [
              374.0,
              370.0
            ],
            [
              374.0,
              371.0
            ],
            [
              375.0,
              371.0
            ],
            [
              375.0,
              372.0
            ],
            [
              377.0,
              372.0
            ],
            [
              377.0,
              373.0
            ],
            [
              378.0,
              373.0
            ],
            [
              378.0,
              375.0
            ],
            [
              377.0,
              375.0
            ],
            [
              377.0,
              376.0
            ],
            [
              376.0,
              376.0
            ],
            [
              376.0,
              377.0
            ],
            [
              375.0,
              377.0
            ],
            [
              375.0,
              378.0
            ],
            [
              374.0,
              378.0
            ],
            [
              374.0,
              381.0
            ],
            [
              375.0,
              381.0
            ],
            [
              375.0,
              383.0
            ],
            [
              376.0,
              383.0
            ],
            [
              376.0,
              384.0
            ],
            [
              368.0,
              384.0
            ],
            [
              368.0,
              385.0
            ],
            [
              367.0,
              385.0
            ],
            [
              367.0,
              386.0
            ],
            [
              366.0,
              386.0
            ],
            [
              366.0,
              390.0
            ],
            [
              367.0,
              390.0
            ],
            [
              367.0,
              391.0
            ],
            [
              368.0,
              391.0
            ],
            [
              368.0,
              392.0
            ],
            [
              370.0,
              392.0
            ],
            [
              370.0,
              393.0
            ],
            [
              372.0,
              393.0
            ],
            [
              372.0,
              394.0
            ],
            [
              373.0,
              394.0
            ],
            [
              373.0,
              395.0
            ],
            [
              375.0,
              395.0
            ],
            [
              375.0,
              396.0
            ],
            [
              376.0,
              396.0
            ],
            [
              376.0,
              398.0
            ],
            [
              375.0,
              398.0
            ],
            [
              375.0,
              401.0
            ],
            [
              376.0,
              401.0
            ],
            [
              376.0,
              402.0
            ],
            [
              377.0,
              402.0
            ],
            [
              377.0,
              403.0
            ],
            [
              378.0,
              403.0
            ],
            [
              378.0,
              405.0
            ],
            [
              379.0,
              405.0
            ],
            [
              379.0,
              407.0
            ],
            [
              378.0,
              407.0
            ],
            [
              378.0,
              408.0
            ],
            [
              376.0,
              408.0
            ],
            [
              376.0,
              409.0
            ],
            [
              375.0,
              409.0
            ],
            [
              375.0,
              410.0
            ],
            [
              374.0,
              410.0
            ],
            [
              374.0,
              411.0
            ],
            [
              373.0,
              411.0
            ],
            [
              373.0,
              412.0
            ],
            [
              372.0,
              412.0
            ],
            [
              372.0,
              413.0
            ],
            [
              371.0,
              413.0
            ],
            [
              371.0,
              427.0
            ],
            [
              370.0,
              427.0
            ],
            [
              370.0,
              428.0
            ],
            [
              371.0,
              428.0
            ],
            [
              371.0,
              430.0
            ],
            [
              372.0,
              430.0
            ],
            [
              372.0,
              431.0
            ],
            [
              374.0,
              431.0
            ],
            [
              374.0,
              432.0
            ],
            [
              375.0,
              432.0
            ],
            [
              375.0,
              433.0
            ],
            [
              376.0,
              433.0
            ],
            [
              376.0,
              435.0
            ],
            [
              375.0,
              435.0
            ],
            [
              375.0,
              436.0
            ],
            [
              374.0,
              436.0
            ],
            [
              374.0,
              437.0
            ],
            [
              371.0,
              437.0
            ],
            [
              371.0,
              436.0
            ],
            [
              369.0,
              436.0
            ],
            [
              369.0,
              435.0
            ],
            [
              368.0,
              435.0
            ],
            [
              368.0,
              434.0
            ],
            [
              367.0,
              434.0
            ],
            [
              367.0,
              432.0
            ],
            [
              365.0,
              432.0
            ],
            [
              365.0,
              431.0
            ],
            [
              363.0,
              431.0
            ],
            [
              363.0,
              430.0
            ],
            [
              362.0,
              430.0
            ],
            [
              362.0,
              429.0
            ],
            [
              361.0,
              429.0
            ],
            [
              361.0,
              428.0
            ],
            [
              359.0,
              428.0
            ],
            [
              359.0,
              427.0
            ],
            [
              357.0,
              427.0
            ],
            [
              357.0,
              426.0
            ],
            [
              355.0,
              426.0
            ],
            [
              355.0,
              425.0
            ],
            [
              354.0,
              425.0
            ],
            [
              354.0,
              424.0
            ],
            [
              352.0,
              424.0
            ],
            [
              352.0,
              423.0
            ],
            [
              350.0,
              423.0
            ],
            [
              350.0,
              422.0
            ],
            [
              349.0,
              422.0
            ],
            [
              349.0,
              421.0
            ],
            [
              348.0,
              421.0
            ],
            [
              348.0,
              419.0
            ],
            [
              347.0,
              419.0
            ],
            [
              347.0,
              418.0
            ],
            [
              345.0,
              418.0
            ],
            [
              345.0,
              417.0
            ],
            [
              343.0,
              417.0
            ],
            [
              343.0,
              416.0
            ],
            [
              341.0,
              416.0
            ],
            [
              341.0,
              414.0
            ],
            [
              340.0,
              414.0
            ],
            [
              340.0,
              412.0
            ],
            [
              339.0,
              412.0
            ],
            [
              339.0,
              408.0
            ],
            [
              340.0,
              408.0
            ],
            [
              340.0,
              406.0
            ],
            [
              341.0,
              406.0
            ],
            [
              341.0,
              404.0
            ],
            [
              340.0,
              404.0
            ],
            [
              340.0,
              400.0
            ],
            [
              341.0,
              400.0
            ],
            [
              341.0,
              398.0
            ],
            [
              343.0,
              398.0
            ],
            [
              343.0,
              397.0
            ],
            [
              345.0,
              397.0
            ],
            [
              345.0,
              396.0
            ],
            [
              346.0,
              396.0
            ],
            [
              346.0,
              395.0
            ],
            [
              347.0,
              395.0
            ],
            [
              347.0,
              393.0
            ],
            [
              346.0,
              393.0
            ],
            [
              346.0,
              392.0
            ],
            [
              345.0,
              392.0
            ],
            [
              345.0,
              391.0
            ],
            [
              342.0,
              391.0
            ],
            [
              342.0,
              390.0
            ],
            [
              341.0,
              390.0
            ],
            [
              341.0,
              389.0
            ],
            [
              340.0,
              389.0
            ],
            [
              340.0,
              383.0
            ],
            [
              341.0,
              383.0
            ],
            [
              341.0,
              382.0
            ],
            [
              342.0,
              382.0
            ],
            [
              342.0,
              380.0
            ],
            [
              339.0,
              380.0
            ],
            [
              339.0,
              379.0
            ],
            [
              333.0,
              379.0
            ],
            [
              333.0,
              378.0
            ],
            [
              329.0,
              378.0
            ],
            [
              329.0,
              377.0
            ],
            [
              326.0,
              377.0
            ],
            [
              326.0,
              376.0
            ],
            [
              324.0,
              376.0
            ],
            [
              324.0,
              375.0
            ],
            [
              322.0,
              375.0
            ],
            [
              322.0,
              372.0
            ],
            [
              321.0,
              372.0
            ],
            [
              321.0,
              370.0
            ],
            [
              320.0,
              370.0
            ],
            [
              320.0,
              369.0
            ],
            [
              319.0,
              369.0
            ],
            [
              319.0,
              368.0
            ],
            [
              315.0,
              368.0
            ],
            [
              315.0,
              372.0
            ],
            [
              313.0,
              372.0
            ],
            [
              313.0,
              373.0
            ],
            [
              310.0,
              373.0
            ],
            [
              310.0,
              374.0
            ],
            [
              308.0,
              374.0
            ],
            [
              308.0,
              375.0
            ],
            [
              305.0,
              375.0
            ],
            [
              305.0,
              376.0
            ],
            [
              301.0,
              376.0
            ],
            [
              301.0,
              377.0
            ],
            [
              297.0,
              377.0
            ],
            [
              297.0,
              378.0
            ],
            [
              295.0,
              378.0
            ],
            [
              295.0,
              379.0
            ],
            [
              293.0,
              379.0
            ],
            [
              293.0,
              381.0
            ],
            [
              292.0,
              381.0
            ],
            [
              292.0,
              382.0
            ],
            [
              291.0,
              382.0
            ],
            [
              291.0,
              383.0
            ],
            [
              289.0,
              383.0
            ],
            [
              289.0,
              384.0
            ],
            [
              286.0,
              384.0
            ],
            [
              286.0,
              385.0
            ],
            [
              283.0,
              385.0
            ],
            [
              283.0,
              384.0
            ],
            [
              282.0,
              384.0
            ],
            [
              282.0,
              383.0
            ],
            [
              281.0,
              383.0
            ],
            [
              281.0,
              381.0
            ],
            [
              279.0,
              381.0
            ],
            [
              279.0,
              380.0
            ],
            [
              278.0,
              380.0
            ],
            [
              278.0,
              379.0
            ],
            [
              277.0,
              379.0
            ],
            [
              277.0,
              378.0
            ],
            [
              275.0,
              378.0
            ],
            [
              275.0,
              377.0
            ],
            [
              272.0,
              377.0
            ],
            [
              272.0,
              376.0
            ],
            [
              270.0,
              376.0
            ],
            [
              270.0,
              377.0
            ],
            [
              269.0,
              377.0
            ],
            [
              269.0,
              380.0
            ],
            [
              270.0,
              380.0
            ],
            [
              270.0,
              381.0
            ],
            [
              271.0,
              381.0
            ],
            [
              271.0,
              383.0
            ],
            [
              272.0,
              383.0
            ],
            [
              272.0,
              384.0
            ],
            [
              271.0,
              384.0
            ],
            [
              271.0,
              391.0
            ],
            [
              272.0,
              391.0
            ],
            [
              272.0,
              392.0
            ],
            [
              273.0,
              392.0
            ],
            [
              273.0,
              395.0
            ],
            [
              274.0,
              395.0
            ],
            [
              274.0,
              396.0
            ],
            [
              275.0,
              396.0
            ],
            [
              275.0,
              398.0
            ],
            [
              276.0,
              398.0
            ],
            [
              276.0,
              400.0
            ],
            [
              277.0,
              400.0
            ],
            [
              277.0,
              402.0
            ],
            [
              276.0,
              402.0
            ],
            [
              276.0,
              406.0
            ],
            [
              275.0,
              406.0
            ],
            [
              275.0,
              408.0
            ],
            [
              274.0,
              408.0
            ],
            [
              274.0,
              411.0
            ],
            [
              275.0,
              411.0
            ],
            [
              275.0,
              415.0
            ],
            [
              276.0,
              415.0
            ],
            [
              276.0,
              419.0
            ],
            [
              277.0,
              419.0
            ],
            [
              277.0,
              421.0
            ],
            [
              278.0,
              421.0
            ],
            [
              278.0,
              422.0
            ],
            [
              279.0,
              422.0
            ],
            [
              279.0,
              423.0
            ],
            [
              281.0,
              423.0
            ],
            [
              281.0,
              424.0
            ],
            [
              283.0,
              424.0
            ],
            [
              283.0,
              425.0
            ],
            [
              285.0,
              425.0
            ],
            [
              285.0,
              426.0
            ],
            [
              287.0,
              426.0
            ],
            [
              287.0,
              427.0
            ],
            [
              290.0,
              427.0
            ],
            [
              290.0,
              428.0
            ],
            [
              299.0,
              428.0
            ],
            [
              299.0,
              429.0
            ],
            [
              301.0,
              429.0
            ],
            [
              301.0,
              430.0
            ],
            [
              302.0,
              430.0
            ],
            [
              302.0,
              431.0
            ],
            [
              303.0,
              431.0
            ],
            [
              303.0,
              432.0
            ],
            [
              305.0,
              432.0
            ],
            [
              305.0,
              434.0
            ],
            [
              307.0,
              434.0
            ],
            [
              307.0,
              436.0
            ],
            [
              303.0,
              436.0
            ],
            [
              303.0,
              437.0
            ],
            [
              301.0,
              437.0
            ],
            [
              301.0,
              438.0
            ],
            [
              299.0,
              438.0
            ],
            [
              299.0,
              439.0
            ],
            [
              298.0,
              439.0
            ],
            [
              298.0,
              440.0
            ],
            [
              297.0,
              440.0
            ],
            [
              297.0,
              441.0
            ],
            [
              294.0,
              441.0
            ],
            [
              294.0,
              442.0
            ],
            [
              286.0,
              442.0
            ],
            [
              286.0,
              441.0
            ],
            [
              282.0,
              441.0
            ],
            [
              282.0,
              440.0
            ],
            [
              278.0,
              440.0
            ],
            [
              278.0,
              439.0
            ],
            [
              275.0,
              439.0
            ],
            [
              275.0,
              438.0
            ],
            [
              271.0,
              438.0
            ],
            [
              271.0,
              437.0
            ],
            [
              259.0,
              437.0
            ],
            [
              259.0,
              438.0
            ],
            [
              251.0,
              438.0
            ],
            [
              251.0,
              439.0
            ],
            [
              242.0,
              439.0
            ],
            [
              242.0,
              440.0
            ],
            [
              240.0,
              440.0
            ],
            [
              240.0,
              441.0
            ],
            [
              238.0,
              441.0
            ],
            [
              238.0,
              442.0
            ],
            [
              237.0,
              442.0
            ],
            [
              237.0,
              444.0
            ],
            [
              236.0,
              444.0
            ],
            [
              236.0,
              445.0
            ],
            [
              235.0,
              445.0
            ],
            [
              235.0,
              449.0
            ],
            [
              234.0,
              449.0
            ],
            [
              234.0,
              451.0
            ],
            [
              233.0,
              451.0
            ],
            [
              233.0,
              453.0
            ],
            [
              227.0,
              453.0
            ],
            [
              227.0,
              454.0
            ],
            [
              212.0,
              454.0
            ],
            [
              212.0,
              455.0
            ],
            [
              210.0,
              455.0
            ],
            [
              210.0,
              456.0
            ],
            [
              209.0,
              456.0
            ],
            [
              209.0,
              458.0
            ],
            [
              208.0,
              458.0
            ],
            [
              208.0,
              460.0
            ],
            [
              207.0,
              460.0
            ],
            [
              207.0,
              461.0
            ],
            [
              206.0,
              461.0
            ],
            [
              206.0,
              468.0
            ],
            [
              207.0,
              468.0
            ],
            [
              207.0,
              471.0
            ],
            [
              208.0,
              471.0
            ],
            [
              208.0,
              472.0
            ],
            [
              210.0,
              472.0
            ],
            [
              210.0,
              474.0
            ],
            [
              212.0,
              474.0
            ],
            [
              212.0,
              475.0
            ],
            [
              213.0,
              475.0
            ],
            [
              213.0,
              476.0
            ],
            [
              216.0,
              476.0
            ],
            [
              216.0,
              477.0
            ],
            [
              217.0,
              477.0
            ],
            [
              217.0,
              479.0
            ],
            [
              218.0,
              479.0
            ],
            [
              218.0,
              482.0
            ],
            [
              217.0,
              482.0
            ],
            [
              217.0,
              484.0
            ],
            [
              216.0,
              484.0
            ],
            [
              216.0,
              485.0
            ],
            [
              215.0,
              485.0
            ],
            [
              215.0,
              486.0
            ],
            [
              214.0,
              486.0
            ],
            [
              214.0,
              488.0
            ],
            [
              204.0,
              488.0
            ],
            [
              204.0,
              487.0
            ],
            [
              203.0,
              487.0
            ],
            [
              203.0,
              486.0
            ],
            [
              201.0,
              486.0
            ],
            [
              201.0,
              485.0
            ],
            [
              200.0,
              485.0
            ],
            [
              200.0,
              486.0
            ],
            [
              199.0,
              486.0
            ],
            [
              199.0,
              485.0
            ],
            [
              198.0,
              485.0
            ],
            [
              198.0,
              484.0
            ],
            [
              197.0,
              484.0
            ],
            [
              197.0,
              483.0
            ],
            [
              196.0,
              483.0
            ],
            [
              196.0,
              482.0
            ],
            [
              195.0,
              482.0
            ],
            [
              195.0,
              480.0
            ],
            [
              193.0,
              480.0
            ],
            [
              193.0,
              479.0
            ],
            [
              191.0,
              479.0
            ],
            [
              191.0,
              478.0
            ],
            [
              188.0,
              478.0
            ],
            [
              188.0,
              477.0
            ],
            [
              184.0,
              477.0
            ],
            [
              184.0,
              476.0
            ],
            [
              181.0,
              476.0
            ],
            [
              181.0,
              475.0
            ],
            [
              173.0,
              475.0
            ],
            [
              173.0,
              474.0
            ],
            [
              170.0,
              474.0
            ],
            [
              170.0,
              473.0
            ],
            [
              162.0,
              473.0
            ],
            [
              162.0,
              472.0
            ],
            [
              156.0,
              472.0
            ],
            [
              156.0,
              473.0
            ],
            [
              154.0,
              473.0
            ],
            [
              154.0,
              474.0
            ],
            [
              153.0,
              474.0
            ],
            [
              153.0,
              475.0
            ],
            [
              152.0,
              475.0
            ],
            [
              152.0,
              477.0
            ],
            [
              151.0,
              477.0
            ],
            [
              151.0,
              479.0
            ],
            [
              150.0,
              479.0
            ],
            [
              150.0,
              481.0
            ],
            [
              149.0,
              481.0
            ],
            [
              149.0,
              488.0
            ],
            [
              148.0,
              488.0
            ],
            [
              148.0,
              490.0
            ],
            [
              147.0,
              490.0
            ],
            [
              147.0,
              495.0
            ],
            [
              146.0,
              495.0
            ],
            [
              146.0,
              496.0
            ],
            [
              145.0,
              496.0
            ],
            [
              145.0,
              497.0
            ],
            [
              142.0,
              497.0
            ],
            [
              142.0,
              498.0
            ],
            [
              140.0,
              498.0
            ],
            [
              140.0,
              500.0
            ],
            [
              137.0,
              500.0
            ],
            [
              137.0,
              501.0
            ],
            [
              136.0,
              501.0
            ],
            [
              136.0,
              503.0
            ],
            [
              135.0,
              503.0
            ],
            [
              135.0,
              504.0
            ],
            [
              134.0,
              504.0
            ],
            [
              134.0,
              505.0
            ],
            [
              133.0,
              505.0
            ],
            [
              133.0,
              506.0
            ],
            [
              132.0,
              506.0
            ],
            [
              132.0,
              507.0
            ],
            [
              130.0,
              507.0
            ],
            [
              130.0,
              508.0
            ],
            [
              129.0,
              508.0
            ],
            [
              129.0,
              509.0
            ],
            [
              128.0,
              509.0
            ],
            [
              128.0,
              510.0
            ],
            [
              127.0,
              510.0
            ],
            [
              127.0,
              511.0
            ],
            [
              121.0,
              511.0
            ],
            [
              121.0,
              512.0
            ],
            [
              393.0,
              512.0
            ],
            [
              393.0,
              511.0
            ],
            [
              354.0,
              511.0
            ],
            [
              354.0,
              510.0
            ],
            [
              352.0,
              510.0
            ],
            [
              352.0,
              504.0
            ],
            [
              353.0,
              504.0
            ],
            [
              353.0,
              503.0
            ],
            [
              352.0,
              503.0
            ],
            [
              352.0,
              499.0
            ],
            [
              353.0,
              499.0
            ],
            [
              353.0,
              497.0
            ],
            [
              354.0,
              497.0
            ],
            [
              354.0,
              493.0
            ],
            [
              355.0,
              493.0
            ],
            [
              355.0,
              490.0
            ],
            [
              356.0,
              490.0
            ],
            [
              356.0,
              488.0
            ],
            [
              357.0,
              488.0
            ],
            [
              357.0,
              487.0
            ],
            [
              358.0,
              487.0
            ],
            [
              358.0,
              486.0
            ],
            [
              359.0,
              486.0
            ],
            [
              359.0,
              485.0
            ],
            [
              360.0,
              485.0
            ],
            [
              360.0,
              484.0
            ],
            [
              361.0,
              484.0
            ],
            [
              361.0,
              483.0
            ],
            [
              363.0,
              483.0
            ],
            [
              363.0,
              476.0
            ],
            [
              362.0,
              476.0
            ],
            [
              362.0,
              469.0
            ],
            [
              361.0,
              469.0
            ],
            [
              361.0,
              468.0
            ],
            [
              362.0,
              468.0
            ],
            [
              362.0,
              462.0
            ],
            [
              363.0,
              462.0
            ],
            [
              363.0,
              459.0
            ],
            [
              365.0,
              459.0
            ],
            [
              365.0,
              460.0
            ],
            [
              366.0,
              460.0
            ],
            [
              366.0,
              462.0
            ],
            [
              367.0,
              462.0
            ],
            [
              367.0,
              463.0
            ],
            [
              368.0,
              463.0
            ],
            [
              368.0,
              466.0
            ],
            [
              369.0,
              466.0
            ],
            [
              369.0,
              468.0
            ],
            [
              370.0,
              468.0
            ],
            [
              370.0,
              474.0
            ],
            [
              371.0,
              474.0
            ],
            [
              371.0,
              475.0
            ],
            [
              372.0,
              475.0
            ],
            [
              372.0,
              476.0
            ],
            [
              373.0,
              476.0
            ],
            [
              373.0,
              477.0
            ],
            [
              375.0,
              477.0
            ],
            [
              375.0,
              478.0
            ],
            [
              376.0,
              478.0
            ],
            [
              376.0,
              479.0
            ],
            [
              377.0,
              479.0
            ],
            [
              377.0,
              480.0
            ],
            [
              378.0,
              480.0
            ],
            [
              378.0,
              481.0
            ],
            [
              379.0,
              481.0
            ],
            [
              379.0,
              482.0
            ],
            [
              381.0,
              482.0
            ],
            [
              381.0,
              483.0
            ],
            [
              382.0,
              483.0
            ],
            [
              382.0,
              484.0
            ],
            [
              383.0,
              484.0
            ],
            [
              383.0,
              486.0
            ],
            [
              384.0,
              486.0
            ],
            [
              384.0,
              487.0
            ],
            [
              387.0,
              487.0
            ],
            [
              387.0,
              488.0
            ],
            [
              390.0,
              488.0
            ],
            [
              390.0,
              487.0
            ],
            [
              391.0,
              487.0
            ],
            [
              391.0,
              486.0
            ],
            [
              399.0,
              486.0
            ],
            [
              399.0,
              485.0
            ],
            [
              400.0,
              485.0
            ],
            [
              400.0,
              486.0
            ],
            [
              401.0,
              486.0
            ],
            [
              401.0,
              485.0
            ],
            [
              402.0,
              485.0
            ],
            [
              402.0,
              484.0
            ],
            [
              403.0,
              484.0
            ],
            [
              403.0,
              483.0
            ],
            [
              408.0,
              483.0
            ],
            [
              408.0,
              484.0
            ],
            [
              409.0,
              484.0
            ],
            [
              409.0,
              487.0
            ],
            [
              408.0,
              487.0
            ],
            [
              408.0,
              490.0
            ],
            [
              407.0,
              490.0
            ],
            [
              407.0,
              492.0
            ],
            [
              408.0,
              492.0
            ],
            [
              408.0,
              493.0
            ],
            [
              409.0,
              493.0
            ],
            [
              409.0,
              495.0
            ],
            [
              410.0,
              495.0
            ],
            [
              410.0,
              497.0
            ],
            [
              411.0,
              497.0
            ],
            [
              411.0,
              498.0
            ],
            [
              412.0,
              498.0
            ],
            [
              412.0,
              499.0
            ],
            [
              414.0,
              499.0
            ],
            [
              414.0,
              502.0
            ],
            [
              413.0,
              502.0
            ],
            [
              413.0,
              503.0
            ],
            [
              412.0,
              503.0
            ],
            [
              412.0,
              504.0
            ],
            [
              410.0,
              504.0
            ],
            [
              410.0,
              508.0
            ],
            [
              409.0,
              508.0
            ],
            [
              409.0,
              509.0
            ],
            [
              407.0,
              509.0
            ],
            [
              407.0,
              510.0
            ],
            [
              405.0,
              510.0
            ],
            [
              405.0,
              511.0
            ],
            [
              399.0,
              511.0
            ],
            [
              399.0,
              512.0
            ],
            [
              430.0,
              512.0
            ],
            [
              430.0,
              511.0
            ],
            [
              428.0,
              511.0
            ],
            [
              428.0,
              510.0
            ],
            [
              429.0,
              510.0
            ],
            [
              429.0,
              506.0
            ],
            [
              431.0,
              506.0
            ],
            [
              431.0,
              503.0
            ],
            [
              430.0,
              503.0
            ],
            [
              430.0,
              504.0
            ],
            [
              429.0,
              504.0
            ],
            [
              429.0,
              505.0
            ],
            [
              428.0,
              505.0
            ],
            [
              428.0,
              502.0
            ],
            [
              429.0,
              502.0
            ],
            [
              429.0,
              496.0
            ],
            [
              430.0,
              496.0
            ],
            [
              430.0,
              492.0
            ],
            [
              431.0,
              492.0
            ],
            [
              431.0,
              491.0
            ],
            [
              432.0,
              491.0
            ],
            [
              432.0,
              489.0
            ],
            [
              433.0,
              489.0
            ],
            [
              433.0,
              487.0
            ],
            [
              434.0,
              487.0
            ],
            [
              434.0,
              477.0
            ],
            [
              433.0,
              477.0
            ],
            [
              433.0,
              475.0
            ],
            [
              432.0,
              475.0
            ],
            [
              432.0,
              474.0
            ],
            [
              431.0,
              474.0
            ],
            [
              431.0,
              473.0
            ],
            [
              430.0,
              473.0
            ],
            [
              430.0,
              472.0
            ],
            [
              429.0,
              472.0
            ],
            [
              429.0,
              470.0
            ],
            [
              427.0,
              470.0
            ],
            [
              427.0,
              468.0
            ],
            [
              426.0,
              468.0
            ],
            [
              426.0,
              465.0
            ],
            [
              427.0,
              465.0
            ],
            [
              427.0,
              461.0
            ],
            [
              426.0,
              461.0
            ],
            [
              426.0,
              459.0
            ],
            [
              425.0,
              459.0
            ],
            [
              425.0,
              457.0
            ],
            [
              424.0,
              457.0
            ],
            [
              424.0,
              456.0
            ],
            [
              423.0,
              456.0
            ],
            [
              423.0,
              454.0
            ],
            [
              424.0,
              454.0
            ],
            [
              424.0,
              451.0
            ],
            [
              423.0,
              451.0
            ],
            [
              423.0,
              450.0
            ],
            [
              422.0,
              450.0
            ],
            [
              422.0,
              449.0
            ],
            [
              421.0,
              449.0
            ],
            [
              421.0,
              448.0
            ],
            [
              420.0,
              448.0
            ],
            [
              420.0,
              446.0
            ],
            [
              419.0,
              446.0
            ],
            [
              419.0,
              444.0
            ],
            [
              418.0,
              444.0
            ],
            [
              418.0,
              441.0
            ],
            [
              417.0,
              441.0
            ],
            [
              417.0,
              440.0
            ],
            [
              416.0,
              440.0
            ],
            [
              416.0,
              438.0
            ],
            [
              415.0,
              438.0
            ],
            [
              415.0,
              436.0
            ],
            [
              414.0,
              436.0
            ],
            [
              414.0,
              435.0
            ],
            [
              413.0,
              435.0
            ],
            [
              413.0,
              434.0
            ],
            [
              410.0,
              434.0
            ],
            [
              410.0,
              433.0
            ],
            [
              407.0,
              433.0
            ],
            [
              407.0,
              428.0
            ],
            [
              406.0,
              428.0
            ],
            [
              406.0,
              425.0
            ],
            [
              407.0,
              425.0
            ],
            [
              407.0,
              422.0
            ],
            [
              410.0,
              422.0
            ],
            [
              410.0,
              421.0
            ],
            [
              411.0,
              421.0
            ],
            [
              411.0,
              422.0
            ],
            [
              412.0,
              422.0
            ],
            [
              412.0,
              421.0
            ],
            [
              416.0,
              421.0
            ],
            [
              416.0,
              419.0
            ],
            [
              414.0,
              419.0
            ],
            [
              414.0,
              418.0
            ],
            [
              409.0,
              418.0
            ],
            [
              409.0,
              417.0
            ],
            [
              408.0,
              417.0
            ],
            [
              408.0,
              416.0
            ],
            [
              406.0,
              416.0
            ],
            [
              406.0,
              415.0
            ],
            [
              405.0,
              415.0
            ],
            [
              405.0,
              414.0
            ],
            [
              403.0,
              414.0
            ],
            [
              403.0,
              413.0
            ],
            [
              401.0,
              413.0
            ],
            [
              401.0,
              412.0
            ],
            [
              399.0,
              412.0
            ],
            [
              399.0,
              410.0
            ],
            [
              400.0,
              410.0
            ],
            [
              400.0,
              409.0
            ],
            [
              403.0,
              409.0
            ],
            [
              403.0,
              408.0
            ],
            [
              406.0,
              408.0
            ],
            [
              406.0,
              407.0
            ],
            [
              407.0,
              407.0
            ],
            [
              407.0,
              406.0
            ],
            [
              416.0,
              406.0
            ],
            [
              416.0,
              410.0
            ],
            [
              417.0,
              410.0
            ],
            [
              417.0,
              412.0
            ],
            [
              418.0,
              412.0
            ],
            [
              418.0,
              414.0
            ],
            [
              420.0,
              414.0
            ],
            [
              420.0,
              413.0
            ],
            [
              421.0,
              413.0
            ],
            [
              421.0,
              412.0
            ],
            [
              425.0,
              412.0
            ],
            [
              425.0,
              411.0
            ],
            [
              428.0,
              411.0
            ],
            [
              428.0,
              412.0
            ],
            [
              430.0,
              412.0
            ],
            [
              430.0,
              411.0
            ],
            [
              431.0,
              411.0
            ],
            [
              431.0,
              409.0
            ],
            [
              430.0,
              409.0
            ],
            [
              430.0,
              408.0
            ],
            [
              435.0,
              408.0
            ],
            [
              435.0,
              407.0
            ],
            [
              437.0,
              407.0
            ],
            [
              437.0,
              406.0
            ],
            [
              440.0,
              406.0
            ],
            [
              440.0,
              408.0
            ],
            [
              441.0,
              408.0
            ],
            [
              441.0,
              411.0
            ],
            [
              440.0,
              411.0
            ],
            [
              440.0,
              409.0
            ],
            [
              439.0,
              409.0
            ],
            [
              439.0,
              410.0
            ],
            [
              437.0,
              410.0
            ],
            [
              437.0,
              411.0
            ],
            [
              438.0,
              411.0
            ],
            [
              438.0,
              412.0
            ],
            [
              439.0,
              412.0
            ],
            [
              439.0,
              414.0
            ],
            [
              436.0,
              414.0
            ],
            [
              436.0,
              417.0
            ],
            [
              437.0,
              417.0
            ],
            [
              437.0,
              418.0
            ],
            [
              441.0,
              418.0
            ],
            [
              441.0,
              417.0
            ],
            [
              442.0,
              417.0
            ],
            [
              442.0,
              418.0
            ],
            [
              445.0,
              418.0
            ],
            [
              445.0,
              419.0
            ],
            [
              446.0,
              419.0
            ],
            [
              446.0,
              418.0
            ],
            [
              450.0,
              418.0
            ],
            [
              450.0,
              419.0
            ],
            [
              456.0,
              419.0
            ],
            [
              456.0,
              418.0
            ],
            [
              457.0,
              418.0
            ],
            [
              457.0,
              417.0
            ],
            [
              458.0,
              417.0
            ],
            [
              458.0,
              414.0
            ],
            [
              459.0,
              414.0
            ],
            [
              459.0,
              412.0
            ],
            [
              460.0,
              412.0
            ],
            [
              460.0,
              409.0
            ],
            [
              459.0,
              409.0
            ],
            [
              459.0,
              408.0
            ],
            [
              458.0,
              408.0
            ],
            [
              458.0,
              406.0
            ],
            [
              457.0,
              406.0
            ],
            [
              457.0,
              407.0
            ],
            [
              456.0,
              407.0
            ],
            [
              456.0,
              408.0
            ],
            [
              455.0,
              408.0
            ],
            [
              455.0,
              407.0
            ],
            [
              454.0,
              407.0
            ],
            [
              454.0,
              406.0
            ],
            [
              453.0,
              406.0
            ],
            [
              453.0,
              405.0
            ],
            [
              452.0,
              405.0
            ],
            [
              452.0,
              404.0
            ],
            [
              451.0,
              404.0
            ],
            [
              451.0,
              403.0
            ],
            [
              450.0,
              403.0
            ],
            [
              450.0,
              402.0
            ],
            [
              448.0,
              402.0
            ],
            [
              448.0,
              401.0
            ],
            [
              441.0,
              401.0
            ],
            [
              441.0,
              400.0
            ],
            [
              438.0,
              400.0
            ],
            [
              438.0,
              401.0
            ],
            [
              437.0,
              401.0
            ],
            [
              437.0,
              400.0
            ],
            [
              434.0,
              400.0
            ],
            [
              434.0,
              399.0
            ],
            [
              433.0,
              399.0
            ],
            [
              433.0,
              398.0
            ],
            [
              430.0,
              398.0
            ],
            [
              430.0,
              397.0
            ],
            [
              429.0,
              397.0
            ],
            [
              429.0,
              392.0
            ],
            [
              428.0,
              392.0
            ],
            [
              428.0,
              390.0
            ],
            [
              426.0,
              390.0
            ],
            [
              426.0,
              389.0
            ],
            [
              425.0,
              389.0
            ],
            [
              425.0,
              388.0
            ],
            [
              423.0,
              388.0
            ],
            [
              423.0,
              386.0
            ],
            [
              424.0,
              386.0
            ],
            [
              424.0,
              383.0
            ],
            [
              423.0,
              383.0
            ],
            [
              423.0,
              377.0
            ],
            [
              421.0,
              377.0
            ],
            [
              421.0,
              375.0
            ],
            [
              420.0,
              375.0
            ],
            [
              420.0,
              374.0
            ],
            [
              417.0,
              374.0
            ],
            [
              417.0,
              373.0
            ],
            [
              414.0,
              373.0
            ],
            [
              414.0,
              375.0
            ],
            [
              412.0,
              375.0
            ],
            [
              412.0,
              376.0
            ],
            [
              410.0,
              376.0
            ],
            [
              410.0,
              377.0
            ],
            [
              405.0,
              377.0
            ],
            [
              405.0,
              376.0
            ],
            [
              403.0,
              376.0
            ],
            [
              403.0,
              375.0
            ],
            [
              402.0,
              375.0
            ],
            [
              402.0,
              373.0
            ],
            [
              404.0,
              373.0
            ],
            [
              404.0,
              372.0
            ],
            [
              405.0,
              372.0
            ],
            [
              405.0,
              371.0
            ],
            [
              406.0,
              371.0
            ],
            [
              406.0,
              370.0
            ],
            [
              405.0,
              370.0
            ],
            [
              405.0,
              369.0
            ],
            [
              404.0,
              369.0
            ],
            [
              404.0,
              368.0
            ],
            [
              403.0,
              368.0
            ],
            [
              403.0,
              367.0
            ],
            [
              401.0,
              367.0
            ],
            [
              401.0,
              366.0
            ],
            [
              398.0,
              366.0
            ],
            [
              398.0,
              365.0
            ],
            [
              396.0,
              365.0
            ],
            [
              396.0,
              364.0
            ],
            [
              394.0,
              364.0
            ],
            [
              394.0,
              363.0
            ],
            [
              392.0,
              363.0
            ],
            [
              392.0,
              362.0
            ],
            [
              390.0,
              362.0
            ],
            [
              390.0,
              361.0
            ],
            [
              389.0,
              361.0
            ],
            [
              389.0,
              360.0
            ],
            [
              387.0,
              360.0
            ],
            [
              387.0,
              359.0
            ],
            [
              386.0,
              359.0
            ],
            [
              386.0,
              358.0
            ],
            [
              384.0,
              358.0
            ],
            [
              384.0,
              357.0
            ],
            [
              383.0,
              357.0
            ],
            [
              383.0,
              356.0
            ],
            [
              382.0,
              356.0
            ],
            [
              382.0,
              354.0
            ],
            [
              381.0,
              354.0
            ],
            [
              381.0,
              353.0
            ],
            [
              380.0,
              353.0
            ],
            [
              380.0,
              348.0
            ],
            [
              381.0,
              348.0
            ],
            [
              381.0,
              346.0
            ],
            [
              382.0,
              346.0
            ],
            [
              382.0,
              345.0
            ],
            [
              383.0,
              345.0
            ],
            [
              383.0,
              344.0
            ],
            [
              385.0,
              344.0
            ],
            [
              385.0,
              343.0
            ],
            [
              387.0,
              343.0
            ],
            [
              387.0,
              342.0
            ],
            [
              389.0,
              342.0
            ],
            [
              389.0,
              341.0
            ],
            [
              391.0,
              341.0
            ],
            [
              391.0,
              340.0
            ],
            [
              405.0,
              340.0
            ],
            [
              405.0,
              341.0
            ],
            [
              407.0,
              341.0
            ],
            [
              407.0,
              342.0
            ],
            [
              408.0,
              342.0
            ],
            [
              408.0,
              349.0
            ],
            [
              409.0,
              349.0
            ],
            [
              409.0,
              351.0
            ],
            [
              410.0,
              351.0
            ],
            [
              410.0,
              355.0
            ],
            [
              411.0,
              355.0
            ],
            [
              411.0,
              358.0
            ],
            [
              410.0,
              358.0
            ],
            [
              410.0,
              361.0
            ],
            [
              409.0,
              361.0
            ],
            [
              409.0,
              362.0
            ],
            [
              410.0,
              362.0
            ],
            [
              410.0,
              363.0
            ],
            [
              411.0,
              363.0
            ],
            [
              411.0,
              364.0
            ],
            [
              417.0,
              364.0
            ],
            [
              417.0,
              365.0
            ],
            [
              418.0,
              365.0
            ],
            [
              418.0,
              366.0
            ],
            [
              423.0,
              366.0
            ],
            [
              423.0,
              364.0
            ],
            [
              425.0,
              364.0
            ],
            [
              425.0,
              365.0
            ],
            [
              431.0,
              365.0
            ],
            [
              431.0,
              364.0
            ],
            [
              434.0,
              364.0
            ],
            [
              434.0,
              363.0
            ],
            [
              435.0,
              363.0
            ],
            [
              435.0,
              361.0
            ],
            [
              442.0,
              361.0
            ],
            [
              442.0,
              362.0
            ],
            [
              443.0,
              362.0
            ],
            [
              443.0,
              363.0
            ],
            [
              444.0,
              363.0
            ],
            [
              444.0,
              364.0
            ],
            [
              445.0,
              364.0
            ],
            [
              445.0,
              365.0
            ],
            [
              446.0,
              365.0
            ],
            [
              446.0,
              366.0
            ],
            [
              447.0,
              366.0
            ],
            [
              447.0,
              367.0
            ],
            [
              451.0,
              367.0
            ],
            [
              451.0,
              366.0
            ],
            [
              453.0,
              366.0
            ],
            [
              453.0,
              364.0
            ],
            [
              454.0,
              364.0
            ],
            [
              454.0,
              367.0
            ],
            [
              455.0,
              367.0
            ],
            [
              455.0,
              368.0
            ],
            [
              456.0,
              368.0
            ],
            [
              456.0,
              369.0
            ],
            [
              457.0,
              369.0
            ],
            [
              457.0,
              361.0
            ],
            [
              454.0,
              361.0
            ],
            [
              454.0,
              359.0
            ],
            [
              453.0,
              359.0
            ],
            [
              453.0,
              358.0
            ],
            [
              452.0,
              358.0
            ],
            [
              452.0,
              357.0
            ],
            [
              451.0,
              357.0
            ],
            [
              451.0,
              356.0
            ],
            [
              447.0,
              356.0
            ],
            [
              447.0,
              357.0
            ],
            [
              442.0,
              357.0
            ],
            [
              442.0,
              356.0
            ],
            [
              440.0,
              356.0
            ],
            [
              440.0,
              355.0
            ],
            [
              438.0,
              355.0
            ],
            [
              438.0,
              356.0
            ],
            [
              436.0,
              356.0
            ],
            [
              436.0,
              355.0
            ],
            [
              434.0,
              355.0
            ],
            [
              434.0,
              354.0
            ],
            [
              433.0,
              354.0
            ],
            [
              433.0,
              355.0
            ],
            [
              430.0,
              355.0
            ],
            [
              430.0,
              356.0
            ],
            [
              423.0,
              356.0
            ],
            [
              423.0,
              355.0
            ],
            [
              422.0,
              355.0
            ],
            [
              422.0,
              356.0
            ],
            [
              421.0,
              356.0
            ],
            [
              421.0,
              357.0
            ],
            [
              420.0,
              357.0
            ],
            [
              420.0,
              359.0
            ],
            [
              418.0,
              359.0
            ],
            [
              418.0,
              356.0
            ],
            [
              419.0,
              356.0
            ],
            [
              419.0,
              355.0
            ],
            [
              418.0,
              355.0
            ],
            [
              418.0,
              353.0
            ],
            [
              417.0,
              353.0
            ],
            [
              417.0,
              349.0
            ],
            [
              418.0,
              349.0
            ],
            [
              418.0,
              348.0
            ],
            [
              420.0,
              348.0
            ],
            [
              420.0,
              349.0
            ],
            [
              424.0,
              349.0
            ],
            [
              424.0,
              348.0
            ],
            [
              431.0,
              348.0
            ],
            [
              431.0,
              347.0
            ],
            [
              433.0,
              347.0
            ],
            [
              433.0,
              345.0
            ],
            [
              438.0,
              345.0
            ],
            [
              438.0,
              344.0
            ],
            [
              439.0,
              344.0
            ],
            [
              439.0,
              343.0
            ],
            [
              438.0,
              343.0
            ],
            [
              438.0,
              340.0
            ],
            [
              439.0,
              340.0
            ],
            [
              439.0,
              339.0
            ],
            [
              440.0,
              339.0
            ],
            [
              440.0,
              338.0
            ],
            [
              442.0,
              338.0
            ],
            [
              442.0,
              337.0
            ],
            [
              443.0,
              337.0
            ],
            [
              443.0,
              336.0
            ],
            [
              445.0,
              336.0
            ],
            [
              445.0,
              334.0
            ],
            [
              446.0,
              334.0
            ],
            [
              446.0,
              333.0
            ],
            [
              447.0,
              333.0
            ],
            [
              447.0,
              332.0
            ],
            [
              449.0,
              332.0
            ],
            [
              449.0,
              333.0
            ],
            [
              451.0,
              333.0
            ],
            [
              451.0,
              332.0
            ],
            [
              452.0,
              332.0
            ],
            [
              452.0,
              331.0
            ],
            [
              451.0,
              331.0
            ],
            [
              451.0,
              329.0
            ],
            [
              449.0,
              329.0
            ],
            [
              449.0,
              327.0
            ],
            [
              447.0,
              327.0
            ],
            [
              447.0,
              326.0
            ],
            [
              446.0,
              326.0
            ],
            [
              446.0,
              325.0
            ],
            [
              445.0,
              325.0
            ],
            [
              445.0,
              323.0
            ],
            [
              444.0,
              323.0
            ],
            [
              444.0,
              321.0
            ],
            [
              445.0,
              321.0
            ],
            [
              445.0,
              320.0
            ],
            [
              448.0,
              320.0
            ],
            [
              448.0,
              319.0
            ],
            [
              449.0,
              319.0
            ],
            [
              449.0,
              317.0
            ],
            [
              448.0,
              317.0
            ],
            [
              448.0,
              313.0
            ],
            [
              449.0,
              313.0
            ],
            [
              449.0,
              309.0
            ],
            [
              448.0,
              309.0
            ],
            [
              448.0,
              306.0
            ],
            [
              449.0,
              306.0
            ],
            [
              449.0,
              304.0
            ],
            [
              450.0,
              304.0
            ],
            [
              450.0,
              296.0
            ],
            [
              451.0,
              296.0
            ],
            [
              451.0,
              292.0
            ],
            [
              450.0,
              292.0
            ],
            [
              450.0,
              291.0
            ],
            [
              451.0,
              291.0
            ],
            [
              451.0,
              288.0
            ],
            [
              452.0,
              288.0
            ],
            [
              452.0,
              286.0
            ],
            [
              453.0,
              286.0
            ],
            [
              453.0,
              283.0
            ],
            [
              454.0,
              283.0
            ],
            [
              454.0,
              282.0
            ],
            [
              455.0,
              282.0
            ],
            [
              455.0,
              277.0
            ],
            [
              456.0,
              277.0
            ],
            [
              456.0,
              276.0
            ],
            [
              457.0,
              276.0
            ],
            [
              457.0,
              274.0
            ],
            [
              458.0,
              274.0
            ],
            [
              458.0,
              271.0
            ],
            [
              459.0,
              271.0
            ],
            [
              459.0,
              267.0
            ],
            [
              460.0,
              267.0
            ],
            [
              460.0,
              265.0
            ],
            [
              461.0,
              265.0
            ],
            [
              461.0,
              255.0
            ],
            [
              462.0,
              255.0
            ],
            [
              462.0,
              251.0
            ],
            [
              463.0,
              251.0
            ],
            [
              463.0,
              247.0
            ],
            [
              470.0,
              247.0
            ],
            [
              470.0,
              248.0
            ],
            [
              472.0,
              248.0
            ],
            [
              472.0,
              249.0
            ],
            [
              473.0,
              249.0
            ],
            [
              473.0,
              248.0
            ],
            [
              480.0,
              248.0
            ],
            [
              480.0,
              247.0
            ],
            [
              484.0,
              247.0
            ],
            [
              484.0,
              246.0
            ],
            [
              489.0,
              246.0
            ],
            [
              489.0,
              245.0
            ],
            [
              490.0,
              245.0
            ],
            [
              490.0,
              244.0
            ],
            [
              491.0,
              244.0
            ],
            [
              491.0,
              243.0
            ],
            [
              492.0,
              243.0
            ],
            [
              492.0,
              242.0
            ],
            [
              493.0,
              242.0
            ],
            [
              493.0,
              239.0
            ],
            [
              494.0,
              239.0
            ],
            [
              494.0,
              238.0
            ],
            [
              493.0,
              238.0
            ],
            [
              493.0,
              235.0
            ],
            [
              494.0,
              235.0
            ],
            [
              494.0,
              232.0
            ],
            [
              493.0,
              232.0
            ],
            [
              493.0,
              230.0
            ],
            [
              491.0,
              230.0
            ],
            [
              491.0,
              229.0
            ],
            [
              489.0,
              229.0
            ],
            [
              489.0,
              228.0
            ],
            [
              483.0,
              228.0
            ],
            [
              483.0,
              227.0
            ],
            [
              480.0,
              227.0
            ],
            [
              480.0,
              226.0
            ],
            [
              477.0,
              226.0
            ],
            [
              477.0,
              225.0
            ],
            [
              475.0,
              225.0
            ],
            [
              475.0,
              224.0
            ],
            [
              467.0,
              224.0
            ],
            [
              467.0,
              223.0
            ],
            [
              464.0,
              223.0
            ],
            [
              464.0,
              222.0
            ],
            [
              461.0,
              222.0
            ],
            [
              461.0,
              223.0
            ],
            [
              459.0,
              223.0
            ],
            [
              459.0,
              224.0
            ],
            [
              458.0,
              224.0
            ],
            [
              458.0,
              225.0
            ],
            [
              457.0,
              225.0
            ],
            [
              457.0,
              226.0
            ],
            [
              456.0,
              226.0
            ],
            [
              456.0,
              227.0
            ],
            [
              455.0,
              227.0
            ],
            [
              455.0,
              228.0
            ],
            [
              454.0,
              228.0
            ],
            [
              454.0,
              229.0
            ],
            [
              450.0,
              229.0
            ],
            [
              450.0,
              228.0
            ],
            [
              448.0,
              228.0
            ],
            [
              448.0,
              227.0
            ],
            [
              446.0,
              227.0
            ],
            [
              446.0,
              226.0
            ],
            [
              445.0,
              226.0
            ],
            [
              445.0,
              225.0
            ],
            [
              444.0,
              225.0
            ],
            [
              444.0,
              222.0
            ],
            [
              445.0,
              222.0
            ],
            [
              445.0,
              221.0
            ],
            [
              446.0,
              221.0
            ],
            [
              446.0,
              222.0
            ],
            [
              450.0,
              222.0
            ],
            [
              450.0,
              221.0
            ],
            [
              451.0,
              221.0
            ],
            [
              451.0,
              220.0
            ],
            [
              452.0,
              220.0
            ],
            [
              452.0,
              218.0
            ],
            [
              451.0,
              218.0
            ],
            [
              451.0,
              217.0
            ],
            [
              450.0,
              217.0
            ],
            [
              450.0,
              216.0
            ],
            [
              448.0,
              216.0
            ],
            [
              448.0,
              215.0
            ],
            [
              447.0,
              215.0
            ],
            [
              447.0,
              214.0
            ],
            [
              446.0,
              214.0
            ],
            [
              446.0,
              213.0
            ],
            [
              444.0,
              213.0
            ],
            [
              444.0,
              212.0
            ],
            [
              443.0,
              212.0
            ],
            [
              443.0,
              211.0
            ],
            [
              442.0,
              211.0
            ],
            [
              442.0,
              210.0
            ],
            [
              434.0,
              210.0
            ],
            [
              434.0,
              211.0
            ],
            [
              433.0,
              211.0
            ],
            [
              433.0,
              212.0
            ],
            [
              431.0,
              212.0
            ],
            [
              431.0,
              213.0
            ],
            [
              425.0,
              213.0
            ],
            [
              425.0,
              212.0
            ],
            [
              424.0,
              212.0
            ],
            [
              424.0,
              210.0
            ],
            [
              423.0,
              210.0
            ],
            [
              423.0,
              209.0
            ],
            [
              421.0,
              209.0
            ],
            [
              421.0,
              208.0
            ],
            [
              419.0,
              208.0
            ],
            [
              419.0,
              207.0
            ],
            [
              417.0,
              207.0
            ],
            [
              417.0,
              203.0
            ],
            [
              418.0,
              203.0
            ],
            [
              418.0,
              202.0
            ],
            [
              417.0,
              202.0
            ],
            [
              417.0,
              201.0
            ],
            [
              420.0,
              201.0
            ],
            [
              420.0,
              200.0
            ],
            [
              421.0,
              200.0
            ],
            [
              421.0,
              198.0
            ],
            [
              420.0,
              198.0
            ],
            [
              420.0,
              197.0
            ],
            [
              421.0,
              197.0
            ],
            [
              421.0,
              196.0
            ],
            [
              415.0,
              196.0
            ],
            [
              415.0,
              197.0
            ],
            [
              414.0,
              197.0
            ],
            [
              414.0,
              198.0
            ],
            [
              413.0,
              198.0
            ],
            [
              413.0,
              201.0
            ],
            [
              415.0,
              201.0
            ],
            [
              415.0,
              204.0
            ],
            [
              413.0,
              204.0
            ],
            [
              413.0,
              208.0
            ],
            [
              414.0,
              208.0
            ],
            [
              414.0,
              209.0
            ],
            [
              413.0,
              209.0
            ],
            [
              413.0,
              210.0
            ],
            [
              411.0,
              210.0
            ],
            [
              411.0,
              212.0
            ],
            [
              410.0,
              212.0
            ],
            [
              410.0,
              213.0
            ],
            [
              409.0,
              213.0
            ],
            [
              409.0,
              214.0
            ],
            [
              406.0,
              214.0
            ],
            [
              406.0,
              215.0
            ],
            [
              399.0,
              215.0
            ],
            [
              399.0,
              216.0
            ],
            [
              397.0,
              216.0
            ],
            [
              397.0,
              217.0
            ],
            [
              396.0,
              217.0
            ],
            [
              396.0,
              218.0
            ],
            [
              395.0,
              218.0
            ],
            [
              395.0,
              219.0
            ],
            [
              393.0,
              219.0
            ],
            [
              393.0,
              220.0
            ],
            [
              392.0,
              220.0
            ],
            [
              392.0,
              221.0
            ],
            [
              389.0,
              221.0
            ],
            [
              389.0,
              219.0
            ],
            [
              388.0,
              219.0
            ],
            [
              388.0,
              218.0
            ],
            [
              386.0,
              218.0
            ],
            [
              386.0,
              217.0
            ],
            [
              385.0,
              217.0
            ],
            [
              385.0,
              216.0
            ],
            [
              386.0,
              216.0
            ],
            [
              386.0,
              214.0
            ],
            [
              385.0,
              214.0
            ],
            [
              385.0,
              213.0
            ],
            [
              383.0,
              213.0
            ],
            [
              383.0,
              212.0
            ],
            [
              379.0,
              212.0
            ],
            [
              379.0,
              211.0
            ],
            [
              378.0,
              211.0
            ],
            [
              378.0,
              210.0
            ],
            [
              377.0,
              210.0
            ],
            [
              377.0,
              209.0
            ],
            [
              375.0,
              209.0
            ],
            [
              375.0,
              208.0
            ],
            [
              373.0,
              208.0
            ],
            [
              373.0,
              207.0
            ],
            [
              372.0,
              207.0
            ],
            [
              372.0,
              206.0
            ],
            [
              371.0,
              206.0
            ],
            [
              371.0,
              205.0
            ],
            [
              370.0,
              205.0
            ],
            [
              370.0,
              204.0
            ],
            [
              369.0,
              204.0
            ],
            [
              369.0,
              200.0
            ],
            [
              368.0,
              200.0
            ],
            [
              368.0,
              199.0
            ],
            [
              367.0,
              199.0
            ],
            [
              367.0,
              198.0
            ],
            [
              364.0,
              198.0
            ],
            [
              364.0,
              197.0
            ],
            [
              362.0,
              197.0
            ],
            [
              362.0,
              196.0
            ],
            [
              357.0,
              196.0
            ],
            [
              357.0,
              195.0
            ],
            [
              354.0,
              195.0
            ],
            [
              354.0,
              194.0
            ],
            [
              346.0,
              194.0
            ],
            [
              346.0,
              193.0
            ],
            [
              341.0,
              193.0
            ],
            [
              341.0,
              192.0
            ],
            [
              335.0,
              192.0
            ]
          ],
          [
            [
              308.0,
              228.0
            ],
            [
              315.0,
              228.0
            ],
            [
              315.0,
              229.0
            ],
            [
              317.0,
              229.0
            ],
            [
              317.0,
              230.0
            ],
            [
              322.0,
              230.0
            ],
            [
              322.0,
              231.0
            ],
            [
              323.0,
              231.0
            ],
            [
              323.0,
              230.0
            ],
            [
              328.0,
              230.0
            ],
            [
              328.0,
              231.0
            ],
            [
              332.0,
              231.0
            ],
            [
              332.0,
              232.0
            ],
            [
              334.0,
              232.0
            ],
            [
              334.0,
              233.0
            ],
            [
              337.0,
              233.0
            ],
            [
              337.0,
              234.0
            ],
            [
              341.0,
              234.0
            ],
            [
              341.0,
              235.0
            ],
            [
              343.0,
              235.0
            ],
            [
              343.0,
              236.0
            ],
            [
              346.0,
              236.0
            ],
            [
              346.0,
              237.0
            ],
            [
              350.0,
              237.0
            ],
            [
              350.0,
              238.0
            ],
            [
              353.0,
              238.0
            ],
            [
              353.0,
              239.0
            ],
            [
              354.0,
              239.0
            ],
            [
              354.0,
              240.0
            ],
            [
              355.0,
              240.0
            ],
            [
              355.0,
              242.0
            ],
            [
              354.0,
              242.0
            ],
            [
              354.0,
              243.0
            ],
            [
              351.0,
              243.0
            ],
            [
              351.0,
              244.0
            ],
            [
              350.0,
              244.0
            ],
            [
              350.0,
              245.0
            ],
            [
              348.0,
              245.0
            ],
            [
              348.0,
              244.0
            ],
            [
              345.0,
              244.0
            ],
            [
              345.0,
              243.0
            ],
            [
              342.0,
              243.0
            ],
            [
              342.0,
              244.0
            ],
            [
              335.0,
              244.0
            ],
            [
              335.0,
              245.0
            ],
            [
              326.0,
              245.0
            ],
            [
              326.0,
              246.0
            ],
            [
              322.0,
              246.0
            ],
            [
              322.0,
              247.0
            ],
            [
              320.0,
              247.0
            ],
            [
              320.0,
              248.0
            ],
            [
              317.0,
              248.0
            ],
            [
              317.0,
              249.0
            ],
            [
              315.0,
              249.0
            ],
            [
              315.0,
              250.0
            ],
            [
              311.0,
              250.0
            ],
            [
              311.0,
              249.0
            ],
            [
              310.0,
              249.0
            ],
            [
              310.0,
              248.0
            ],
            [
              309.0,
              248.0
            ],
            [
              309.0,
              247.0
            ],
            [
              308.0,
              247.0
            ],
            [
              308.0,
              243.0
            ],
            [
              307.0,
              243.0
            ],
            [
              307.0,
              241.0
            ],
            [
              306.0,
              241.0
            ],
            [
              306.0,
              238.0
            ],
            [
              305.0,
              238.0
            ],
            [
              305.0,
              235.0
            ],
            [
              304.0,
              235.0
            ],
            [
              304.0,
              233.0
            ],
            [
              303.0,
              233.0
            ],
            [
              303.0,
              232.0
            ],
            [
              304.0,
              232.0
            ],
            [
              304.0,
              230.0
            ],
            [
              305.0,
              230.0
            ],
            [
              305.0,
              229.0
            ],
            [
              308.0,
              229.0
            ],
            [
              308.0,
              228.0
            ]
          ],
          [
            [
              358.0,
              241.0
            ],
            [
              360.0,
              241.0
            ],
            [
              360.0,
              246.0
            ],
            [
              358.0,
              246.0
            ],
            [
              358.0,
              245.0
            ],
            [
              357.0,
              245.0
            ],
            [
              357.0,
              244.0
            ],
            [
              356.0,
              244.0
            ],
            [
              356.0,
              242.0
            ],
            [
              358.0,
              242.0
            ],
            [
              358.0,
              241.0
            ]
          ],
          [
            [
              267.0,
              242.0
            ],
            [
              268.0,
              242.0
            ],
            [
              268.0,
              243.0
            ],
            [
              267.0,
              243.0
            ],
            [
              267.0,
              242.0
            ]
          ],
          [
            [
              243.0,
              289.0
            ],
            [
              246.0,
              289.0
            ],
            [
              246.0,
              293.0
            ],
            [
              245.0,
              293.0
            ],
            [
              245.0,
              295.0
            ],
            [
              244.0,
              295.0
            ],
            [
              244.0,
              296.0
            ],
            [
              242.0,
              296.0
            ],
            [
              242.0,
              295.0
            ],
            [
              241.0,
              295.0
            ],
            [
              241.0,
              294.0
            ],
            [
              240.0,
              294.0
            ],
            [
              240.0,
              291.0
            ],
            [
              242.0,
              291.0
            ],
            [
              242.0,
              290.0
            ],
            [
              243.0,
              290.0
            ],
            [
              243.0,
              289.0
            ]
          ],
          [
            [
              236.0,
              292.0
            ],
            [
              238.0,
              292.0
            ],
            [
              238.0,
              293.0
            ],
            [
              239.0,
              293.0
            ],
            [
              239.0,
              294.0
            ],
            [
              238.0,
              294.0
            ],
            [
              238.0,
              295.0
            ],
            [
              237.0,
              295.0
            ],
            [
              237.0,
              294.0
            ],
            [
              236.0,
              294.0
            ],
            [
              236.0,
              292.0
            ]
          ],
          [
            [
              242.0,
              307.0
            ],
            [
              243.0,
              307.0
            ],
            [
              243.0,
              308.0
            ],
            [
              242.0,
              308.0
            ],
            [
              242.0,
              307.0
            ]
          ],
          [
            [
              454.0,
              363.0
            ],
            [
              456.0,
              363.0
            ],
            [
              456.0,
              365.0
            ],
            [
              455.0,
              365.0
            ],
            [
              455.0,
              364.0
            ],
            [
              454.0,
              364.0
            ],
            [
              454.0,
              363.0
            ]
          ],
          [
            [
              419.0,
              376.0
            ],
            [
              420.0,
              376.0
            ],
            [
              420.0,
              378.0
            ],
            [
              419.0,
              378.0
            ],
            [
              419.0,
              376.0
            ]
          ],
          [
            [
              412.0,
              377.0
            ],
            [
              413.0,
              377.0
            ],
            [
              413.0,
              378.0
            ],
            [
              412.0,
              378.0
            ],
            [
              412.0,
              377.0
            ]
          ],
          [
            [
              317.0,
              471.0
            ],
            [
              322.0,
              471.0
            ],
            [
              322.0,
              472.0
            ],
            [
              323.0,
              472.0
            ],
            [
              323.0,
              473.0
            ],
            [
              324.0,
              473.0
            ],
            [
              324.0,
              475.0
            ],
            [
              325.0,
              475.0
            ],
            [
              325.0,
              477.0
            ],
            [
              326.0,
              477.0
            ],
            [
              326.0,
              483.0
            ],
            [
              325.0,
              483.0
            ],
            [
              325.0,
              485.0
            ],
            [
              324.0,
              485.0
            ],
            [
              324.0,
              487.0
            ],
            [
              323.0,
              487.0
            ],
            [
              323.0,
              488.0
            ],
            [
              322.0,
              488.0
            ],
            [
              322.0,
              489.0
            ],
            [
              306.0,
              489.0
            ],
            [
              306.0,
              488.0
            ],
            [
              303.0,
              488.0
            ],
            [
              303.0,
              487.0
            ],
            [
              302.0,
              487.0
            ],
            [
              302.0,
              485.0
            ],
            [
              303.0,
              485.0
            ],
            [
              303.0,
              483.0
            ],
            [
              304.0,
              483.0
            ],
            [
              304.0,
              482.0
            ],
            [
              305.0,
              482.0
            ],
            [
              305.0,
              481.0
            ],
            [
              306.0,
              481.0
            ],
            [
              306.0,
              480.0
            ],
            [
              307.0,
              480.0
            ],
            [
              307.0,
              478.0
            ],
            [
              309.0,
              478.0
            ],
            [
              309.0,
              477.0
            ],
            [
              310.0,
              477.0
            ],
            [
              310.0,
              476.0
            ],
            [
              311.0,
              476.0
            ],
            [
              311.0,
              475.0
            ],
            [
              312.0,
              475.0
            ],
            [
              312.0,
              474.0
            ],
            [
              313.0,
              474.0
            ],
            [
              313.0,
              473.0
            ],
            [
              315.0,
              473.0
            ],
            [
              315.0,
              472.0
            ],
            [
              317.0,
              472.0
            ],
            [
              317.0,
              471.0
            ]
          ],
          [
            [
              272.0,
              489.0
            ],
            [
              274.0,
              489.0
            ],
            [
              274.0,
              490.0
            ],
            [
              276.0,
              490.0
            ],
            [
              276.0,
              489.0
            ],
            [
              278.0,
              489.0
            ],
            [
              278.0,
              490.0
            ],
            [
              288.0,
              490.0
            ],
            [
              288.0,
              489.0
            ],
            [
              295.0,
              489.0
            ],
            [
              295.0,
              490.0
            ],
            [
              296.0,
              490.0
            ],
            [
              296.0,
              496.0
            ],
            [
              295.0,
              496.0
            ],
            [
              295.0,
              498.0
            ],
            [
              275.0,
              498.0
            ],
            [
              275.0,
              499.0
            ],
            [
              271.0,
              499.0
            ],
            [
              271.0,
              498.0
            ],
            [
              269.0,
              498.0
            ],
            [
              269.0,
              500.0
            ],
            [
              265.0,
              500.0
            ],
            [
              265.0,
              499.0
            ],
            [
              266.0,
              499.0
            ],
            [
              266.0,
              498.0
            ],
            [
              265.0,
              498.0
            ],
            [
              265.0,
              496.0
            ],
            [
              268.0,
              496.0
            ],
            [
              268.0,
              495.0
            ],
            [
              269.0,
              495.0
            ],
            [
              269.0,
              493.0
            ],
            [
              270.0,
              493.0
            ],
            [
              270.0,
              490.0
            ],
            [
              272.0,
              490.0
            ],
            [
              272.0,
              489.0
            ]
          ],
          [
            [
              260.0,
              496.0
            ],
            [
              261.0,
              496.0
            ],
            [
              261.0,
              497.0
            ],
            [
              260.0,
              497.0
            ],
            [
              260.0,
              496.0
            ]
          ]
        ]
      }
    },
    {
      "type": "Feature",
      "properties": {
        "feature_id": 25,
        "feature_type": "detected_region",
        "area_pixel2": 1.0,
        "review_status": "pending",
        "confidence": null
      },
      "geometry": {
        "type": "Polygon",
        "coordinates": [
          [
            [
              511.0,
              511.0
            ],
            [
              511.0,
              512.0
            ],
            [
              512.0,
              512.0
            ],
            [
              512.0,
              511.0
            ],
            [
              511.0,
              511.0
            ]
          ]
        ]
      }
    }
  ]
}